2025-07-29 08:45:35,422 [INFO] Activator:176 - 


2025-07-29 08:45:35,423 [INFO] Activator:177 - !SESSION log4j initialized
2025-07-29 08:45:37,733 [INFO] LogOutputStream:77 - [STDOUT_REDIRECT] 
2025-07-29 08:45:39,188 [INFO] ApplicationProperties:184 - Using Application install path: C:\ST\STM32CubeIDE_1.17.0\STM32CubeIDE\plugins\com.st.stm32cube.common.mx_6.15.0.202507011659
2025-07-29 08:45:39,205 [INFO] DbMcusXml:78 - Set database path to: C:\ST\STM32CubeIDE_1.17.0\STM32CubeIDE\plugins\com.st.stm32cube.common.mx_6.15.0.202507011659\\db\/mcu/
2025-07-29 08:45:39,206 [INFO] ApiDb:274 - Set plugin database path to: C:\ST\STM32CubeIDE_1.17.0\STM32CubeIDE\plugins\com.st.stm32cube.common.mx_6.15.0.202507011659\\db\/plugins/boardmanager/
2025-07-29 08:45:39,207 [WARN] ApiDb:259 - Overriding images path with different value:  => C:\ST\STM32CubeIDE_1.17.0\STM32CubeIDE\plugins\com.st.stm32cube.common.mx_6.15.0.202507011659\\db\/plugins/mcufinder/images/
2025-07-29 08:45:39,212 [INFO] ApiDb:250 - Set database path to: C:\Users\guan-ming.dennis-won\.stmcufinder\plugins\mcufinder//mcu/
2025-07-29 08:45:39,214 [INFO] DbMcusAds:125 - Set database path to: C:\Users\guan-ming.dennis-won\.stmcufinder\plugins\mcufinder//mcu/
2025-07-29 08:45:39,217 [INFO] CrossReferenceDbSqlite:203 - Set database path to: C:\Users\guan-ming.dennis-won\.stmcufinder\plugins\mcufinder//mcu/cs/
2025-07-29 08:45:39,352 [INFO] RulesReader:64 - Compatibility file has been processed (317 Rules)
2025-07-29 08:45:39,450 [INFO] DbMcusXml:78 - Set database path to: C:\ST\STM32CubeIDE_1.17.0\STM32CubeIDE\plugins\com.st.stm32cube.common.mx_6.15.0.202507011659\\db\/mcu/
2025-07-29 08:45:39,450 [INFO] ApiDb:274 - Set plugin database path to: C:\ST\STM32CubeIDE_1.17.0\STM32CubeIDE\plugins\com.st.stm32cube.common.mx_6.15.0.202507011659\\db\/plugins/boardmanager/
2025-07-29 08:45:39,450 [INFO] ApiDb:261 - Set plugin images path to: C:\ST\STM32CubeIDE_1.17.0\STM32CubeIDE\plugins\com.st.stm32cube.common.mx_6.15.0.202507011659\\db\/plugins/mcufinder/images/
2025-07-29 08:45:39,450 [WARN] DbFile:41 - Overriding database path with different value: C:\Users\guan-ming.dennis-won\.stmcufinder\plugins\mcufinder/ => C:\Users\guan-ming.dennis-won\.stmcufinder\plugins\mcufinder
2025-07-29 08:45:39,451 [INFO] ApiDb:250 - Set database path to: C:\Users\guan-ming.dennis-won\.stmcufinder\plugins\mcufinder//mcu/
2025-07-29 08:45:39,451 [WARN] DbFile:41 - Overriding database path with different value: C:\Users\guan-ming.dennis-won\.stmcufinder\plugins\mcufinder/ => C:\Users\guan-ming.dennis-won\.stmcufinder\plugins\mcufinder
2025-07-29 08:45:39,451 [INFO] DbMcusAds:125 - Set database path to: C:\Users\guan-ming.dennis-won\.stmcufinder\plugins\mcufinder//mcu/
2025-07-29 08:45:39,451 [WARN] DbFile:41 - Overriding database path with different value: C:\Users\guan-ming.dennis-won\.stmcufinder\plugins\mcufinder/ => C:\Users\guan-ming.dennis-won\.stmcufinder\plugins\mcufinder
2025-07-29 08:45:39,451 [WARN] DbFile:41 - Overriding database path with different value: C:\Users\guan-ming.dennis-won\.stmcufinder\plugins\mcufinder/ => C:\Users\guan-ming.dennis-won\.stmcufinder\plugins\mcufinder
2025-07-29 08:45:39,451 [INFO] CrossReferenceDbSqlite:203 - Set database path to: C:\Users\guan-ming.dennis-won\.stmcufinder\plugins\mcufinder//mcu/cs/
2025-07-29 08:45:39,525 [INFO] MainPanel:274 - HeapMemory: 268435456
2025-07-29 08:45:39,596 [INFO] DbMcusXml:78 - Set database path to: C:\ST\STM32CubeIDE_1.17.0\STM32CubeIDE\plugins\com.st.stm32cube.common.mx_6.15.0.202507011659\\db\/mcu/
2025-07-29 08:45:39,597 [INFO] ApiDb:274 - Set plugin database path to: C:\ST\STM32CubeIDE_1.17.0\STM32CubeIDE\plugins\com.st.stm32cube.common.mx_6.15.0.202507011659\\db\/plugins/boardmanager/
2025-07-29 08:45:39,597 [INFO] ApiDb:261 - Set plugin images path to: C:\ST\STM32CubeIDE_1.17.0\STM32CubeIDE\plugins\com.st.stm32cube.common.mx_6.15.0.202507011659\\db\/plugins/mcufinder/images/
2025-07-29 08:45:39,597 [WARN] DbFile:41 - Overriding database path with different value: C:\Users\guan-ming.dennis-won\.stmcufinder\plugins\mcufinder/ => C:\Users\guan-ming.dennis-won\.stmcufinder\plugins\mcufinder
2025-07-29 08:45:39,597 [INFO] ApiDb:250 - Set database path to: C:\Users\guan-ming.dennis-won\.stmcufinder\plugins\mcufinder//mcu/
2025-07-29 08:45:39,597 [WARN] DbFile:41 - Overriding database path with different value: C:\Users\guan-ming.dennis-won\.stmcufinder\plugins\mcufinder/ => C:\Users\guan-ming.dennis-won\.stmcufinder\plugins\mcufinder
2025-07-29 08:45:39,597 [INFO] DbMcusAds:125 - Set database path to: C:\Users\guan-ming.dennis-won\.stmcufinder\plugins\mcufinder//mcu/
2025-07-29 08:45:39,597 [WARN] DbFile:41 - Overriding database path with different value: C:\Users\guan-ming.dennis-won\.stmcufinder\plugins\mcufinder/ => C:\Users\guan-ming.dennis-won\.stmcufinder\plugins\mcufinder
2025-07-29 08:45:39,597 [WARN] DbFile:41 - Overriding database path with different value: C:\Users\guan-ming.dennis-won\.stmcufinder\plugins\mcufinder/ => C:\Users\guan-ming.dennis-won\.stmcufinder\plugins\mcufinder
2025-07-29 08:45:39,597 [INFO] CrossReferenceDbSqlite:203 - Set database path to: C:\Users\guan-ming.dennis-won\.stmcufinder\plugins\mcufinder//mcu/cs/
2025-07-29 08:45:39,616 [INFO] ApplicationProperties:184 - Using Application install path: C:\ST\STM32CubeIDE_1.17.0\STM32CubeIDE\plugins\com.st.stm32cube.common.mx_6.15.0.202507011659
2025-07-29 08:45:39,617 [INFO] PluginManage:196 - Search for loadable plugins [exclusion list=, ]
2025-07-29 08:45:39,618 [INFO] PluginManage:310 - Check plugin analytics
2025-07-29 08:45:39,826 [INFO] AnalyticsPlugin:253 - Accepted Software Licenses: 
2025-07-29 08:45:39,826 [INFO] AnalyticsPlugin:255 - Accepted CMSIS Pack Licenses: 
2025-07-29 08:45:39,826 [INFO] AnalyticsPlugin:257 - Accepted Firmware Licenses: FW.H7.1.11.0,FW.H7.1.12.0,FW.G0.1.6.0
2025-07-29 08:45:39,829 [INFO] PluginManage:359 - Loaded plugin analytics (category:tool,tabindex:-1)
2025-07-29 08:45:39,830 [INFO] PluginManage:310 - Check plugin cadmodel
2025-07-29 08:45:39,835 [INFO] CADModel:105 - Init CAD model plugin
2025-07-29 08:45:39,836 [INFO] PluginManage:359 - Loaded plugin cadmodel (category:power,tabindex:5)
2025-07-29 08:45:39,836 [INFO] PluginManage:310 - Check plugin clock
2025-07-29 08:45:39,847 [INFO] PluginManage:359 - Loaded plugin clock (category:base,tabindex:2)
2025-07-29 08:45:39,848 [INFO] PluginManage:310 - Check plugin ddr
2025-07-29 08:45:39,862 [INFO] PluginManage:359 - Loaded plugin ddr (category:tool,tabindex:6)
2025-07-29 08:45:39,863 [INFO] PluginManage:310 - Check plugin filemanager
2025-07-29 08:45:39,994 [INFO] PluginManage:359 - Loaded plugin filemanager (category:base,tabindex:10)
2025-07-29 08:45:39,994 [INFO] PluginManage:310 - Check plugin ipmanager
2025-07-29 08:45:40,002 [INFO] PluginManage:359 - Loaded plugin ipmanager (category:base,tabindex:5)
2025-07-29 08:45:40,003 [INFO] PluginManage:310 - Check plugin lpbam
2025-07-29 08:45:40,010 [INFO] PluginManage:359 - Loaded plugin lpbam (category:base,tabindex:0)
2025-07-29 08:45:40,011 [INFO] PluginManage:310 - Check plugin memorymap
2025-07-29 08:45:40,021 [INFO] PluginManage:359 - Loaded plugin memorymap (category:base,tabindex:4)
2025-07-29 08:45:40,021 [INFO] PluginManage:310 - Check plugin pinoutandconfiguration
2025-07-29 08:45:40,028 [INFO] PluginManage:359 - Loaded plugin pinoutandconfiguration (category:base,tabindex:1)
2025-07-29 08:45:40,028 [INFO] PluginManage:310 - Check plugin pinoutconfig
2025-07-29 08:45:40,098 [WARN] SupportedApi:132 - Cannot load RTOS API schema: s4s-elt-must-match.1: The content of 'definitions' must match (annotation?, (simpleType | complexType)?, (unique | key | keyref)*)). A problem was found starting at: attribute.
2025-07-29 08:45:40,210 [INFO] PluginManage:359 - Loaded plugin pinoutconfig (category:base,tabindex:0)
2025-07-29 08:45:40,210 [INFO] PluginManage:310 - Check plugin power
2025-07-29 08:45:40,220 [INFO] PluginManage:359 - Loaded plugin power (category:power,tabindex:4)
2025-07-29 08:45:40,220 [INFO] PluginManage:310 - Check plugin projectmanager
2025-07-29 08:45:40,235 [INFO] PluginManage:359 - Loaded plugin projectmanager (category:projectmanager,tabindex:4)
2025-07-29 08:45:40,236 [INFO] PluginManage:310 - Check plugin rif
2025-07-29 08:45:40,244 [INFO] PluginManage:359 - Loaded plugin rif (category:base,tabindex:3)
2025-07-29 08:45:40,244 [INFO] PluginManage:310 - Check plugin thirdparty
2025-07-29 08:45:40,373 [INFO] PluginManage:359 - Loaded plugin thirdparty (category:base,tabindex:-1)
2025-07-29 08:45:40,373 [INFO] PluginManage:310 - Check plugin tools
2025-07-29 08:45:40,373 [WARN] IntegrityCheckThread:84 - waiting for thirdparty lock release [integrity check]
2025-07-29 08:45:40,373 [INFO] IntegrityCheckThread:86 - entering critical section [integrity check]
2025-07-29 08:45:40,374 [INFO] ThirdPartyUpdaterWithRetryManager:70 - Updater plugin not ready yet. [1/15]
2025-07-29 08:45:40,376 [INFO] PluginManage:359 - Loaded plugin tools (category:base,tabindex:7)
2025-07-29 08:45:40,376 [INFO] PluginManage:310 - Check plugin tutovideos
2025-07-29 08:45:40,517 [INFO] PluginManage:359 - Loaded plugin tutovideos (category:base,tabindex:-1)
2025-07-29 08:45:40,517 [INFO] PluginManage:310 - Check plugin updater
2025-07-29 08:45:40,535 [INFO] PluginManage:359 - Loaded plugin updater (category:base,tabindex:12)
2025-07-29 08:45:40,535 [INFO] PluginManage:310 - Check plugin userauth
2025-07-29 08:45:40,539 [INFO] UserAuth:118 - Init User Auth plugin
2025-07-29 08:45:40,540 [INFO] PluginManage:359 - Loaded plugin userauth (category:base,tabindex:14)
2025-07-29 08:45:40,541 [INFO] PluginManage:283 - PluginManage : Loaded plugins [18]
2025-07-29 08:45:40,749 [INFO] PinOutPanel:1589 - setPackage(No Configuration,No Configuration)
2025-07-29 08:45:40,832 [INFO] CADModel:165 - CPN selected for project level
2025-07-29 08:45:40,832 [INFO] CADModel:114 - Register for checkConnection events
2025-07-29 08:45:40,845 [INFO] IPUIPlugin:80 - create IPUIPlugin
2025-07-29 08:45:40,845 [INFO] PluginManager:220 - loadIPPluginJar : add adc
2025-07-29 08:45:40,847 [INFO] IPUIPlugin:80 - create IPUIPlugin
2025-07-29 08:45:40,847 [INFO] PluginManager:220 - loadIPPluginJar : add aes
2025-07-29 08:45:40,849 [INFO] IPUIPlugin:80 - create IPUIPlugin
2025-07-29 08:45:40,849 [INFO] PluginManager:220 - loadIPPluginJar : add can
2025-07-29 08:45:40,851 [INFO] IPUIPlugin:80 - create IPUIPlugin
2025-07-29 08:45:40,851 [INFO] PluginManager:220 - loadIPPluginJar : add comp
2025-07-29 08:45:40,854 [INFO] IPUIPlugin:80 - create IPUIPlugin
2025-07-29 08:45:40,855 [INFO] PluginManager:220 - loadIPPluginJar : add cryp
2025-07-29 08:45:40,857 [INFO] IPUIPlugin:80 - create IPUIPlugin
2025-07-29 08:45:40,857 [INFO] PluginManager:220 - loadIPPluginJar : add ddr_ctrl_phy
2025-07-29 08:45:40,859 [INFO] IPUIPlugin:80 - create IPUIPlugin
2025-07-29 08:45:40,859 [INFO] PluginManager:220 - loadIPPluginJar : add dfsdm
2025-07-29 08:45:40,863 [INFO] IPUIPlugin:80 - create IPUIPlugin
2025-07-29 08:45:40,864 [INFO] PluginManager:220 - loadIPPluginJar : add dma
2025-07-29 08:45:40,867 [INFO] IPUIPlugin:80 - create IPUIPlugin
2025-07-29 08:45:40,868 [INFO] PluginManager:220 - loadIPPluginJar : add dma3
2025-07-29 08:45:40,871 [INFO] IPUIPlugin:80 - create IPUIPlugin
2025-07-29 08:45:40,871 [INFO] PluginManager:220 - loadIPPluginJar : add extmemmanager
2025-07-29 08:45:40,872 [INFO] IPUIPlugin:80 - create IPUIPlugin
2025-07-29 08:45:40,873 [INFO] PluginManager:220 - loadIPPluginJar : add fatfs
2025-07-29 08:45:40,876 [INFO] IPUIPlugin:80 - create IPUIPlugin
2025-07-29 08:45:40,876 [INFO] PluginManager:220 - loadIPPluginJar : add fmc
2025-07-29 08:45:40,880 [INFO] IPUIPlugin:80 - create IPUIPlugin
2025-07-29 08:45:40,881 [INFO] PluginManager:220 - loadIPPluginJar : add freertos
2025-07-29 08:45:40,883 [INFO] IPUIPlugin:80 - create IPUIPlugin
2025-07-29 08:45:40,883 [INFO] PluginManager:220 - loadIPPluginJar : add genericplugin
2025-07-29 08:45:40,886 [INFO] IPUIPlugin:80 - create IPUIPlugin
2025-07-29 08:45:40,886 [INFO] PluginManager:220 - loadIPPluginJar : add gfxmmu
2025-07-29 08:45:40,891 [INFO] IPUIPlugin:80 - create IPUIPlugin
2025-07-29 08:45:40,891 [INFO] PluginManager:220 - loadIPPluginJar : add gic
2025-07-29 08:45:40,895 [INFO] IPUIPlugin:80 - create IPUIPlugin
2025-07-29 08:45:40,896 [INFO] PluginManager:220 - loadIPPluginJar : add gpio
2025-07-29 08:45:40,899 [INFO] IPUIPlugin:80 - create IPUIPlugin
2025-07-29 08:45:40,899 [INFO] PluginManager:220 - loadIPPluginJar : add gtzc
2025-07-29 08:45:40,902 [INFO] IPUIPlugin:80 - create IPUIPlugin
2025-07-29 08:45:40,902 [INFO] PluginManager:220 - loadIPPluginJar : add hash
2025-07-29 08:45:40,906 [INFO] IPUIPlugin:80 - create IPUIPlugin
2025-07-29 08:45:40,906 [INFO] PluginManager:220 - loadIPPluginJar : add i2c
2025-07-29 08:45:40,909 [INFO] IPUIPlugin:80 - create IPUIPlugin
2025-07-29 08:45:40,909 [INFO] PluginManager:220 - loadIPPluginJar : add i2s
2025-07-29 08:45:40,911 [INFO] IPUIPlugin:80 - create IPUIPlugin
2025-07-29 08:45:40,912 [INFO] PluginManager:220 - loadIPPluginJar : add i3c
2025-07-29 08:45:40,914 [INFO] IPUIPlugin:80 - create IPUIPlugin
2025-07-29 08:45:40,915 [INFO] PluginManager:220 - loadIPPluginJar : add ipddr
2025-07-29 08:45:40,920 [INFO] IPUIPlugin:80 - create IPUIPlugin
2025-07-29 08:45:40,920 [INFO] PluginManager:220 - loadIPPluginJar : add linkedlist
2025-07-29 08:45:40,923 [INFO] IPUIPlugin:80 - create IPUIPlugin
2025-07-29 08:45:40,923 [INFO] PluginManager:220 - loadIPPluginJar : add lorawan
2025-07-29 08:45:40,924 [INFO] IPUIPlugin:80 - create IPUIPlugin
2025-07-29 08:45:40,924 [INFO] PluginManager:220 - loadIPPluginJar : add ltdc
2025-07-29 08:45:40,929 [INFO] IPUIPlugin:80 - create IPUIPlugin
2025-07-29 08:45:40,929 [INFO] PluginManager:220 - loadIPPluginJar : add mdma
2025-07-29 08:45:40,931 [INFO] IPUIPlugin:80 - create IPUIPlugin
2025-07-29 08:45:40,932 [INFO] PluginManager:220 - loadIPPluginJar : add nvic
2025-07-29 08:45:40,934 [INFO] IPUIPlugin:80 - create IPUIPlugin
2025-07-29 08:45:40,934 [INFO] PluginManager:220 - loadIPPluginJar : add opamp
2025-07-29 08:45:40,938 [INFO] IPUIPlugin:80 - create IPUIPlugin
2025-07-29 08:45:40,938 [INFO] PluginManager:220 - loadIPPluginJar : add openamp
2025-07-29 08:45:40,941 [INFO] IPUIPlugin:80 - create IPUIPlugin
2025-07-29 08:45:40,941 [INFO] PluginManager:220 - loadIPPluginJar : add pdm2pcm
2025-07-29 08:45:40,947 [INFO] IPUIPlugin:80 - create IPUIPlugin
2025-07-29 08:45:40,949 [INFO] PluginManager:220 - loadIPPluginJar : add plateformsettings
2025-07-29 08:45:40,951 [INFO] IPUIPlugin:80 - create IPUIPlugin
2025-07-29 08:45:40,951 [INFO] PluginManager:220 - loadIPPluginJar : add quadspi
2025-07-29 08:45:40,954 [INFO] IPUIPlugin:80 - create IPUIPlugin
2025-07-29 08:45:40,955 [INFO] PluginManager:220 - loadIPPluginJar : add radio
2025-07-29 08:45:40,959 [INFO] IPUIPlugin:80 - create IPUIPlugin
2025-07-29 08:45:40,959 [INFO] PluginManager:220 - loadIPPluginJar : add resmgrutility
2025-07-29 08:45:40,963 [INFO] IPUIPlugin:80 - create IPUIPlugin
2025-07-29 08:45:40,963 [INFO] PluginManager:220 - loadIPPluginJar : add sai
2025-07-29 08:45:40,965 [INFO] IPUIPlugin:80 - create IPUIPlugin
2025-07-29 08:45:40,965 [INFO] PluginManager:220 - loadIPPluginJar : add spi
2025-07-29 08:45:40,972 [INFO] IPUIPlugin:80 - create IPUIPlugin
2025-07-29 08:45:40,972 [INFO] PluginManager:220 - loadIPPluginJar : add stm32_wpan
2025-07-29 08:45:40,973 [INFO] IPUIPlugin:80 - create IPUIPlugin
2025-07-29 08:45:40,974 [INFO] PluginManager:220 - loadIPPluginJar : add tim
2025-07-29 08:45:40,976 [INFO] IPUIPlugin:80 - create IPUIPlugin
2025-07-29 08:45:40,976 [INFO] PluginManager:220 - loadIPPluginJar : add touchsensing
2025-07-29 08:45:40,978 [INFO] IPUIPlugin:80 - create IPUIPlugin
2025-07-29 08:45:40,978 [INFO] PluginManager:220 - loadIPPluginJar : add tracer_emb
2025-07-29 08:45:40,980 [INFO] IPUIPlugin:80 - create IPUIPlugin
2025-07-29 08:45:40,980 [INFO] PluginManager:220 - loadIPPluginJar : add ts
2025-07-29 08:45:40,981 [INFO] IPUIPlugin:80 - create IPUIPlugin
2025-07-29 08:45:40,981 [INFO] PluginManager:220 - loadIPPluginJar : add tsc
2025-07-29 08:45:40,983 [INFO] IPUIPlugin:80 - create IPUIPlugin
2025-07-29 08:45:40,983 [INFO] PluginManager:220 - loadIPPluginJar : add ucpd
2025-07-29 08:45:40,985 [INFO] IPUIPlugin:80 - create IPUIPlugin
2025-07-29 08:45:40,985 [INFO] PluginManager:220 - loadIPPluginJar : add usart
2025-07-29 08:45:40,989 [INFO] IPUIPlugin:80 - create IPUIPlugin
2025-07-29 08:45:40,989 [INFO] PluginManager:220 - loadIPPluginJar : add usbx
2025-07-29 08:45:41,116 [FATAL] Updater:351 - Updater called before beeing initialized
2025-07-29 08:45:41,153 [INFO] RulesReader:64 - Compatibility file has been processed (317 Rules)
2025-07-29 08:45:41,165 [INFO] RulesReader:64 - Compatibility file has been processed (317 Rules)
2025-07-29 08:45:41,174 [INFO] CADModel:165 - CPN selected for project level
2025-07-29 08:45:41,174 [INFO] CADModel:114 - Register for checkConnection events
2025-07-29 08:45:41,174 [FATAL] Updater:351 - Updater called before beeing initialized
2025-07-29 08:45:41,174 [ERROR] CADModel:125 - Updater not yet initialized, retry later 
2025-07-29 08:45:41,298 [FATAL] Updater:351 - Updater called before beeing initialized
2025-07-29 08:45:41,299 [INFO] CADModel:165 - CPN selected for project level
2025-07-29 08:45:41,299 [INFO] CADModel:114 - Register for checkConnection events
2025-07-29 08:45:41,299 [FATAL] Updater:351 - Updater called before beeing initialized
2025-07-29 08:45:41,299 [ERROR] CADModel:125 - Updater not yet initialized, retry later 
2025-07-29 08:45:41,302 [FATAL] Updater:351 - Updater called before beeing initialized
2025-07-29 08:45:41,416 [FATAL] Updater:351 - Updater called before beeing initialized
2025-07-29 08:45:41,419 [INFO] DbMcusAds:53 - JSON generation date=Tue Jul 08 16:14:23 MYT 2025 (1751962463562)
2025-07-29 08:45:41,420 [FATAL] Updater:351 - Updater called before beeing initialized
2025-07-29 08:45:41,450 [WARN] DetailPanel:346 - Failed to get advertising image, set to default
2025-07-29 08:45:41,539 [FATAL] Updater:351 - Updater called before beeing initialized
2025-07-29 08:45:41,540 [FATAL] Updater:351 - Updater called before beeing initialized
2025-07-29 08:45:41,540 [FATAL] Updater:351 - Updater called before beeing initialized
2025-07-29 08:45:41,540 [WARN] DetailPanel:346 - Failed to get advertising image, set to default
2025-07-29 08:45:41,541 [FATAL] Updater:351 - Updater called before beeing initialized
2025-07-29 08:45:41,585 [ERROR] Updater:1198 - MainUpdater not yet initialized. External WinMGr cannot be set.
2025-07-29 08:45:41,588 [INFO] Updater:1134 - Updater Version found : 6.15.0
2025-07-29 08:45:41,600 [INFO] ApplicationProperties:184 - Using Application install path: C:\ST\STM32CubeIDE_1.17.0\STM32CubeIDE\plugins\com.st.stm32cube.common.mx_6.15.0.202507011659
2025-07-29 08:45:41,984 [INFO] MainUpdater:2872 - connection check result : 10
2025-07-29 08:45:41,985 [INFO] MainUpdater:289 - Updater Check For Update Now.
2025-07-29 08:45:41,986 [INFO] MicroXplorer:498 - Change Database Version : DB.6.0.150
2025-07-29 08:45:41,991 [INFO] McuFinderGlobals:63 - Set McuFinder mode to 2 (CubeIDE integrated)
2025-07-29 08:45:41,992 [INFO] UserAuth:487 - Internet connection configuration mode: 1
2025-07-29 08:45:42,014 [INFO] JxBrowserEngine:152 - Initiate JxBrowser Engine with user profile folder
2025-07-29 08:45:42,187 [INFO] CheckServerUpdateThread:120 - End of CheckServer Thread
2025-07-29 08:45:42,632 [INFO] WebApp:169 - Instantiating new browser for Auth
2025-07-29 08:45:43,280 [INFO] WebApp:463 - Apply proxy settings
2025-07-29 08:45:43,280 [INFO] WebApp:548 - Chromium requires no authentication
2025-07-29 08:45:43,291 [INFO] WebApp:491 - Direct internet connection detected
2025-07-29 08:45:43,314 [INFO] WebApp:900 - Register for checkConnection events
2025-07-29 08:45:43,314 [INFO] WebApp:463 - Apply proxy settings
2025-07-29 08:45:43,314 [INFO] WebApp:548 - Chromium requires no authentication
2025-07-29 08:45:43,315 [INFO] WebApp:491 - Direct internet connection detected
2025-07-29 08:45:43,529 [INFO] WebApp:191 - Connection restablished
2025-07-29 08:45:43,545 [INFO] WebApp:225 - Starting web application
2025-07-29 08:45:43,545 [INFO] WebApp:593 - Web application path used C:\ST\STM32CubeIDE_1.17.0\STM32CubeIDE\plugins\com.st.stm32cube.common.mx_6.15.0.202507011659\db\plugins\mcufinder\reactClient1\index.html
2025-07-29 08:45:43,661 [WARN] PackLoader:240 - Cannot read IP mode file for STMicroelectronics.FP-SNS-MOTENVWB1.1.4.0
2025-07-29 08:45:43,674 [WARN] PackLoader:240 - Cannot read IP mode file for STMicroelectronics.FP-ATR-ASTRA1.2.0.2
2025-07-29 08:45:43,676 [INFO] UserAuth:487 - Internet connection configuration mode: 1
2025-07-29 08:45:43,679 [WARN] PackLoader:240 - Cannot read IP mode file for STMicroelectronics.FP-ATR-ASTRA1.2.0.1
2025-07-29 08:45:43,690 [WARN] PackLoader:240 - Cannot read IP mode file for STMicroelectronics.X-CUBE-SMBUS.2.1.0
2025-07-29 08:45:43,699 [WARN] PackLoader:240 - Cannot read IP mode file for STMicroelectronics.X-CUBE-WB05N.1.1.0
2025-07-29 08:45:43,707 [WARN] PackLoader:240 - Cannot read IP mode file for STMicroelectronics.X-CUBE-ST60.1.0.0
2025-07-29 08:45:43,753 [WARN] PackLoader:240 - Cannot read IP mode file for STMicroelectronics.X-CUBE-AZRTOS-F7.1.1.0
2025-07-29 08:45:43,764 [WARN] PackLoader:240 - Cannot read IP mode file for STMicroelectronics.FP-SNS-FLIGHT1.5.0.2
2025-07-29 08:45:43,798 [WARN] PackLoader:240 - Cannot read IP mode file for Infineon.AIROC-Wi-Fi-Bluetooth-STM32.1.7.0
2025-07-29 08:45:43,836 [WARN] PackLoader:240 - Cannot read IP mode file for STMicroelectronics.X-CUBE-AZRTOS-H7.3.4.0
2025-07-29 08:45:43,849 [WARN] PackLoader:240 - Cannot read IP mode file for STMicroelectronics.X-CUBE-DISPLAY.3.0.0
2025-07-29 08:45:43,862 [WARN] PackLoader:240 - Cannot read IP mode file for STMicroelectronics.X-CUBE-BLE1.7.0.0
2025-07-29 08:45:43,870 [WARN] PackLoader:240 - Cannot read IP mode file for STMicroelectronics.X-CUBE-NFC10.1.0.0
2025-07-29 08:45:43,882 [WARN] PackLoader:240 - Cannot read IP mode file for STMicroelectronics.X-CUBE-BLEMGR.4.0.0
2025-07-29 08:45:43,893 [WARN] PackLoader:240 - Cannot read IP mode file for emotas.I-CUBE-CANOPEN.1.3.0
2025-07-29 08:45:43,902 [WARN] PackLoader:240 - Cannot read IP mode file for STMicroelectronics.X-CUBE-AI.10.0.0
2025-07-29 08:45:44,007 [WARN] PackLoader:240 - Cannot read IP mode file for STMicroelectronics.FP-SNS-SMARTAG2.1.2.0
2025-07-29 08:45:44,012 [WARN] PackLoader:240 - Cannot read IP mode file for STMicroelectronics.FP-SNS-FLIGHT1.5.1.0
2025-07-29 08:45:44,090 [WARN] PackLoader:240 - Cannot read IP mode file for STMicroelectronics.X-CUBE-MEMS1.11.1.0
2025-07-29 08:45:44,258 [INFO] LogOutputStream:77 - [STDOUT_REDIRECT] 1 : Invalid condition id : UX_CORESTACK_Condition cause : null
2025-07-29 08:45:44,258 [INFO] LogOutputStream:77 - [STDOUT_REDIRECT] 1 : Invalid condition id : UX_CORESTACK_Condition cause : null
2025-07-29 08:45:44,260 [INFO] LogOutputStream:77 - [STDOUT_REDIRECT] 1 : Invalid condition id : UX_CORESTACK_Condition cause : null
2025-07-29 08:45:44,261 [INFO] LogOutputStream:77 - [STDOUT_REDIRECT] 1 : Invalid condition id : UX_CORESTACK_Condition cause : null
2025-07-29 08:45:44,262 [INFO] LogOutputStream:77 - [STDOUT_REDIRECT] 1 : Invalid condition id : UX_CORESTACK_Condition cause : null
2025-07-29 08:45:44,265 [WARN] PackLoader:240 - Cannot read IP mode file for STMicroelectronics.X-CUBE-AZRTOS-WL.2.0.0
2025-07-29 08:45:44,274 [WARN] PackLoader:240 - Cannot read IP mode file for STMicroelectronics.FP-SNS-MOTENV1.5.0.0
2025-07-29 08:45:44,280 [WARN] PackLoader:240 - Cannot read IP mode file for wolfSSL.I-CUBE-wolfMQTT.1.19.0
2025-07-29 08:45:44,290 [WARN] PackLoader:240 - Cannot read IP mode file for WES.I-CUBE-Cesium.1.3.0
2025-07-29 08:45:44,295 [WARN] PackLoader:240 - Cannot read IP mode file for STMicroelectronics.X-CUBE-BLE2.3.3.0
2025-07-29 08:45:44,302 [WARN] PackLoader:240 - Cannot read IP mode file for STMicroelectronics.X-CUBE-NFC9.1.0.0
2025-07-29 08:45:44,308 [WARN] PackLoader:240 - Cannot read IP mode file for STMicroelectronics.X-CUBE-BLE1.7.1.0
2025-07-29 08:45:44,314 [WARN] PackLoader:240 - Cannot read IP mode file for STMicroelectronics.X-CUBE-EEPRMA1.5.2.0
2025-07-29 08:45:44,320 [WARN] PackLoader:240 - Cannot read IP mode file for STMicroelectronics.X-CUBE-AI.10.1.0
2025-07-29 08:45:44,364 [WARN] PackLoader:240 - Cannot read IP mode file for STMicroelectronics.X-CUBE-MEMS1.11.2.0
2025-07-29 08:45:44,542 [WARN] PackLoader:240 - Cannot read IP mode file for STMicroelectronics.X-CUBE-AZRTOS-G0.1.1.0
2025-07-29 08:45:44,550 [WARN] PackLoader:240 - Cannot read IP mode file for STMicroelectronics.X-CUBE-SAFEA1.1.2.2
2025-07-29 08:45:44,557 [WARN] PackLoader:240 - Cannot read IP mode file for STMicroelectronics.X-CUBE-NFC4.3.0.0
2025-07-29 08:45:44,566 [WARN] PackLoader:240 - Cannot read IP mode file for EmbeddedOffice.I-CUBE-FS-RTOS.1.0.1
2025-07-29 08:45:44,574 [WARN] PackLoader:240 - Cannot read IP mode file for STMicroelectronics.X-CUBE-WB05N.2.0.0
2025-07-29 08:45:44,581 [WARN] PackLoader:240 - Cannot read IP mode file for STMicroelectronics.X-CUBE-TCPP.4.2.0
2025-07-29 08:45:44,589 [WARN] PackLoader:240 - Cannot read IP mode file for RealThread.X-CUBE-RT-Thread_Nano.4.1.1
2025-07-29 08:45:44,594 [WARN] PackLoader:240 - Cannot read IP mode file for STMicroelectronics.FP-ATR-SIGFOX1.3.2.0
2025-07-29 08:45:44,598 [WARN] ConditionMgr:438 - getConditionDescription Invalid condition id : Cortex-A Device cause : null
2025-07-29 08:45:44,611 [WARN] ConditionMgr:1044 - genDependencies : Invalid condition id : Cortex-A Device cause : null
2025-07-29 08:45:44,611 [WARN] ConditionMgr:1044 - genDependencies : Invalid condition id : Cortex-A Device cause : null
2025-07-29 08:45:44,612 [WARN] ConditionMgr:1044 - genDependencies : Invalid condition id : Cortex-A Device cause : null
2025-07-29 08:45:44,616 [WARN] PackLoader:240 - Cannot read IP mode file for STMicroelectronics.X-CUBE-EEPRMA1.5.1.0
2025-07-29 08:45:44,623 [WARN] PackLoader:240 - Cannot read IP mode file for wolfSSL.I-CUBE-wolfSSL.5.7.4
2025-07-29 08:45:44,627 [WARN] PackLoader:240 - Cannot read IP mode file for ITTIA_DB.I-CUBE-ITTIADB.8.9.0
2025-07-29 08:45:44,633 [WARN] PackLoader:240 - Cannot read IP mode file for STMicroelectronics.X-CUBE-ST67W61.1.0.0
2025-07-29 08:45:44,658 [WARN] PackLoader:240 - Cannot read IP mode file for SEGGER.I-CUBE-embOS.1.3.1
2025-07-29 08:45:44,703 [WARN] PackLoader:240 - Cannot read IP mode file for STMicroelectronics.X-CUBE-ALGOBUILD.1.4.0
2025-07-29 08:45:44,739 [WARN] PackLoader:240 - Cannot read IP mode file for STMicroelectronics.X-CUBE-MEMS1.11.3.0
2025-07-29 08:45:44,855 [WARN] PackLoader:240 - Cannot read IP mode file for STMicroelectronics.X-CUBE-AI.9.1.0
2025-07-29 08:45:44,860 [WARN] PackLoader:240 - Cannot read IP mode file for STMicroelectronics.X-CUBE-PM33A1.1.0.0
2025-07-29 08:45:44,875 [WARN] PackLoader:240 - Cannot read IP mode file for STMicroelectronics.X-CUBE-AZRTOS-F4.1.1.0
2025-07-29 08:45:44,880 [WARN] PackLoader:240 - Cannot read IP mode file for Avnet-IotConnect.X-CUBE-IoTC-DA16k-PMOD.1.0.0
2025-07-29 08:45:44,884 [WARN] PackLoader:240 - Cannot read IP mode file for STMicroelectronics.X-CUBE-ISPU.2.1.0
2025-07-29 08:45:44,897 [WARN] PackLoader:240 - Cannot read IP mode file for STMicroelectronics.X-CUBE-NFC12.1.0.0
2025-07-29 08:45:44,914 [WARN] PackLoader:240 - Cannot read IP mode file for STMicroelectronics.X-CUBE-AZRTOS-L5.2.0.0
2025-07-29 08:45:44,922 [WARN] PackLoader:240 - Cannot read IP mode file for STMicroelectronics.X-CUBE-NFC6.3.1.0
2025-07-29 08:45:44,929 [WARN] PackLoader:240 - Cannot read IP mode file for STMicroelectronics.X-CUBE-DPower.1.2.0
2025-07-29 08:45:44,939 [WARN] PackLoader:240 - Cannot read IP mode file for STMicroelectronics.X-CUBE-FREERTOS.1.3.1
2025-07-29 08:45:44,942 [WARN] PackLoader:240 - Cannot read IP mode file for STMicroelectronics.X-CUBE-FREERTOS.1.3.0
2025-07-29 08:45:44,947 [WARN] PackLoader:240 - Cannot read IP mode file for STMicroelectronics.X-CUBE-NFC7.1.0.1
2025-07-29 08:45:44,955 [WARN] PackLoader:240 - Cannot read IP mode file for STMicroelectronics.FP-SNS-STAIOTCFT.1.0.0
2025-07-29 08:45:44,960 [WARN] PackLoader:240 - Cannot read IP mode file for STMicroelectronics.X-CUBE-DPower.1.3.0
2025-07-29 08:45:44,979 [WARN] ConditionMgr:438 - getConditionDescription Invalid condition id : LAN8742 Phy interface Condition cause : null
2025-07-29 08:45:44,980 [WARN] PackLoader:240 - Cannot read IP mode file for STMicroelectronics.X-CUBE-AZRTOS-L4.2.0.0
2025-07-29 08:45:44,981 [WARN] ConditionMgr:1044 - genDependencies : Invalid condition id : LAN8742 Phy interface Condition cause : null
2025-07-29 08:45:44,981 [WARN] ConditionMgr:1044 - genDependencies : Invalid condition id : LAN8742 Phy interface Condition cause : null
2025-07-29 08:45:44,981 [WARN] ConditionMgr:1044 - genDependencies : Invalid condition id : LAN8742 Phy interface Condition cause : null
2025-07-29 08:45:44,989 [WARN] PackLoader:240 - Cannot read IP mode file for STMicroelectronics.X-CUBE-SFXS2LP1.4.0.0
2025-07-29 08:45:45,001 [WARN] PackLoader:240 - Cannot read IP mode file for STMicroelectronics.X-CUBE-AZRTOS-H7.3.3.0
2025-07-29 08:45:45,012 [WARN] PackLoader:240 - Cannot read IP mode file for STMicroelectronics.X-CUBE-BLEMGR.4.1.0
2025-07-29 08:45:45,022 [WARN] ConditionMgr:438 - getConditionDescription Invalid condition id : UX DEVICE CLASS RTOS Condition cause : null
2025-07-29 08:45:45,023 [WARN] ConditionMgr:438 - getConditionDescription Invalid condition id : UX DEVICE CLASS RTOS Condition cause : null
2025-07-29 08:45:45,024 [WARN] PackLoader:240 - Cannot read IP mode file for STMicroelectronics.X-CUBE-AZRTOS-WB.2.0.0
2025-07-29 08:45:45,024 [WARN] ConditionMgr:1044 - genDependencies : Invalid condition id : UX DEVICE CLASS RTOS Condition cause : null
2025-07-29 08:45:45,025 [WARN] ConditionMgr:1044 - genDependencies : Invalid condition id : UX DEVICE CLASS RTOS Condition cause : null
2025-07-29 08:45:45,025 [WARN] ConditionMgr:1044 - genDependencies : Invalid condition id : UX DEVICE CLASS RTOS Condition cause : null
2025-07-29 08:45:45,025 [WARN] ConditionMgr:1044 - genDependencies : Invalid condition id : UX DEVICE CLASS RTOS Condition cause : null
2025-07-29 08:45:45,025 [WARN] ConditionMgr:1044 - genDependencies : Invalid condition id : UX DEVICE CLASS RTOS Condition cause : null
2025-07-29 08:45:45,029 [WARN] PackLoader:240 - Cannot read IP mode file for STMicroelectronics.X-CUBE-GNSS1.7.0.1
2025-07-29 08:45:45,034 [WARN] PackLoader:240 - Cannot read IP mode file for STMicroelectronics.X-CUBE-TOUCHGFX.4.25.0
2025-07-29 08:45:45,040 [WARN] PackLoader:240 - Cannot read IP mode file for STMicroelectronics.FP-SNS-STBOX1.2.0.0
2025-07-29 08:45:45,046 [WARN] PackLoader:240 - Cannot read IP mode file for STMicroelectronics.X-CUBE-SUBG2.5.0.0
2025-07-29 08:45:45,061 [WARN] PackLoader:240 - Cannot read IP mode file for STMicroelectronics.X-CUBE-AZRTOS-H7RS.1.1.0
2025-07-29 08:45:45,065 [WARN] PackLoader:240 - Cannot read IP mode file for Cesanta.I-CUBE-Mongoose.7.13.0
2025-07-29 08:45:45,077 [WARN] PackLoader:240 - Cannot read IP mode file for STMicroelectronics.X-CUBE-AZRTOS-G4.2.0.0
2025-07-29 08:45:45,080 [WARN] PackLoader:240 - Cannot read IP mode file for STMicroelectronics.X-CUBE-NFC7.2.0.0
2025-07-29 08:45:45,092 [WARN] PackLoader:240 - Cannot read IP mode file for STMicroelectronics.X-CUBE-IPS.3.1.0
2025-07-29 08:45:45,098 [WARN] PackLoader:240 - Cannot read IP mode file for STMicroelectronics.X-CUBE-ALS.1.0.2
2025-07-29 08:45:45,101 [WARN] PackLoader:240 - Cannot read IP mode file for STMicroelectronics.X-CUBE-TOUCHGFX.4.24.2
2025-07-29 08:45:45,106 [WARN] PackLoader:240 - Cannot read IP mode file for wolfSSL.I-CUBE-wolfTPM.3.4.0
2025-07-29 08:45:45,109 [WARN] PackLoader:240 - Cannot read IP mode file for portGmbH.I-Cube-SoM-uGOAL.1.1.0
2025-07-29 08:45:45,119 [WARN] PackLoader:240 - Cannot read IP mode file for STMicroelectronics.X-CUBE-AZRTOS-H7RS.1.0.0
2025-07-29 08:45:45,128 [WARN] PackLoader:240 - Cannot read IP mode file for STMicroelectronics.X-CUBE-TOF1.3.4.2
2025-07-29 08:45:45,156 [WARN] PackLoader:240 - Cannot read IP mode file for STMicroelectronics.X-CUBE-TOF1.3.4.3
2025-07-29 08:45:45,173 [WARN] PackLoader:240 - Cannot read IP mode file for wolfSSL.I-CUBE-wolfSSH.1.4.17
2025-07-29 08:45:45,174 [INFO] ThirdParty:978 - Integrity check success = true
2025-07-29 08:45:45,174 [INFO] IntegrityCheckThread:100 - exiting critical section [integrity check]
2025-07-29 08:45:45,174 [INFO] IntegrityCheckThread:103 - End integrity checks thread
2025-07-29 08:48:05,912 [INFO] McuFinderGlobals:63 - Set McuFinder mode to 2 (CubeIDE integrated)
2025-07-29 08:48:05,920 [INFO] MainUpdater:2872 - connection check result : 10
2025-07-29 08:48:06,370 [INFO] ApiDb:581 - Connected to CubeFinder SQLite database (C:\Users\guan-ming.dennis-won\.stmcufinder\plugins\mcufinder\mcu\cube-finder-db.db)
2025-07-29 08:48:06,460 [INFO] ApiDb:668 - CubeFinder database Data Model version=2.1
2025-07-29 08:48:06,461 [INFO] ApiDb:669 - CubeFinder database Configuration version=3.0.39
2025-07-29 08:48:06,461 [INFO] ApiDb:670 - CubeFinder database generation date=2025-07-21 (1753107327)
2025-07-29 08:48:06,461 [INFO] ApiDb:671 - CubeFinder database FW Pack versions=[FP-ATR-ASTRA1_V2.0.0, FP-SNS-FLIGHT1_V5.1.0, FP-SNS-MOTENV1_V5.0.0, FP-SNS-MOTENVWB1_V1.4.0, FP-SNS-SMARTAG2_V1.2.0, FP-SNS-STBOX1_V2.0.0, STM32Cube_FW_C0_V1.4.0, STM32Cube_FW_F4_V1.28.2, STM32Cube_FW_F7_V1.17.3, STM32Cube_FW_G0_V1.6.2, STM32Cube_FW_G4_V1.6.1, STM32Cube_FW_H5_V1.5.0, STM32Cube_FW_H7RS_V1.2.0, STM32Cube_FW_H7_V1.12.1, STM32Cube_FW_L0_V1.12.2, STM32Cube_FW_L4_V1.18.1, STM32Cube_FW_L5_V1.5.1, STM32Cube_FW_N6_V1.2.0, STM32Cube_FW_U0_V1.3.0, STM32Cube_FW_U3_V1.2.0, STM32Cube_FW_U5_V1.8.0, STM32Cube_FW_WB0_V1.3.0, STM32Cube_FW_WBA_V1.7.0, STM32Cube_FW_WB_V1.23.0, STM32Cube_FW_WL3_V1.2.0, STM32Cube_FW_WL_V1.3.1, X-CUBE-ALGOBUILD_V1.4.0, X-CUBE-ALS_V1.0.2, X-CUBE-AZRTOS-F4_V1.1.0, X-CUBE-AZRTOS-F7_V1.1.0, X-CUBE-AZRTOS-G0_V1.1.0, X-CUBE-AZRTOS-G4_V2.0.0, X-CUBE-AZRTOS-H7RS_V1.1.0, X-CUBE-AZRTOS-H7_V3.3.0, X-CUBE-AZRTOS-L4_V2.0.0, X-CUBE-AZRTOS-L5_V2.0.0, X-CUBE-AZRTOS-WB_V2.0.0, X-CUBE-AZRTOS-WL_V2.0.0, X-CUBE-BLE1_V7.1.0, X-CUBE-BLE2_V3.3.0, X-CUBE-BLEMGR_V4.0.0, X-CUBE-EEPRMA1_V5.1.0, X-CUBE-FREERTOS_V1.3.1, X-CUBE-GNSS1_V6.0.0, X-CUBE-MEMS1_V11.3.0, X-CUBE-NFC4_V3.0.0, X-CUBE-NFC7_V2.0.0, X-CUBE-SFXS2LP1_V4.0.0, X-CUBE-SUBG2_V5.0.0, X-CUBE-TOF1_V3.4.3]
2025-07-29 08:48:09,321 [INFO] ApiDb:240 - Found 880 in-development CPN: [B-G473E-ZEST1S, B-WB1M-WPAN1, B-WBA5M-WPAN, B-WL5M-SUBG1, NUCLEO-C031C6, NUCLEO-C051C8, NUCLEO-C071RB, NUCLEO-C092RC, NUCLEO-H503RB, NUCLEO-H533RE, NUCLEO-H563ZI, NUCLEO-H7S3L8, NUCLEO-N657X0-Q, NUCLEO-U031R8, NUCLEO-U083RC, NUCLEO-U385RG-Q, NUCLEO-U545RE-Q, NUCLEO-U5A5ZJ-Q, NUCLEO-WB05KZ, NUCLEO-WB07CC, NUCLEO-WB09KE, NUCLEO-WBA52CG, NUCLEO-WBA55CG, NUCLEO-WL33CC1, NUCLEO-WL33CC2, STEVAL-PROTEUS1, STEVAL-SMARTAG2, STEVAL-STWINBX1, STM320518-EVAL, STM32C0116-DK, STM32C011D6Y3TR, STM32C011D6Y6TR, STM32C011F4P3, STM32C011F4P6, STM32C011F4U3, STM32C011F4U6TR, STM32C011F6P3, STM32C011F6P6, STM32C011F6U3, STM32C011F6U6TR, STM32C011J4M3, STM32C011J4M6, STM32C011J6M3, STM32C011J6M6, STM32C0316-DK, STM32C031C4T3, STM32C031C4T6, STM32C031C4U3, STM32C031C4U6, STM32C031C6T3, STM32C031C6T6, STM32C031C6U3, STM32C031C6U6, STM32C031F4P3, STM32C031F4P6, STM32C031F6P3, STM32C031F6P6, STM32C031G4U3, STM32C031G4U6, STM32C031G6U3, STM32C031G6U6, STM32C031K4T3, STM32C031K4T6, STM32C031K4U3, STM32C031K4U6, STM32C031K6T3, STM32C031K6T6, STM32C031K6U3, STM32C031K6U6, STM32C051C6T6, STM32C051C6U6, STM32C051C8T6, STM32C051C8U6, STM32C051D8Y6TR, STM32C051F6P6, STM32C051F8P6, STM32C051G6U6, STM32C051G8U6, STM32C051K6T6, STM32C051K6U6, STM32C051K8T6, STM32C071C8T6, STM32C071C8T6N, STM32C071C8U6, STM32C071C8U6N, STM32C071CBT6, STM32C071CBT6N, STM32C071CBU6, STM32C071CBU6N, STM32C071F8P6, STM32C071F8P6N, STM32C071FBP6, STM32C071FBP6N, STM32C071FBY6TR, STM32C071G8U6, STM32C071G8U6N, STM32C071GBU6, STM32C071GBU6N, STM32C071K8T6, STM32C071K8T6N, STM32C071K8U6, STM32C071K8U6N, STM32C071KBT6, STM32C071KBT6N, STM32C071KBU6, STM32C071KBU6N, STM32C071R8T6, STM32C071R8T6N, STM32C071RBI6N, STM32C071RBT6, STM32C071RBT6N, STM32C091CBT6, STM32C091CBU6, STM32C091CCT6, STM32C091CCU6, STM32C091ECY6TR, STM32C091FBP6, STM32C091FCP6, STM32C091GBU6, STM32C091GCU6, STM32C091KBT6, STM32C091KBU6, STM32C091KCT6, STM32C091KCU6, STM32C091RBT6, STM32C091RCI6, STM32C091RCT6, STM32C092CBT6, STM32C092CBU6, STM32C092CCT6, STM32C092CCU6, STM32C092ECY6TR, STM32C092FBP6, STM32C092FCP6, STM32C092GBU6, STM32C092GCU6, STM32C092KBT6, STM32C092KBU6, STM32C092KCT6, STM32C092KCU6, STM32C092RBT6, STM32C092RCI6, STM32C092RCT6, STM32G071K8TXN, STM32G071K8UXN, STM32G081GBU6N, STM32G081KBT6N, STM32G081KBUXN, STM32G0B1CCT6N, STM32G0B1KCT6, STM32G0B1NEY6TR, STM32G0B1RCT6N, STM32G0C1CCT6, STM32G0C1CCT6N, STM32G0C1CCU6N, STM32G0C1CET6N, STM32G0C1CEU6N, STM32G0C1KCT6, STM32G0C1NEY6TR, STM32G0C1RCI6N, STM32G0C1RCT6N, STM32G0C1REI6N, STM32G0C1RET6N, STM32G0C1VCI6, STM32G0C1VEI6, STM32G411C6T3, STM32G411C6T6, STM32G411C6U3, STM32G411C6U6, STM32G411C8T3, STM32G411C8T6, STM32G411C8U3, STM32G411C8U6, STM32G411CBT3, STM32G411CBT6, STM32G411CBU3, STM32G411CBU6, STM32G411K6T3, STM32G411K6T6, STM32G411K6U3, STM32G411K6U6, STM32G411K8T3, STM32G411K8T6, STM32G411K8U3, STM32G411K8U6, STM32G411KBT3, STM32G411KBT6, STM32G411KBU3, STM32G411KBU6, STM32G411M6T3, STM32G411M6T6, STM32G411M8T3, STM32G411M8T6, STM32G411MBT3, STM32G411MBT6, STM32G411R6T3, STM32G411R6T6, STM32G411R8T3, STM32G411R8T6, STM32G411RBT3, STM32G411RBT6, STM32G414CBT3, STM32G414CBT6, STM32G414CBU3, STM32G414CBU6, STM32G414CCT3, STM32G414CCT6, STM32G414CCU3, STM32G414CCU6, STM32G414MBT3, STM32G414MBT6, STM32G414MCT3, STM32G414MCT6, STM32G414RBT3, STM32G414RBT6, STM32G414RCT3, STM32G414RCT6, STM32G414VBT3, STM32G414VBT6, STM32G414VCT3, STM32G414VCT6, STM32G431CBT3Z, STM32G431RBT3Z, STM32G471CCT6, STM32G471CCU6, STM32G471CET3, STM32G471CET6, STM32G471CEU3, STM32G471CEU6, STM32G471MCT6, STM32G471MET3, STM32G471MET6, STM32G471MEY6TR, STM32G471QCT6, STM32G471QET3, STM32G471RCT6, STM32G471RET3, STM32G471RET6, STM32G471VCH6, STM32G471VCI6, STM32G471VCT6, STM32G471VEH3, STM32G471VEH6, STM32G471VEI3, STM32G471VEI6, STM32G471VET3, STM32G471VET6, STM32G473QET3Z, STM32G473RET3Z, STM32G474CCT6, STM32G491RET3Z, STM32H503CBT6, STM32H503CBU6, STM32H503EBY6TR, STM32H503KBU6, STM32H503RBT6, STM32H523CCT6, STM32H523CCU6, STM32H523CET6, STM32H523CEU6, STM32H523HEY6TR, STM32H523RCT6, STM32H523RET6, STM32H523VCI6, STM32H523VCT6, STM32H523VEI6, STM32H523VET6, STM32H523ZCJ6, STM32H523ZCT6, STM32H523ZEJ6, STM32H523ZET6, STM32H533CET6, STM32H533CEU6, STM32H533HEY6TR, STM32H533RET6, STM32H533VEI6, STM32H533VET6, STM32H533ZEJ6, STM32H533ZET6, STM32H562AGI6, STM32H562AII6, STM32H562IGK6, STM32H562IGT6, STM32H562IIK6, STM32H562IIT6, STM32H562RGT6, STM32H562RGV6, STM32H562RIT6, STM32H562RIV6, STM32H562VGT6, STM32H562VIT6, STM32H562ZGT6, STM32H562ZIT6, STM32H563AGI6, STM32H563AII3Q, STM32H563AII6, STM32H563IGK6, STM32H563IGT6, STM32H563IIK3Q, STM32H563IIK6, STM32H563IIT3Q, STM32H563IIT6, STM32H563MIY3QTR, STM32H563RGT6, STM32H563RGV6, STM32H563RIT6, STM32H563RIV6, STM32H563VGT6, STM32H563VIT3Q, STM32H563VIT6, STM32H563ZGT6, STM32H563ZIT3Q, STM32H563ZIT6, STM32H573AII3Q, STM32H573AII6, STM32H573I-DK, STM32H573IIK3Q, STM32H573IIK6, STM32H573IIT3Q, STM32H573IIT6, STM32H573MIY3QTR, STM32H573RIT6, STM32H573RIV6, STM32H573VIT3Q, STM32H573VIT6, STM32H573ZIT3Q, STM32H573ZIT6, STM32H7R3A8I6, STM32H7R3I8K6, STM32H7R3I8T6, STM32H7R3L8H6, STM32H7R3L8H6H, STM32H7R3R8V6, STM32H7R3V8H6, STM32H7R3V8T6, STM32H7R3V8Y6TR, STM32H7R3Z8J6, STM32H7R3Z8T6, STM32H7R7A8I6, STM32H7R7I8K6, STM32H7R7I8T6, STM32H7R7L8H6, STM32H7R7L8H6H, STM32H7R7Z8J6, STM32H7S3A8I6, STM32H7S3I8K6, STM32H7S3I8T6, STM32H7S3L8H6, STM32H7S3L8H6H, STM32H7S3R8V6, STM32H7S3V8H6, STM32H7S3V8T6, STM32H7S3V8Y6TR, STM32H7S3Z8J6, STM32H7S3Z8T6, STM32H7S78-DK, STM32H7S7A8I6, STM32H7S7I8K6, STM32H7S7I8T6, STM32H7S7L8H6, STM32H7S7L8H6H, STM32H7S7Z8J6, STM32L4R5QGI6STR, STM32MP131AAE3, STM32MP131AAF3, STM32MP131AAG3, STM32MP131CAE3, STM32MP131CAF3, STM32MP131CAG3, STM32MP131DAE7, STM32MP131DAF7, STM32MP131DAG7, STM32MP131FAE7, STM32MP131FAF7, STM32MP131FAG7, STM32MP133AAE3, STM32MP133AAF3, STM32MP133AAG3, STM32MP133CAE3, STM32MP133CAF3, STM32MP133CAG3, STM32MP133DAE7, STM32MP133DAF7, STM32MP133DAG7, STM32MP133FAE7, STM32MP133FAF7, STM32MP133FAG7, STM32MP135AAE3, STM32MP135AAF3, STM32MP135AAG3, STM32MP135CAE3, STM32MP135CAF3, STM32MP135CAG3, STM32MP135DAE7, STM32MP135DAF7, STM32MP135DAG7, STM32MP135F-DK, STM32MP135FAE7, STM32MP135FAF7, STM32MP135FAF7T, STM32MP135FAF7U, STM32MP135FAG7, STM32MP211AAL3, STM32MP211AAM3, STM32MP211AAN3, STM32MP211AAO3, STM32MP211CAL3, STM32MP211CAM3, STM32MP211CAN3, STM32MP211CAO3, STM32MP211DAL3, STM32MP211DAM3, STM32MP211DAN3, STM32MP211DAO3, STM32MP211FAL3, STM32MP211FAM3, STM32MP211FAN3, STM32MP211FAO3, STM32MP213AAL3, STM32MP213AAM3, STM32MP213AAN3, STM32MP213AAO3, STM32MP213CAL3, STM32MP213CAM3, STM32MP213CAN3, STM32MP213CAO3, STM32MP213DAL3, STM32MP213DAM3, STM32MP213DAN3, STM32MP213DAO3, STM32MP213FAL3, STM32MP213FAM3, STM32MP213FAN3, STM32MP213FAO3, STM32MP215AAL3, STM32MP215AAM3, STM32MP215AAN3, STM32MP215AAO3, STM32MP215CAL3, STM32MP215CAM3, STM32MP215CAN3, STM32MP215CAO3, STM32MP215DAL3, STM32MP215DAM3, STM32MP215DAN3, STM32MP215DAO3, STM32MP215F-DK, STM32MP215FAL3, STM32MP215FAM3, STM32MP215FAN3, STM32MP215FAO3, STM32MP231AAJ3, STM32MP231AAK3, STM32MP231AAL3, STM32MP231CAJ3, STM32MP231CAK3, STM32MP231CAL3, STM32MP231DAJ3, STM32MP231DAK3, STM32MP231DAL3, STM32MP231FAJ3, STM32MP231FAK3, STM32MP231FAL3, STM32MP233AAJ3, STM32MP233AAK3, STM32MP233AAL3, STM32MP233CAJ3, STM32MP233CAK3, STM32MP233CAL3, STM32MP233DAJ3, STM32MP233DAK3, STM32MP233DAL3, STM32MP233FAJ3, STM32MP233FAK3, STM32MP233FAL3, STM32MP235AAJ3, STM32MP235AAK3, STM32MP235AAL3, STM32MP235CAJ3, STM32MP235CAK3, STM32MP235CAL3, STM32MP235DAJ3, STM32MP235DAK3, STM32MP235DAL3, STM32MP235FAJ3, STM32MP235FAK3, STM32MP235FAL3, STM32MP251AAI3, STM32MP251AAK3, STM32MP251AAL3, STM32MP251CAI3, STM32MP251CAK3, STM32MP251CAL3, STM32MP251DAI3, STM32MP251DAK3, STM32MP251DAL3, STM32MP251FAI3, STM32MP251FAK3, STM32MP251FAL3, STM32MP253AAI3, STM32MP253AAK3, STM32MP253AAL3, STM32MP253CAI3, STM32MP253CAK3, STM32MP253CAL3, STM32MP253DAI3, STM32MP253DAK3, STM32MP253DAL3, STM32MP253FAI3, STM32MP253FAK3, STM32MP253FAL3, STM32MP255AAI3, STM32MP255AAK3, STM32MP255AAL3, STM32MP255CAI3, STM32MP255CAK3, STM32MP255CAL3, STM32MP255DAI3, STM32MP255DAK3, STM32MP255DAL3, STM32MP255FAI3, STM32MP255FAK3, STM32MP255FAL3, STM32MP257AAI3, STM32MP257AAK3, STM32MP257AAL3, STM32MP257CAI3, STM32MP257CAK3, STM32MP257CAL3, STM32MP257DAI3, STM32MP257DAK3, STM32MP257DAL3, STM32MP257F-DK, STM32MP257F-EV1, STM32MP257FAI3, STM32MP257FAK3, STM32MP257FAL3, STM32N645A0H3Q, STM32N645B0H3Q, STM32N645I0H3Q, STM32N645L0H3Q, STM32N645X0H3Q, STM32N645Z0H3Q, STM32N647A0H3Q, STM32N647B0H3Q, STM32N647I0H3Q, STM32N647L0H3Q, STM32N647X0H3Q, STM32N647Z0H3Q, STM32N655A0H3Q, STM32N655B0H3Q, STM32N655I0H3Q, STM32N655L0H3Q, STM32N655X0H3Q, STM32N655Z0H3Q, STM32N6570-DK, STM32N657A0H3Q, STM32N657B0H3Q, STM32N657I0H3Q, STM32N657L0H3Q, STM32N657X0H3Q, STM32N657Z0H3Q, STM32U031C6T6, STM32U031C6U6, STM32U031C8T6, STM32U031C8U6, STM32U031F4P6, STM32U031F6P6, STM32U031F8P6, STM32U031G6Y6TR, STM32U031G8Y6TR, STM32U031K4U6, STM32U031K6U6, STM32U031K8U6, STM32U031R6I6, STM32U031R6T6, STM32U031R8I6, STM32U031R8T6, STM32U073C8T6, STM32U073C8U6, STM32U073CBT6, STM32U073CBU6, STM32U073CCT6, STM32U073CCU6, STM32U073H8Y6TR, STM32U073HBY6TR, STM32U073HCY6TR, STM32U073K8U6, STM32U073KBU6, STM32U073KCU6, STM32U073M8I6, STM32U073M8T6, STM32U073MBI6, STM32U073MBT6, STM32U073MCI6, STM32U073MCT6, STM32U073R8I6, STM32U073R8T6, STM32U073RBI6, STM32U073RBT6, STM32U073RCI6, STM32U073RCT6, STM32U083C-DK, STM32U083CCT6, STM32U083CCU6, STM32U083HCY6TR, STM32U083KCU6, STM32U083MCI6, STM32U083MCT6, STM32U083RCI6, STM32U083RCT6, STM32U375CET6, STM32U375CET6Q, STM32U375CEU6, STM32U375CEU6Q, STM32U375CEY6QTR, STM32U375CGT6, STM32U375CGT6Q, STM32U375CGU6, STM32U375CGU6Q, STM32U375CGY6QTR, STM32U375KEU6, STM32U375KGU6, STM32U375REI6, STM32U375REI6Q, STM32U375RET6, STM32U375RET6Q, STM32U375REY6GTR, STM32U375REY6QTR, STM32U375RGI6, STM32U375RGI6Q, STM32U375RGT6, STM32U375RGT6Q, STM32U375RGY6GTR, STM32U375RGY6QTR, STM32U375VEI6, STM32U375VEI6Q, STM32U375VET6, STM32U375VET6Q, STM32U375VGI6, STM32U375VGI6Q, STM32U375VGT6, STM32U375VGT6Q, STM32U385CGT6, STM32U385CGT6Q, STM32U385CGU6, STM32U385CGU6Q, STM32U385CGY6QTR, STM32U385KGU6, STM32U385RGI6, STM32U385RGI6Q, STM32U385RGT6, STM32U385RGT6Q, STM32U385RGY6GTR, STM32U385RGY6QTR, STM32U385VGI6, STM32U385VGI6Q, STM32U385VGT6, STM32U385VGT6Q, STM32U535CBT6, STM32U535CBT6Q, STM32U535CBU6, STM32U535CBU6Q, STM32U535CCT6, STM32U535CCT6Q, STM32U535CCU6, STM32U535CCU6Q, STM32U535CET6, STM32U535CET6Q, STM32U535CEU6, STM32U535CEU6Q, STM32U535JEY6QTR, STM32U535NCY6QTR, STM32U535NEY6QTR, STM32U535RBI6, STM32U535RBI6Q, STM32U535RBT6, STM32U535RBT6Q, STM32U535RCI6, STM32U535RCI6Q, STM32U535RCT6, STM32U535RCT6Q, STM32U535REI6, STM32U535REI6Q, STM32U535RET6, STM32U535RET6Q, STM32U535VCI6, STM32U535VCI6Q, STM32U535VCT6, STM32U535VCT6Q, STM32U535VEI6, STM32U535VEI6Q, STM32U535VET6, STM32U535VET6Q, STM32U545CET6, STM32U545CET6Q, STM32U545CEU6, STM32U545CEU6Q, STM32U545JEY6QTR, STM32U545NEY6QTR, STM32U545REI6, STM32U545REI6Q, STM32U545RET6, STM32U545RET6Q, STM32U545VEI6, STM32U545VEI6Q, STM32U545VET6, STM32U545VET6Q, STM32U595AIH6, STM32U595AIH6Q, STM32U595AJH6, STM32U595AJH6Q, STM32U595QII6, STM32U595QII6Q, STM32U595QJI6, STM32U595QJI6Q, STM32U595RIT6, STM32U595RIT6Q, STM32U595RJT6, STM32U595RJT6Q, STM32U595VIT6, STM32U595VIT6Q, STM32U595VJT6, STM32U595VJT6Q, STM32U595ZIT6, STM32U595ZIT6Q, STM32U595ZIY6QTR, STM32U595ZJT6, STM32U595ZJT6Q, STM32U595ZJY6QTR, STM32U599BJY6QTR, STM32U599NIH6Q, STM32U599NJH6Q, STM32U599VIT6Q, STM32U599VJT6, STM32U599VJT6Q, STM32U599ZIT6Q, STM32U599ZIY6QTR, STM32U599ZJT6Q, STM32U599ZJY6QTR, STM32U5A5AJH6, STM32U5A5AJH6Q, STM32U5A5QII3Q , STM32U5A5QJI6, STM32U5A5QJI6Q, STM32U5A5RJT6, STM32U5A5RJT6Q, STM32U5A5VJT6, STM32U5A5VJT6Q, STM32U5A5ZJT6, STM32U5A5ZJT6Q, STM32U5A5ZJY6QTR, STM32U5A9BJY6QTR, STM32U5A9J-DK, STM32U5A9NJH6Q, STM32U5A9VJT6Q, STM32U5A9ZJT6Q, STM32U5A9ZJY6QTR, STM32U5F7VIT6, STM32U5F7VIT6Q, STM32U5F7VJT6, STM32U5F7VJT6Q, STM32U5F9BJY6QTR, STM32U5F9NJH6Q, STM32U5F9VIT6Q, STM32U5F9VJT6Q, STM32U5F9ZIJ6QTR, STM32U5F9ZIT6Q, STM32U5F9ZJJ6QTR, STM32U5F9ZJT6Q, STM32U5G7VJT6, STM32U5G7VJT6Q, STM32U5G9BJY6QTR, STM32U5G9J-DK1, STM32U5G9J-DK2, STM32U5G9NJH6Q, STM32U5G9VJT6Q, STM32U5G9ZJJ6QTR, STM32U5G9ZJT6Q, STM32WB05KZV6TR, STM32WB05KZV7TR, STM32WB05TZF6TR, STM32WB05TZF7TR, STM32WB06CCF6TR, STM32WB06CCF7TR, STM32WB06CCV6TR, STM32WB06CCV7TR, STM32WB06KCV6TR, STM32WB06KCV7TR, STM32WB07CCF6TR, STM32WB07CCF7TR, STM32WB07CCV6TR, STM32WB07CCV7TR, STM32WB07KCV6TR, STM32WB07KCV7TR, STM32WB09KEV6TR, STM32WB09KEV7TR, STM32WB09TEF6TR, STM32WB09TEF7TR, STM32WB1MMCH6, STM32WBA50KGU6, STM32WBA50KGU6TR, STM32WBA52CEU6, STM32WBA52CEU6TR, STM32WBA52CEU7, STM32WBA52CEU7TR, STM32WBA52CGU6, STM32WBA52CGU6TR, STM32WBA52CGU6U, STM32WBA52CGU7, STM32WBA52CGU7TR, STM32WBA52KEU6, STM32WBA52KEU6TR, STM32WBA52KGU6, STM32WBA52KGU6TR, STM32WBA54CEU6, STM32WBA54CEU6TR, STM32WBA54CEU7, STM32WBA54CEU7TR, STM32WBA54CGU6, STM32WBA54CGU6TR, STM32WBA54CGU7, STM32WBA54CGU7TR, STM32WBA54KEU6, STM32WBA54KEU6TR, STM32WBA54KEU7, STM32WBA54KEU7TR, STM32WBA54KGU6, STM32WBA54KGU6TR, STM32WBA54KGU7, STM32WBA54KGU7TR, STM32WBA55CEU6, STM32WBA55CEU6TR, STM32WBA55CEU7, STM32WBA55CEU7TR, STM32WBA55CGU6, STM32WBA55CGU6TR, STM32WBA55CGU6U, STM32WBA55CGU7, STM32WBA55CGU7TR, STM32WBA55G-DK1, STM32WBA55HEF6, STM32WBA55HEF7, STM32WBA55HGF6, STM32WBA55HGF7, STM32WBA55UEI6, STM32WBA55UEI6TR, STM32WBA55UEI7, STM32WBA55UEI7TR, STM32WBA55UGI6, STM32WBA55UGI6TR, STM32WBA55UGI7, STM32WBA55UGI7TR, STM32WBA5MMGH6TR, STM32WBA62MGF6, STM32WBA62MIF6, STM32WBA65MGF7, STM32WBA65MIF6, STM32WBA65MIF7, STM32WL30K8V6, STM32WL30KBV6, STM32WL31C8V6, STM32WL31CBV6, STM32WL31K8V6, STM32WL31KBV6, STM32WL33C8V6, STM32WL33C8V6X, STM32WL33CBV6, STM32WL33CBV6X, STM32WL33CCV6, STM32WL33CCV6A, STM32WL33CCV6X, STM32WL33K8V7, STM32WL33K8V7X, STM32WL33KBV7 , STM32WL33KBV7X, STM32WL33KCV7, STM32WL33KCV7X, STM32WL5MOCH6, STM32WL5MOCH6TR]
2025-07-29 08:48:09,327 [INFO] DbMcus:218 - Found 4801 MCUs, 4801 are supported
2025-07-29 08:48:09,328 [INFO] ApiDb:423 - Load user favorites file C:\Users\guan-ming.dennis-won/.stm32cubeide/favorites.mcus.txt: 0 item(s)
2025-07-29 08:48:09,328 [INFO] ApiDb:427 - User favorites MCUs=[]
2025-07-29 08:48:09,328 [INFO] DbMcus:224 - Set 0 / 0 favorites MCUs
2025-07-29 08:48:09,748 [INFO] ApiDb:668 - CubeFinder database Data Model version=2.1
2025-07-29 08:48:09,748 [INFO] ApiDb:669 - CubeFinder database Configuration version=3.0.39
2025-07-29 08:48:09,748 [INFO] ApiDb:670 - CubeFinder database generation date=2025-07-21 (1753107327)
2025-07-29 08:48:09,748 [INFO] ApiDb:671 - CubeFinder database FW Pack versions=[FP-ATR-ASTRA1_V2.0.0, FP-SNS-FLIGHT1_V5.1.0, FP-SNS-MOTENV1_V5.0.0, FP-SNS-MOTENVWB1_V1.4.0, FP-SNS-SMARTAG2_V1.2.0, FP-SNS-STBOX1_V2.0.0, STM32Cube_FW_C0_V1.4.0, STM32Cube_FW_F4_V1.28.2, STM32Cube_FW_F7_V1.17.3, STM32Cube_FW_G0_V1.6.2, STM32Cube_FW_G4_V1.6.1, STM32Cube_FW_H5_V1.5.0, STM32Cube_FW_H7RS_V1.2.0, STM32Cube_FW_H7_V1.12.1, STM32Cube_FW_L0_V1.12.2, STM32Cube_FW_L4_V1.18.1, STM32Cube_FW_L5_V1.5.1, STM32Cube_FW_N6_V1.2.0, STM32Cube_FW_U0_V1.3.0, STM32Cube_FW_U3_V1.2.0, STM32Cube_FW_U5_V1.8.0, STM32Cube_FW_WB0_V1.3.0, STM32Cube_FW_WBA_V1.7.0, STM32Cube_FW_WB_V1.23.0, STM32Cube_FW_WL3_V1.2.0, STM32Cube_FW_WL_V1.3.1, X-CUBE-ALGOBUILD_V1.4.0, X-CUBE-ALS_V1.0.2, X-CUBE-AZRTOS-F4_V1.1.0, X-CUBE-AZRTOS-F7_V1.1.0, X-CUBE-AZRTOS-G0_V1.1.0, X-CUBE-AZRTOS-G4_V2.0.0, X-CUBE-AZRTOS-H7RS_V1.1.0, X-CUBE-AZRTOS-H7_V3.3.0, X-CUBE-AZRTOS-L4_V2.0.0, X-CUBE-AZRTOS-L5_V2.0.0, X-CUBE-AZRTOS-WB_V2.0.0, X-CUBE-AZRTOS-WL_V2.0.0, X-CUBE-BLE1_V7.1.0, X-CUBE-BLE2_V3.3.0, X-CUBE-BLEMGR_V4.0.0, X-CUBE-EEPRMA1_V5.1.0, X-CUBE-FREERTOS_V1.3.1, X-CUBE-GNSS1_V6.0.0, X-CUBE-MEMS1_V11.3.0, X-CUBE-NFC4_V3.0.0, X-CUBE-NFC7_V2.0.0, X-CUBE-SFXS2LP1_V4.0.0, X-CUBE-SUBG2_V5.0.0, X-CUBE-TOF1_V3.4.3]
2025-07-29 08:48:09,822 [INFO] DbBoardsSqlite:226 - include board P-NUCLEO-WB55-NUCLEO as a kit item of type 'Nucleo-64'
2025-07-29 08:48:09,822 [INFO] DbBoardsSqlite:226 - include board P-NUCLEO-WB55-USBDONGLE as a kit item of type 'Nucleo USB Dongle'
2025-07-29 08:48:09,822 [INFO] DbBoardsSqlite:226 - include board STEVAL-IDP005V1 as a kit item of type 'Evaluation Board'
2025-07-29 08:48:09,823 [INFO] DbBoardsSqlite:226 - include board STEVAL-IDP005V2 as a kit item of type 'Evaluation Board'
2025-07-29 08:48:09,895 [INFO] ApiDb:240 - Found 880 in-development CPN: [B-G473E-ZEST1S, B-WB1M-WPAN1, B-WBA5M-WPAN, B-WL5M-SUBG1, NUCLEO-C031C6, NUCLEO-C051C8, NUCLEO-C071RB, NUCLEO-C092RC, NUCLEO-H503RB, NUCLEO-H533RE, NUCLEO-H563ZI, NUCLEO-H7S3L8, NUCLEO-N657X0-Q, NUCLEO-U031R8, NUCLEO-U083RC, NUCLEO-U385RG-Q, NUCLEO-U545RE-Q, NUCLEO-U5A5ZJ-Q, NUCLEO-WB05KZ, NUCLEO-WB07CC, NUCLEO-WB09KE, NUCLEO-WBA52CG, NUCLEO-WBA55CG, NUCLEO-WL33CC1, NUCLEO-WL33CC2, STEVAL-PROTEUS1, STEVAL-SMARTAG2, STEVAL-STWINBX1, STM320518-EVAL, STM32C0116-DK, STM32C011D6Y3TR, STM32C011D6Y6TR, STM32C011F4P3, STM32C011F4P6, STM32C011F4U3, STM32C011F4U6TR, STM32C011F6P3, STM32C011F6P6, STM32C011F6U3, STM32C011F6U6TR, STM32C011J4M3, STM32C011J4M6, STM32C011J6M3, STM32C011J6M6, STM32C0316-DK, STM32C031C4T3, STM32C031C4T6, STM32C031C4U3, STM32C031C4U6, STM32C031C6T3, STM32C031C6T6, STM32C031C6U3, STM32C031C6U6, STM32C031F4P3, STM32C031F4P6, STM32C031F6P3, STM32C031F6P6, STM32C031G4U3, STM32C031G4U6, STM32C031G6U3, STM32C031G6U6, STM32C031K4T3, STM32C031K4T6, STM32C031K4U3, STM32C031K4U6, STM32C031K6T3, STM32C031K6T6, STM32C031K6U3, STM32C031K6U6, STM32C051C6T6, STM32C051C6U6, STM32C051C8T6, STM32C051C8U6, STM32C051D8Y6TR, STM32C051F6P6, STM32C051F8P6, STM32C051G6U6, STM32C051G8U6, STM32C051K6T6, STM32C051K6U6, STM32C051K8T6, STM32C071C8T6, STM32C071C8T6N, STM32C071C8U6, STM32C071C8U6N, STM32C071CBT6, STM32C071CBT6N, STM32C071CBU6, STM32C071CBU6N, STM32C071F8P6, STM32C071F8P6N, STM32C071FBP6, STM32C071FBP6N, STM32C071FBY6TR, STM32C071G8U6, STM32C071G8U6N, STM32C071GBU6, STM32C071GBU6N, STM32C071K8T6, STM32C071K8T6N, STM32C071K8U6, STM32C071K8U6N, STM32C071KBT6, STM32C071KBT6N, STM32C071KBU6, STM32C071KBU6N, STM32C071R8T6, STM32C071R8T6N, STM32C071RBI6N, STM32C071RBT6, STM32C071RBT6N, STM32C091CBT6, STM32C091CBU6, STM32C091CCT6, STM32C091CCU6, STM32C091ECY6TR, STM32C091FBP6, STM32C091FCP6, STM32C091GBU6, STM32C091GCU6, STM32C091KBT6, STM32C091KBU6, STM32C091KCT6, STM32C091KCU6, STM32C091RBT6, STM32C091RCI6, STM32C091RCT6, STM32C092CBT6, STM32C092CBU6, STM32C092CCT6, STM32C092CCU6, STM32C092ECY6TR, STM32C092FBP6, STM32C092FCP6, STM32C092GBU6, STM32C092GCU6, STM32C092KBT6, STM32C092KBU6, STM32C092KCT6, STM32C092KCU6, STM32C092RBT6, STM32C092RCI6, STM32C092RCT6, STM32G071K8TXN, STM32G071K8UXN, STM32G081GBU6N, STM32G081KBT6N, STM32G081KBUXN, STM32G0B1CCT6N, STM32G0B1KCT6, STM32G0B1NEY6TR, STM32G0B1RCT6N, STM32G0C1CCT6, STM32G0C1CCT6N, STM32G0C1CCU6N, STM32G0C1CET6N, STM32G0C1CEU6N, STM32G0C1KCT6, STM32G0C1NEY6TR, STM32G0C1RCI6N, STM32G0C1RCT6N, STM32G0C1REI6N, STM32G0C1RET6N, STM32G0C1VCI6, STM32G0C1VEI6, STM32G411C6T3, STM32G411C6T6, STM32G411C6U3, STM32G411C6U6, STM32G411C8T3, STM32G411C8T6, STM32G411C8U3, STM32G411C8U6, STM32G411CBT3, STM32G411CBT6, STM32G411CBU3, STM32G411CBU6, STM32G411K6T3, STM32G411K6T6, STM32G411K6U3, STM32G411K6U6, STM32G411K8T3, STM32G411K8T6, STM32G411K8U3, STM32G411K8U6, STM32G411KBT3, STM32G411KBT6, STM32G411KBU3, STM32G411KBU6, STM32G411M6T3, STM32G411M6T6, STM32G411M8T3, STM32G411M8T6, STM32G411MBT3, STM32G411MBT6, STM32G411R6T3, STM32G411R6T6, STM32G411R8T3, STM32G411R8T6, STM32G411RBT3, STM32G411RBT6, STM32G414CBT3, STM32G414CBT6, STM32G414CBU3, STM32G414CBU6, STM32G414CCT3, STM32G414CCT6, STM32G414CCU3, STM32G414CCU6, STM32G414MBT3, STM32G414MBT6, STM32G414MCT3, STM32G414MCT6, STM32G414RBT3, STM32G414RBT6, STM32G414RCT3, STM32G414RCT6, STM32G414VBT3, STM32G414VBT6, STM32G414VCT3, STM32G414VCT6, STM32G431CBT3Z, STM32G431RBT3Z, STM32G471CCT6, STM32G471CCU6, STM32G471CET3, STM32G471CET6, STM32G471CEU3, STM32G471CEU6, STM32G471MCT6, STM32G471MET3, STM32G471MET6, STM32G471MEY6TR, STM32G471QCT6, STM32G471QET3, STM32G471RCT6, STM32G471RET3, STM32G471RET6, STM32G471VCH6, STM32G471VCI6, STM32G471VCT6, STM32G471VEH3, STM32G471VEH6, STM32G471VEI3, STM32G471VEI6, STM32G471VET3, STM32G471VET6, STM32G473QET3Z, STM32G473RET3Z, STM32G474CCT6, STM32G491RET3Z, STM32H503CBT6, STM32H503CBU6, STM32H503EBY6TR, STM32H503KBU6, STM32H503RBT6, STM32H523CCT6, STM32H523CCU6, STM32H523CET6, STM32H523CEU6, STM32H523HEY6TR, STM32H523RCT6, STM32H523RET6, STM32H523VCI6, STM32H523VCT6, STM32H523VEI6, STM32H523VET6, STM32H523ZCJ6, STM32H523ZCT6, STM32H523ZEJ6, STM32H523ZET6, STM32H533CET6, STM32H533CEU6, STM32H533HEY6TR, STM32H533RET6, STM32H533VEI6, STM32H533VET6, STM32H533ZEJ6, STM32H533ZET6, STM32H562AGI6, STM32H562AII6, STM32H562IGK6, STM32H562IGT6, STM32H562IIK6, STM32H562IIT6, STM32H562RGT6, STM32H562RGV6, STM32H562RIT6, STM32H562RIV6, STM32H562VGT6, STM32H562VIT6, STM32H562ZGT6, STM32H562ZIT6, STM32H563AGI6, STM32H563AII3Q, STM32H563AII6, STM32H563IGK6, STM32H563IGT6, STM32H563IIK3Q, STM32H563IIK6, STM32H563IIT3Q, STM32H563IIT6, STM32H563MIY3QTR, STM32H563RGT6, STM32H563RGV6, STM32H563RIT6, STM32H563RIV6, STM32H563VGT6, STM32H563VIT3Q, STM32H563VIT6, STM32H563ZGT6, STM32H563ZIT3Q, STM32H563ZIT6, STM32H573AII3Q, STM32H573AII6, STM32H573I-DK, STM32H573IIK3Q, STM32H573IIK6, STM32H573IIT3Q, STM32H573IIT6, STM32H573MIY3QTR, STM32H573RIT6, STM32H573RIV6, STM32H573VIT3Q, STM32H573VIT6, STM32H573ZIT3Q, STM32H573ZIT6, STM32H7R3A8I6, STM32H7R3I8K6, STM32H7R3I8T6, STM32H7R3L8H6, STM32H7R3L8H6H, STM32H7R3R8V6, STM32H7R3V8H6, STM32H7R3V8T6, STM32H7R3V8Y6TR, STM32H7R3Z8J6, STM32H7R3Z8T6, STM32H7R7A8I6, STM32H7R7I8K6, STM32H7R7I8T6, STM32H7R7L8H6, STM32H7R7L8H6H, STM32H7R7Z8J6, STM32H7S3A8I6, STM32H7S3I8K6, STM32H7S3I8T6, STM32H7S3L8H6, STM32H7S3L8H6H, STM32H7S3R8V6, STM32H7S3V8H6, STM32H7S3V8T6, STM32H7S3V8Y6TR, STM32H7S3Z8J6, STM32H7S3Z8T6, STM32H7S78-DK, STM32H7S7A8I6, STM32H7S7I8K6, STM32H7S7I8T6, STM32H7S7L8H6, STM32H7S7L8H6H, STM32H7S7Z8J6, STM32L4R5QGI6STR, STM32MP131AAE3, STM32MP131AAF3, STM32MP131AAG3, STM32MP131CAE3, STM32MP131CAF3, STM32MP131CAG3, STM32MP131DAE7, STM32MP131DAF7, STM32MP131DAG7, STM32MP131FAE7, STM32MP131FAF7, STM32MP131FAG7, STM32MP133AAE3, STM32MP133AAF3, STM32MP133AAG3, STM32MP133CAE3, STM32MP133CAF3, STM32MP133CAG3, STM32MP133DAE7, STM32MP133DAF7, STM32MP133DAG7, STM32MP133FAE7, STM32MP133FAF7, STM32MP133FAG7, STM32MP135AAE3, STM32MP135AAF3, STM32MP135AAG3, STM32MP135CAE3, STM32MP135CAF3, STM32MP135CAG3, STM32MP135DAE7, STM32MP135DAF7, STM32MP135DAG7, STM32MP135F-DK, STM32MP135FAE7, STM32MP135FAF7, STM32MP135FAF7T, STM32MP135FAF7U, STM32MP135FAG7, STM32MP211AAL3, STM32MP211AAM3, STM32MP211AAN3, STM32MP211AAO3, STM32MP211CAL3, STM32MP211CAM3, STM32MP211CAN3, STM32MP211CAO3, STM32MP211DAL3, STM32MP211DAM3, STM32MP211DAN3, STM32MP211DAO3, STM32MP211FAL3, STM32MP211FAM3, STM32MP211FAN3, STM32MP211FAO3, STM32MP213AAL3, STM32MP213AAM3, STM32MP213AAN3, STM32MP213AAO3, STM32MP213CAL3, STM32MP213CAM3, STM32MP213CAN3, STM32MP213CAO3, STM32MP213DAL3, STM32MP213DAM3, STM32MP213DAN3, STM32MP213DAO3, STM32MP213FAL3, STM32MP213FAM3, STM32MP213FAN3, STM32MP213FAO3, STM32MP215AAL3, STM32MP215AAM3, STM32MP215AAN3, STM32MP215AAO3, STM32MP215CAL3, STM32MP215CAM3, STM32MP215CAN3, STM32MP215CAO3, STM32MP215DAL3, STM32MP215DAM3, STM32MP215DAN3, STM32MP215DAO3, STM32MP215F-DK, STM32MP215FAL3, STM32MP215FAM3, STM32MP215FAN3, STM32MP215FAO3, STM32MP231AAJ3, STM32MP231AAK3, STM32MP231AAL3, STM32MP231CAJ3, STM32MP231CAK3, STM32MP231CAL3, STM32MP231DAJ3, STM32MP231DAK3, STM32MP231DAL3, STM32MP231FAJ3, STM32MP231FAK3, STM32MP231FAL3, STM32MP233AAJ3, STM32MP233AAK3, STM32MP233AAL3, STM32MP233CAJ3, STM32MP233CAK3, STM32MP233CAL3, STM32MP233DAJ3, STM32MP233DAK3, STM32MP233DAL3, STM32MP233FAJ3, STM32MP233FAK3, STM32MP233FAL3, STM32MP235AAJ3, STM32MP235AAK3, STM32MP235AAL3, STM32MP235CAJ3, STM32MP235CAK3, STM32MP235CAL3, STM32MP235DAJ3, STM32MP235DAK3, STM32MP235DAL3, STM32MP235FAJ3, STM32MP235FAK3, STM32MP235FAL3, STM32MP251AAI3, STM32MP251AAK3, STM32MP251AAL3, STM32MP251CAI3, STM32MP251CAK3, STM32MP251CAL3, STM32MP251DAI3, STM32MP251DAK3, STM32MP251DAL3, STM32MP251FAI3, STM32MP251FAK3, STM32MP251FAL3, STM32MP253AAI3, STM32MP253AAK3, STM32MP253AAL3, STM32MP253CAI3, STM32MP253CAK3, STM32MP253CAL3, STM32MP253DAI3, STM32MP253DAK3, STM32MP253DAL3, STM32MP253FAI3, STM32MP253FAK3, STM32MP253FAL3, STM32MP255AAI3, STM32MP255AAK3, STM32MP255AAL3, STM32MP255CAI3, STM32MP255CAK3, STM32MP255CAL3, STM32MP255DAI3, STM32MP255DAK3, STM32MP255DAL3, STM32MP255FAI3, STM32MP255FAK3, STM32MP255FAL3, STM32MP257AAI3, STM32MP257AAK3, STM32MP257AAL3, STM32MP257CAI3, STM32MP257CAK3, STM32MP257CAL3, STM32MP257DAI3, STM32MP257DAK3, STM32MP257DAL3, STM32MP257F-DK, STM32MP257F-EV1, STM32MP257FAI3, STM32MP257FAK3, STM32MP257FAL3, STM32N645A0H3Q, STM32N645B0H3Q, STM32N645I0H3Q, STM32N645L0H3Q, STM32N645X0H3Q, STM32N645Z0H3Q, STM32N647A0H3Q, STM32N647B0H3Q, STM32N647I0H3Q, STM32N647L0H3Q, STM32N647X0H3Q, STM32N647Z0H3Q, STM32N655A0H3Q, STM32N655B0H3Q, STM32N655I0H3Q, STM32N655L0H3Q, STM32N655X0H3Q, STM32N655Z0H3Q, STM32N6570-DK, STM32N657A0H3Q, STM32N657B0H3Q, STM32N657I0H3Q, STM32N657L0H3Q, STM32N657X0H3Q, STM32N657Z0H3Q, STM32U031C6T6, STM32U031C6U6, STM32U031C8T6, STM32U031C8U6, STM32U031F4P6, STM32U031F6P6, STM32U031F8P6, STM32U031G6Y6TR, STM32U031G8Y6TR, STM32U031K4U6, STM32U031K6U6, STM32U031K8U6, STM32U031R6I6, STM32U031R6T6, STM32U031R8I6, STM32U031R8T6, STM32U073C8T6, STM32U073C8U6, STM32U073CBT6, STM32U073CBU6, STM32U073CCT6, STM32U073CCU6, STM32U073H8Y6TR, STM32U073HBY6TR, STM32U073HCY6TR, STM32U073K8U6, STM32U073KBU6, STM32U073KCU6, STM32U073M8I6, STM32U073M8T6, STM32U073MBI6, STM32U073MBT6, STM32U073MCI6, STM32U073MCT6, STM32U073R8I6, STM32U073R8T6, STM32U073RBI6, STM32U073RBT6, STM32U073RCI6, STM32U073RCT6, STM32U083C-DK, STM32U083CCT6, STM32U083CCU6, STM32U083HCY6TR, STM32U083KCU6, STM32U083MCI6, STM32U083MCT6, STM32U083RCI6, STM32U083RCT6, STM32U375CET6, STM32U375CET6Q, STM32U375CEU6, STM32U375CEU6Q, STM32U375CEY6QTR, STM32U375CGT6, STM32U375CGT6Q, STM32U375CGU6, STM32U375CGU6Q, STM32U375CGY6QTR, STM32U375KEU6, STM32U375KGU6, STM32U375REI6, STM32U375REI6Q, STM32U375RET6, STM32U375RET6Q, STM32U375REY6GTR, STM32U375REY6QTR, STM32U375RGI6, STM32U375RGI6Q, STM32U375RGT6, STM32U375RGT6Q, STM32U375RGY6GTR, STM32U375RGY6QTR, STM32U375VEI6, STM32U375VEI6Q, STM32U375VET6, STM32U375VET6Q, STM32U375VGI6, STM32U375VGI6Q, STM32U375VGT6, STM32U375VGT6Q, STM32U385CGT6, STM32U385CGT6Q, STM32U385CGU6, STM32U385CGU6Q, STM32U385CGY6QTR, STM32U385KGU6, STM32U385RGI6, STM32U385RGI6Q, STM32U385RGT6, STM32U385RGT6Q, STM32U385RGY6GTR, STM32U385RGY6QTR, STM32U385VGI6, STM32U385VGI6Q, STM32U385VGT6, STM32U385VGT6Q, STM32U535CBT6, STM32U535CBT6Q, STM32U535CBU6, STM32U535CBU6Q, STM32U535CCT6, STM32U535CCT6Q, STM32U535CCU6, STM32U535CCU6Q, STM32U535CET6, STM32U535CET6Q, STM32U535CEU6, STM32U535CEU6Q, STM32U535JEY6QTR, STM32U535NCY6QTR, STM32U535NEY6QTR, STM32U535RBI6, STM32U535RBI6Q, STM32U535RBT6, STM32U535RBT6Q, STM32U535RCI6, STM32U535RCI6Q, STM32U535RCT6, STM32U535RCT6Q, STM32U535REI6, STM32U535REI6Q, STM32U535RET6, STM32U535RET6Q, STM32U535VCI6, STM32U535VCI6Q, STM32U535VCT6, STM32U535VCT6Q, STM32U535VEI6, STM32U535VEI6Q, STM32U535VET6, STM32U535VET6Q, STM32U545CET6, STM32U545CET6Q, STM32U545CEU6, STM32U545CEU6Q, STM32U545JEY6QTR, STM32U545NEY6QTR, STM32U545REI6, STM32U545REI6Q, STM32U545RET6, STM32U545RET6Q, STM32U545VEI6, STM32U545VEI6Q, STM32U545VET6, STM32U545VET6Q, STM32U595AIH6, STM32U595AIH6Q, STM32U595AJH6, STM32U595AJH6Q, STM32U595QII6, STM32U595QII6Q, STM32U595QJI6, STM32U595QJI6Q, STM32U595RIT6, STM32U595RIT6Q, STM32U595RJT6, STM32U595RJT6Q, STM32U595VIT6, STM32U595VIT6Q, STM32U595VJT6, STM32U595VJT6Q, STM32U595ZIT6, STM32U595ZIT6Q, STM32U595ZIY6QTR, STM32U595ZJT6, STM32U595ZJT6Q, STM32U595ZJY6QTR, STM32U599BJY6QTR, STM32U599NIH6Q, STM32U599NJH6Q, STM32U599VIT6Q, STM32U599VJT6, STM32U599VJT6Q, STM32U599ZIT6Q, STM32U599ZIY6QTR, STM32U599ZJT6Q, STM32U599ZJY6QTR, STM32U5A5AJH6, STM32U5A5AJH6Q, STM32U5A5QII3Q , STM32U5A5QJI6, STM32U5A5QJI6Q, STM32U5A5RJT6, STM32U5A5RJT6Q, STM32U5A5VJT6, STM32U5A5VJT6Q, STM32U5A5ZJT6, STM32U5A5ZJT6Q, STM32U5A5ZJY6QTR, STM32U5A9BJY6QTR, STM32U5A9J-DK, STM32U5A9NJH6Q, STM32U5A9VJT6Q, STM32U5A9ZJT6Q, STM32U5A9ZJY6QTR, STM32U5F7VIT6, STM32U5F7VIT6Q, STM32U5F7VJT6, STM32U5F7VJT6Q, STM32U5F9BJY6QTR, STM32U5F9NJH6Q, STM32U5F9VIT6Q, STM32U5F9VJT6Q, STM32U5F9ZIJ6QTR, STM32U5F9ZIT6Q, STM32U5F9ZJJ6QTR, STM32U5F9ZJT6Q, STM32U5G7VJT6, STM32U5G7VJT6Q, STM32U5G9BJY6QTR, STM32U5G9J-DK1, STM32U5G9J-DK2, STM32U5G9NJH6Q, STM32U5G9VJT6Q, STM32U5G9ZJJ6QTR, STM32U5G9ZJT6Q, STM32WB05KZV6TR, STM32WB05KZV7TR, STM32WB05TZF6TR, STM32WB05TZF7TR, STM32WB06CCF6TR, STM32WB06CCF7TR, STM32WB06CCV6TR, STM32WB06CCV7TR, STM32WB06KCV6TR, STM32WB06KCV7TR, STM32WB07CCF6TR, STM32WB07CCF7TR, STM32WB07CCV6TR, STM32WB07CCV7TR, STM32WB07KCV6TR, STM32WB07KCV7TR, STM32WB09KEV6TR, STM32WB09KEV7TR, STM32WB09TEF6TR, STM32WB09TEF7TR, STM32WB1MMCH6, STM32WBA50KGU6, STM32WBA50KGU6TR, STM32WBA52CEU6, STM32WBA52CEU6TR, STM32WBA52CEU7, STM32WBA52CEU7TR, STM32WBA52CGU6, STM32WBA52CGU6TR, STM32WBA52CGU6U, STM32WBA52CGU7, STM32WBA52CGU7TR, STM32WBA52KEU6, STM32WBA52KEU6TR, STM32WBA52KGU6, STM32WBA52KGU6TR, STM32WBA54CEU6, STM32WBA54CEU6TR, STM32WBA54CEU7, STM32WBA54CEU7TR, STM32WBA54CGU6, STM32WBA54CGU6TR, STM32WBA54CGU7, STM32WBA54CGU7TR, STM32WBA54KEU6, STM32WBA54KEU6TR, STM32WBA54KEU7, STM32WBA54KEU7TR, STM32WBA54KGU6, STM32WBA54KGU6TR, STM32WBA54KGU7, STM32WBA54KGU7TR, STM32WBA55CEU6, STM32WBA55CEU6TR, STM32WBA55CEU7, STM32WBA55CEU7TR, STM32WBA55CGU6, STM32WBA55CGU6TR, STM32WBA55CGU6U, STM32WBA55CGU7, STM32WBA55CGU7TR, STM32WBA55G-DK1, STM32WBA55HEF6, STM32WBA55HEF7, STM32WBA55HGF6, STM32WBA55HGF7, STM32WBA55UEI6, STM32WBA55UEI6TR, STM32WBA55UEI7, STM32WBA55UEI7TR, STM32WBA55UGI6, STM32WBA55UGI6TR, STM32WBA55UGI7, STM32WBA55UGI7TR, STM32WBA5MMGH6TR, STM32WBA62MGF6, STM32WBA62MIF6, STM32WBA65MGF7, STM32WBA65MIF6, STM32WBA65MIF7, STM32WL30K8V6, STM32WL30KBV6, STM32WL31C8V6, STM32WL31CBV6, STM32WL31K8V6, STM32WL31KBV6, STM32WL33C8V6, STM32WL33C8V6X, STM32WL33CBV6, STM32WL33CBV6X, STM32WL33CCV6, STM32WL33CCV6A, STM32WL33CCV6X, STM32WL33K8V7, STM32WL33K8V7X, STM32WL33KBV7 , STM32WL33KBV7X, STM32WL33KCV7, STM32WL33KCV7X, STM32WL5MOCH6, STM32WL5MOCH6TR]
2025-07-29 08:48:10,128 [INFO] BoardInfo:889 - No configuration file found for board P-NUCLEO-WB55
2025-07-29 08:48:10,130 [INFO] DbBoards:161 - Kit is not supported: P-NUCLEO-WB55
2025-07-29 08:48:10,138 [INFO] BoardInfo:889 - No configuration file found for board STEVAL-BFA001V1B
2025-07-29 08:48:10,139 [INFO] DbBoards:161 - Kit is not supported: STEVAL-BFA001V1B
2025-07-29 08:48:10,140 [INFO] BoardInfo:889 - No configuration file found for board STEVAL-BFA001V2B
2025-07-29 08:48:10,141 [INFO] DbBoards:161 - Kit is not supported: STEVAL-BFA001V2B
2025-07-29 08:48:10,377 [INFO] DbBoards:168 - Found 212 boards, 209 are supported
2025-07-29 08:48:10,377 [INFO] DbBoards:169 - Found 212 boards, 43 of them is supported for  Bsp
2025-07-29 08:48:10,380 [INFO] ApiDb:423 - Load user favorites file C:\Users\guan-ming.dennis-won/.stm32cubeide/favorites.boards.txt: 0 item(s)
2025-07-29 08:48:10,380 [INFO] ApiDb:427 - User favorites Boards=[]
2025-07-29 08:48:10,380 [INFO] DbBoards:198 - Set 0 / 0 favorites Boards
2025-07-29 08:48:10,381 [INFO] McuFinderGlobals:76 - Set McuFinderConnectedMode to true
2025-07-29 08:48:10,390 [INFO] MultiScanPanel:200 - Auto-refresh data requested => check proxy status ongoing
2025-07-29 08:48:10,393 [INFO] FinderPluginLoader:96 - Searching for filters in installed packs
2025-07-29 08:48:10,394 [INFO] FinderPluginLoader:109 - Found C:\Users\guan-ming.dennis-won\STM32Cube\Repository\Packs\STMicroelectronics\X-CUBE-AI\10.0.0\CubeMX\plugins\ip\ai.10.0.0.jar
2025-07-29 08:48:10,394 [INFO] FinderPluginLoader:119 - Loading ai.10.0.0
2025-07-29 08:48:10,432 [INFO] McuExtendedFiltersManager:95 - Add MCU extended filter: Artificial Intelligence
2025-07-29 08:48:11,372 [INFO] AInterface:114 - AInterface using toolDir: C:/Users/guan-ming.dennis-won/STM32Cube/Repository/Packs/STMicroelectronics/X-CUBE-AI/10.0.0/Utilities/windows
2025-07-29 08:48:11,894 [INFO] LoadUrlFilesThread:185 - End of LoadServerUrlFiles without Thread
2025-07-29 08:48:11,987 [INFO] DetailPanel:341 - Set advertising image to C:/Users/guan-ming.dennis-won/STM32Cube/Repository/\en.2400x1350px.jpeg
2025-07-29 08:49:16,822 [INFO] MainUpdater:2872 - connection check result : 10
2025-07-29 08:49:16,822 [INFO] MainUpdater:2872 - connection check result : 10
2025-07-29 08:49:18,585 [INFO] MicroXplorer:468 - Change Database Path : 
2025-07-29 08:49:18,585 [INFO] MicroXplorer:498 - Change Database Version : DB.6.0.150
2025-07-29 08:49:18,590 [WARN] ThirdParty:871 - waiting for thirdparty lock release [close project]
2025-07-29 08:49:18,591 [INFO] ThirdParty:873 - entering critical section [close project]
2025-07-29 08:49:18,592 [INFO] ThirdParty:883 - exiting critical section [close project]
2025-07-29 08:49:18,594 [INFO] PinOutPanel:1589 - setPackage(No Configuration,No Configuration)
2025-07-29 08:49:18,595 [INFO] UtilMem:75 - Begin LoadConfig() Used Memory: 600691856 Bytes (1010827264)
2025-07-29 08:49:18,597 [INFO] MicroXplorer:468 - Change Database Path : 
2025-07-29 08:49:18,597 [INFO] MicroXplorer:498 - Change Database Version : DB.6.0.150
2025-07-29 08:49:18,597 [INFO] OpenFileManager:355 - Change cursor
2025-07-29 08:49:18,673 [INFO] Mcu:2029 - Initializing MCU STM32H743ZITx STM32H743ZITx STM32H743ZIT6
2025-07-29 08:49:22,678 [INFO] Context:786 - Trying to add GPIOservice into a context  which must be forbidden
2025-07-29 08:49:24,570 [INFO] ImportTextPane:234 - (OptionalMessage_ERROR) Unable to find key (Mcu.ThirdPartyNb) in loaded IOC file
2025-07-29 08:49:24,570 [INFO] ImportTextPane:234 - (OptionalMessage_ERROR) Unable to find key (Mcu.PinsNb) in loaded IOC file
2025-07-29 08:49:24,571 [INFO] ImportTextPane:234 - (OptionalMessage_ERROR) Pin0 (VP_RIF_VS_RIF1) cannot be retrieved for this MCU
2025-07-29 08:49:24,571 [INFO] ImportTextPane:234 - (OptionalMessage_ERROR) Unable to find key (Mcu.IPNb) in loaded IOC file
2025-07-29 08:49:24,660 [INFO] RtosManager:558 - Registered RTOS mode: class=CMSIS, group=RTOS, mode=CMSIS_V1, owner=FREERTOS
2025-07-29 08:49:24,661 [INFO] RtosManager:558 - Registered RTOS mode: class=CMSIS, group=RTOS2, mode=CMSIS_V2, owner=FREERTOS
2025-07-29 08:49:24,661 [INFO] RtosManager:558 - Registered RTOS mode: class=RTOS, group=Core, mode=CMSIS_V1, owner=FREERTOS
2025-07-29 08:49:24,661 [INFO] RtosManager:558 - Registered RTOS mode: class=RTOS, group=Core, mode=CMSIS_V2, owner=FREERTOS
2025-07-29 08:49:24,661 [WARN] ModelIntegratedComponent:184 - Missing modes for component STMicroelectronics:FreeRTOS:0.0.1:STMicroelectronics:RTOS:FreeRTOS:Core:::10.2.0:
2025-07-29 08:49:24,672 [WARN] ModelIntegratedComponent:63 - No mode defined for component null
2025-07-29 08:49:24,673 [WARN] ModelIntegratedComponent:63 - No mode defined for component null
2025-07-29 08:49:24,673 [WARN] ModelIntegratedComponent:63 - No mode defined for component null
2025-07-29 08:49:24,673 [WARN] ModelIntegratedComponent:63 - No mode defined for component null
2025-07-29 08:49:24,673 [WARN] ModelIntegratedComponent:63 - No mode defined for component null
2025-07-29 08:49:24,673 [WARN] ModelIntegratedComponent:63 - No mode defined for component null
2025-07-29 08:49:24,673 [WARN] ModelIntegratedComponent:63 - No mode defined for component null
2025-07-29 08:49:24,673 [WARN] ModelIntegratedComponent:63 - No mode defined for component null
2025-07-29 08:49:24,673 [WARN] ModelIntegratedComponent:63 - No mode defined for component null
2025-07-29 08:49:24,673 [WARN] ModelIntegratedComponent:63 - No mode defined for component null
2025-07-29 08:49:24,673 [WARN] ModelIntegratedComponent:63 - No mode defined for component null
2025-07-29 08:49:24,673 [WARN] ModelIntegratedComponent:63 - No mode defined for component null
2025-07-29 08:49:24,673 [WARN] ModelIntegratedComponent:63 - No mode defined for component null
2025-07-29 08:49:24,673 [WARN] ModelIntegratedComponent:63 - No mode defined for component null
2025-07-29 08:49:24,673 [WARN] ModelIntegratedComponent:63 - No mode defined for component null
2025-07-29 08:49:24,673 [WARN] ModelIntegratedComponent:63 - No mode defined for component null
2025-07-29 08:49:24,673 [WARN] ModelIntegratedComponent:63 - No mode defined for component null
2025-07-29 08:49:24,674 [WARN] ModelIntegratedComponent:63 - No mode defined for component null
2025-07-29 08:49:24,674 [WARN] ModelIntegratedComponent:63 - No mode defined for component null
2025-07-29 08:49:24,674 [WARN] ModelIntegratedComponent:63 - No mode defined for component null
2025-07-29 08:49:24,674 [WARN] ModelIntegratedComponent:63 - No mode defined for component null
2025-07-29 08:49:24,674 [WARN] ModelIntegratedComponent:63 - No mode defined for component null
2025-07-29 08:49:24,674 [WARN] ModelIntegratedComponent:63 - No mode defined for component null
2025-07-29 08:49:24,674 [WARN] ModelIntegratedComponent:63 - No mode defined for component null
2025-07-29 08:49:24,674 [WARN] ModelIntegratedComponent:63 - No mode defined for component null
2025-07-29 08:49:24,674 [WARN] ModelIntegratedComponent:63 - No mode defined for component null
2025-07-29 08:49:24,674 [WARN] ModelIntegratedComponent:63 - No mode defined for component null
2025-07-29 08:49:24,674 [WARN] ModelIntegratedComponent:63 - No mode defined for component null
2025-07-29 08:49:24,674 [WARN] ModelIntegratedComponent:63 - No mode defined for component null
2025-07-29 08:49:24,674 [WARN] ModelIntegratedComponent:63 - No mode defined for component null
2025-07-29 08:49:24,674 [WARN] ModelIntegratedComponent:63 - No mode defined for component null
2025-07-29 08:49:24,674 [WARN] ModelIntegratedComponent:63 - No mode defined for component null
2025-07-29 08:49:24,674 [WARN] ModelIntegratedComponent:63 - No mode defined for component null
2025-07-29 08:49:24,674 [WARN] ModelIntegratedComponent:63 - No mode defined for component null
2025-07-29 08:49:24,674 [WARN] ModelIntegratedComponent:63 - No mode defined for component null
2025-07-29 08:49:24,674 [WARN] ModelPack:524 - Component already loaded: STMicroelectronics:HAL Drivers:0.0.0:STMicroelectronics:Device:STMicro_Driver:XSPI:HAL::0.0.1:HAL_XSPI
2025-07-29 08:49:24,984 [INFO] ThirdPartyModel:298 - Start build external matchings
2025-07-29 08:49:26,329 [INFO] ThirdPartyModel:316 - End build external matchings
2025-07-29 08:49:27,062 [INFO] UtilMem:75 - End LoadConfig() Used Memory: 741848896 Bytes (1073741824)
2025-07-29 08:49:27,087 [WARN] ThirdParty:833 - waiting for thirdparty lock release [change project]
2025-07-29 08:49:27,087 [INFO] ThirdParty:835 - entering critical section [change project]
2025-07-29 08:49:27,087 [INFO] ThirdParty:1030 - CMSIS Pack Vendor :STMicroelectronics X-CUBE-PM33A1 1.0.0
2025-07-29 08:49:27,088 [INFO] ThirdParty:1030 - CMSIS Pack Vendor :STMicroelectronics USBPD 4.1
2025-07-29 08:49:27,088 [INFO] ThirdParty:1030 - CMSIS Pack Vendor :STMicroelectronics USB_HOST 2.0.0
2025-07-29 08:49:27,088 [INFO] ThirdParty:1030 - CMSIS Pack Vendor :STMicroelectronics FP-SNS-MOTENVWB1 1.4.0
2025-07-29 08:49:27,088 [INFO] ThirdParty:1030 - CMSIS Pack Vendor :STMicroelectronics X-CUBE-AZRTOS-F4 1.1.0
2025-07-29 08:49:27,088 [INFO] ThirdParty:1030 - CMSIS Pack Vendor :STMicroelectronics LIBJPEG 8.0.0
2025-07-29 08:49:27,088 [INFO] ThirdParty:1030 - CMSIS Pack Vendor :STMicroelectronics FP-ATR-ASTRA1 2.0.2
2025-07-29 08:49:27,088 [INFO] ThirdParty:1030 - CMSIS Pack Vendor :STMicroelectronics FP-ATR-ASTRA1 2.0.1
2025-07-29 08:49:27,088 [INFO] ThirdParty:1030 - CMSIS Pack Vendor :Avnet-IotConnect X-CUBE-IoTC-DA16k-PMOD 1.0.0
2025-07-29 08:49:27,088 [INFO] ThirdParty:1030 - CMSIS Pack Vendor :STMicroelectronics X-CUBE-SMBUS 2.1.0
2025-07-29 08:49:27,088 [INFO] ThirdParty:1030 - CMSIS Pack Vendor :STMicroelectronics X-CUBE-WB05N 1.1.0
2025-07-29 08:49:27,088 [INFO] ThirdParty:1030 - CMSIS Pack Vendor :STMicroelectronics X-CUBE-ISPU 2.1.0
2025-07-29 08:49:27,088 [INFO] ThirdParty:1030 - CMSIS Pack Vendor :STMicroelectronics X-CUBE-ST60 1.0.0
2025-07-29 08:49:27,088 [INFO] ThirdParty:1030 - CMSIS Pack Vendor :STMicroelectronics X-CUBE-NFC12 1.0.0
2025-07-29 08:49:27,088 [INFO] ThirdParty:1030 - CMSIS Pack Vendor :STMicroelectronics X-CUBE-AZRTOS-F7 1.1.0
2025-07-29 08:49:27,088 [INFO] ThirdParty:1030 - CMSIS Pack Vendor :STMicroelectronics X-CUBE-AZRTOS-L5 2.0.0
2025-07-29 08:49:27,088 [INFO] ThirdParty:1030 - CMSIS Pack Vendor :STMicroelectronics USB_DEVICE 2.0.0
2025-07-29 08:49:27,088 [INFO] ThirdParty:1030 - CMSIS Pack Vendor :STMicroelectronics X-CUBE-NFC6 3.1.0
2025-07-29 08:49:27,088 [INFO] ThirdParty:1030 - CMSIS Pack Vendor :STMicroelectronics FreeRTOS 0.0.1
2025-07-29 08:49:27,088 [INFO] ThirdParty:1030 - CMSIS Pack Vendor :STMicroelectronics X-CUBE-DPower 1.2.0
2025-07-29 08:49:27,088 [INFO] ThirdParty:1030 - CMSIS Pack Vendor :STMicroelectronics FP-SNS-FLIGHT1 5.0.2
2025-07-29 08:49:27,088 [INFO] ThirdParty:1030 - CMSIS Pack Vendor :Infineon AIROC-Wi-Fi-Bluetooth-STM32 1.7.0
2025-07-29 08:49:27,089 [INFO] ThirdParty:1030 - CMSIS Pack Vendor :STMicroelectronics PDM2PCM 3.3.0
2025-07-29 08:49:27,089 [INFO] ThirdParty:1030 - CMSIS Pack Vendor :STMicroelectronics X-CUBE-AZRTOS-H7 3.4.0
2025-07-29 08:49:27,089 [INFO] ThirdParty:1030 - CMSIS Pack Vendor :STMicroelectronics X-CUBE-DISPLAY 3.0.0
2025-07-29 08:49:27,089 [INFO] ThirdParty:1030 - CMSIS Pack Vendor :STMicroelectronics X-CUBE-BLE1 7.0.0
2025-07-29 08:49:27,089 [INFO] ThirdParty:1030 - CMSIS Pack Vendor :STMicroelectronics X-CUBE-NFC10 1.0.0
2025-07-29 08:49:27,089 [INFO] ThirdParty:1030 - CMSIS Pack Vendor :STMicroelectronics X-CUBE-BLEMGR 4.0.0
2025-07-29 08:49:27,089 [INFO] ThirdParty:1030 - CMSIS Pack Vendor :STMicroelectronics X-CUBE-FREERTOS 1.3.1
2025-07-29 08:49:27,089 [INFO] ThirdParty:1030 - CMSIS Pack Vendor :STMicroelectronics HAL Drivers 0.0.0
2025-07-29 08:49:27,089 [INFO] ThirdParty:1030 - CMSIS Pack Vendor :emotas I-CUBE-CANOPEN 1.3.0
2025-07-29 08:49:27,089 [INFO] ThirdParty:1030 - CMSIS Pack Vendor :STMicroelectronics X-CUBE-FREERTOS 1.3.0
2025-07-29 08:49:27,089 [INFO] ThirdParty:1030 - CMSIS Pack Vendor :STMicroelectronics X-CUBE-NFC7 1.0.1
2025-07-29 08:49:27,089 [INFO] ThirdParty:1030 - CMSIS Pack Vendor :STMicroelectronics MBEDTLS 2.14.1
2025-07-29 08:49:27,089 [INFO] ThirdParty:1030 - CMSIS Pack Vendor :STMicroelectronics X-CUBE-AI 10.0.0
2025-07-29 08:49:27,089 [INFO] ThirdParty:1030 - CMSIS Pack Vendor :STMicroelectronics FP-SNS-STAIOTCFT 1.0.0
2025-07-29 08:49:27,089 [INFO] ThirdParty:1030 - CMSIS Pack Vendor :STMicroelectronics FP-SNS-SMARTAG2 1.2.0
2025-07-29 08:49:27,089 [INFO] ThirdParty:1030 - CMSIS Pack Vendor :STMicroelectronics FP-SNS-FLIGHT1 5.1.0
2025-07-29 08:49:27,089 [INFO] ThirdParty:1030 - CMSIS Pack Vendor :STMicroelectronics X-CUBE-MEMS1 11.1.0
2025-07-29 08:49:27,089 [INFO] ThirdParty:1030 - CMSIS Pack Vendor :STMicroelectronics X-CUBE-AZRTOS-WL 2.0.0
2025-07-29 08:49:27,089 [INFO] ThirdParty:1030 - CMSIS Pack Vendor :STMicroelectronics X-CUBE-DPower 1.3.0
2025-07-29 08:49:27,090 [INFO] ThirdParty:1030 - CMSIS Pack Vendor :STMicroelectronics FP-SNS-MOTENV1 5.0.0
2025-07-29 08:49:27,090 [INFO] ThirdParty:1030 - CMSIS Pack Vendor :STMicroelectronics USB_DEVICE 1.0.0
2025-07-29 08:49:27,090 [INFO] ThirdParty:1030 - CMSIS Pack Vendor :wolfSSL I-CUBE-wolfMQTT 1.19.0
2025-07-29 08:49:27,090 [INFO] ThirdParty:1030 - CMSIS Pack Vendor :STMicroelectronics X-CUBE-AZRTOS-L4 2.0.0
2025-07-29 08:49:27,090 [INFO] ThirdParty:1030 - CMSIS Pack Vendor :STMicroelectronics ThreadX 0.0.2
2025-07-29 08:49:27,090 [INFO] ThirdParty:1030 - CMSIS Pack Vendor :WES I-CUBE-Cesium 1.3.0
2025-07-29 08:49:27,090 [INFO] ThirdParty:1030 - CMSIS Pack Vendor :STMicroelectronics lwIP 2.1.2
2025-07-29 08:49:27,090 [INFO] ThirdParty:1030 - CMSIS Pack Vendor :STMicroelectronics X-CUBE-SFXS2LP1 4.0.0
2025-07-29 08:49:27,091 [INFO] ThirdParty:1030 - CMSIS Pack Vendor :STMicroelectronics X-CUBE-BLE2 3.3.0
2025-07-29 08:49:27,091 [INFO] ThirdParty:1030 - CMSIS Pack Vendor :STMicroelectronics PDM2PCM 3.2.0
2025-07-29 08:49:27,091 [INFO] ThirdParty:1030 - CMSIS Pack Vendor :STMicroelectronics X-CUBE-AZRTOS-H7 3.3.0
2025-07-29 08:49:27,091 [INFO] ThirdParty:1030 - CMSIS Pack Vendor :STMicroelectronics X-CUBE-NFC9 1.0.0
2025-07-29 08:49:27,091 [INFO] ThirdParty:1030 - CMSIS Pack Vendor :STMicroelectronics X-CUBE-BLE1 7.1.0
2025-07-29 08:49:27,091 [INFO] ThirdParty:1030 - CMSIS Pack Vendor :STMicroelectronics USB_DEVICE 3.0.0
2025-07-29 08:49:27,091 [INFO] ThirdParty:1030 - CMSIS Pack Vendor :STMicroelectronics X-CUBE-EEPRMA1 5.2.0
2025-07-29 08:49:27,091 [INFO] ThirdParty:1030 - CMSIS Pack Vendor :STMicroelectronics X-CUBE-BLEMGR 4.1.0
2025-07-29 08:49:27,091 [INFO] ThirdParty:1030 - CMSIS Pack Vendor :STMicroelectronics X-CUBE-AZRTOS-WB 2.0.0
2025-07-29 08:49:27,091 [INFO] ThirdParty:1030 - CMSIS Pack Vendor :STMicroelectronics X-CUBE-GNSS1 7.0.1
2025-07-29 08:49:27,091 [INFO] ThirdParty:1030 - CMSIS Pack Vendor :STMicroelectronics X-CUBE-TOUCHGFX 4.25.0
2025-07-29 08:49:27,091 [INFO] ThirdParty:1030 - CMSIS Pack Vendor :STMicroelectronics X-CUBE-AI 10.1.0
2025-07-29 08:49:27,091 [INFO] ThirdParty:1030 - CMSIS Pack Vendor :STMicroelectronics FP-SNS-STBOX1 2.0.0
2025-07-29 08:49:27,091 [INFO] ThirdParty:1030 - CMSIS Pack Vendor :STMicroelectronics X-CUBE-MEMS1 11.2.0
2025-07-29 08:49:27,091 [INFO] ThirdParty:1030 - CMSIS Pack Vendor :STMicroelectronics X-CUBE-AZRTOS-G0 1.1.0
2025-07-29 08:49:27,091 [INFO] ThirdParty:1030 - CMSIS Pack Vendor :STMicroelectronics X-CUBE-SAFEA1 1.2.2
2025-07-29 08:49:27,092 [INFO] ThirdParty:1030 - CMSIS Pack Vendor :STMicroelectronics X-CUBE-NFC4 3.0.0
2025-07-29 08:49:27,092 [INFO] ThirdParty:1030 - CMSIS Pack Vendor :STMicroelectronics X-CUBE-SUBG2 5.0.0
2025-07-29 08:49:27,092 [INFO] ThirdParty:1030 - CMSIS Pack Vendor :STMicroelectronics X-CUBE-AZRTOS-H7RS 1.1.0
2025-07-29 08:49:27,092 [INFO] ThirdParty:1030 - CMSIS Pack Vendor :STMicroelectronics STM32_WPAN 1.0.0
2025-07-29 08:49:27,092 [INFO] ThirdParty:1030 - CMSIS Pack Vendor :EmbeddedOffice I-CUBE-FS-RTOS 1.0.1
2025-07-29 08:49:27,092 [INFO] ThirdParty:1030 - CMSIS Pack Vendor :STMicroelectronics lwIP 2.0.3
2025-07-29 08:49:27,092 [INFO] ThirdParty:1030 - CMSIS Pack Vendor :Cesanta I-CUBE-Mongoose 7.13.0
2025-07-29 08:49:27,092 [INFO] ThirdParty:1030 - CMSIS Pack Vendor :STMicroelectronics USB_HOST 1.0.0
2025-07-29 08:49:27,092 [INFO] ThirdParty:1030 - CMSIS Pack Vendor :STMicroelectronics X-CUBE-AZRTOS-G4 2.0.0
2025-07-29 08:49:27,092 [INFO] ThirdParty:1030 - CMSIS Pack Vendor :STMicroelectronics X-CUBE-WB05N 2.0.0
2025-07-29 08:49:27,092 [INFO] ThirdParty:1030 - CMSIS Pack Vendor :STMicroelectronics PDM2PCM 3.1.0
2025-07-29 08:49:27,092 [INFO] ThirdParty:1030 - CMSIS Pack Vendor :STMicroelectronics X-CUBE-NFC7 2.0.0
2025-07-29 08:49:27,092 [INFO] ThirdParty:1030 - CMSIS Pack Vendor :STMicroelectronics X-CUBE-TCPP 4.2.0
2025-07-29 08:49:27,092 [INFO] ThirdParty:1030 - CMSIS Pack Vendor :RealThread X-CUBE-RT-Thread_Nano 4.1.1
2025-07-29 08:49:27,092 [INFO] ThirdParty:1030 - CMSIS Pack Vendor :STMicroelectronics FP-ATR-SIGFOX1 3.2.0
2025-07-29 08:49:27,092 [INFO] ThirdParty:1030 - CMSIS Pack Vendor :quantropi X-CUBE-qispace-sdk-base 1.9.3
2025-07-29 08:49:27,092 [INFO] ThirdParty:1030 - CMSIS Pack Vendor :STMicroelectronics X-CUBE-EEPRMA1 5.1.0
2025-07-29 08:49:27,092 [INFO] ThirdParty:1030 - CMSIS Pack Vendor :STMicroelectronics MBEDTLS 2.16.2
2025-07-29 08:49:27,093 [INFO] ThirdParty:1030 - CMSIS Pack Vendor :STMicroelectronics X-CUBE-IPS 3.1.0
2025-07-29 08:49:27,093 [INFO] ThirdParty:1030 - CMSIS Pack Vendor :STMicroelectronics X-CUBE-ALS 1.0.2
2025-07-29 08:49:27,093 [INFO] ThirdParty:1030 - CMSIS Pack Vendor :wolfSSL I-CUBE-wolfSSL 5.7.4
2025-07-29 08:49:27,093 [INFO] ThirdParty:1030 - CMSIS Pack Vendor :ITTIA_DB I-CUBE-ITTIADB 8.9.0
2025-07-29 08:49:27,093 [INFO] ThirdParty:1030 - CMSIS Pack Vendor :STMicroelectronics X-CUBE-TOUCHGFX 4.24.2
2025-07-29 08:49:27,093 [INFO] ThirdParty:1030 - CMSIS Pack Vendor :wolfSSL I-CUBE-wolfTPM 3.4.0
2025-07-29 08:49:27,093 [INFO] ThirdParty:1030 - CMSIS Pack Vendor :portGmbH I-Cube-SoM-uGOAL 1.1.0
2025-07-29 08:49:27,093 [INFO] ThirdParty:1030 - CMSIS Pack Vendor :STMicroelectronics X-CUBE-ST67W61 1.0.0
2025-07-29 08:49:27,093 [INFO] ThirdParty:1030 - CMSIS Pack Vendor :STMicroelectronics ThreadX 1.0.0
2025-07-29 08:49:27,093 [INFO] ThirdParty:1030 - CMSIS Pack Vendor :SEGGER I-CUBE-embOS 1.3.1
2025-07-29 08:49:27,093 [INFO] ThirdParty:1030 - CMSIS Pack Vendor :STMicroelectronics X-CUBE-ALGOBUILD 1.4.0
2025-07-29 08:49:27,093 [INFO] ThirdParty:1030 - CMSIS Pack Vendor :STMicroelectronics X-CUBE-MEMS1 11.3.0
2025-07-29 08:49:27,093 [INFO] ThirdParty:1030 - CMSIS Pack Vendor :STMicroelectronics X-CUBE-AZRTOS-H7RS 1.0.0
2025-07-29 08:49:27,093 [INFO] ThirdParty:1030 - CMSIS Pack Vendor :STMicroelectronics X-CUBE-TOF1 3.4.2
2025-07-29 08:49:27,093 [INFO] ThirdParty:1030 - CMSIS Pack Vendor :STMicroelectronics X-CUBE-TOF1 3.4.3
2025-07-29 08:49:27,093 [INFO] ThirdParty:1030 - CMSIS Pack Vendor :STMicroelectronics X-CUBE-AI 9.1.0
2025-07-29 08:49:27,093 [INFO] ThirdParty:1030 - CMSIS Pack Vendor :wolfSSL I-CUBE-wolfSSH 1.4.17
2025-07-29 08:49:27,094 [INFO] ThirdParty:841 - exiting critical section [change project]
2025-07-29 08:49:27,895 [INFO] PinOutPanel:1589 - setPackage(No Configuration,No Configuration)
2025-07-29 08:49:27,897 [INFO] PinOutPanel:1589 - setPackage(STM32H743ZITx,LQFP144)
2025-07-29 08:49:28,906 [INFO] UtilMem:75 - Before build in PCC Used Memory: 872608056 Bytes (1073741824)
2025-07-29 08:49:29,689 [INFO] UtilMem:75 - After build in PCC Used Memory: 974719792 Bytes (1073741824)
2025-07-29 08:49:29,759 [INFO] IPUIPlugin:80 - create IPUIPlugin
2025-07-29 08:49:29,759 [INFO] IPUIPlugin:80 - create IPUIPlugin
2025-07-29 08:49:29,759 [INFO] IPUIPlugin:80 - create IPUIPlugin
2025-07-29 08:49:29,759 [INFO] IPUIPlugin:80 - create IPUIPlugin
2025-07-29 08:49:29,759 [INFO] IPUIPlugin:80 - create IPUIPlugin
2025-07-29 08:49:29,759 [INFO] IPUIPlugin:80 - create IPUIPlugin
2025-07-29 08:49:29,760 [INFO] IPUIPlugin:80 - create IPUIPlugin
2025-07-29 08:49:29,760 [INFO] IPUIPlugin:80 - create IPUIPlugin
2025-07-29 08:49:29,760 [INFO] IPUIPlugin:80 - create IPUIPlugin
2025-07-29 08:49:29,760 [INFO] IPUIPlugin:80 - create IPUIPlugin
2025-07-29 08:49:29,760 [INFO] IPUIPlugin:80 - create IPUIPlugin
2025-07-29 08:49:29,760 [INFO] IPUIPlugin:80 - create IPUIPlugin
2025-07-29 08:49:29,760 [INFO] IPUIPlugin:80 - create IPUIPlugin
2025-07-29 08:49:29,760 [INFO] IPUIPlugin:80 - create IPUIPlugin
2025-07-29 08:49:29,761 [INFO] IPUIPlugin:80 - create IPUIPlugin
2025-07-29 08:49:29,761 [INFO] IPUIPlugin:80 - create IPUIPlugin
2025-07-29 08:49:29,761 [INFO] IPUIPlugin:80 - create IPUIPlugin
2025-07-29 08:49:29,761 [INFO] IPUIPlugin:80 - create IPUIPlugin
2025-07-29 08:49:29,761 [INFO] IPUIPlugin:80 - create IPUIPlugin
2025-07-29 08:49:29,761 [INFO] IPUIPlugin:80 - create IPUIPlugin
2025-07-29 08:49:29,761 [INFO] IPUIPlugin:80 - create IPUIPlugin
2025-07-29 08:49:29,762 [INFO] IPUIPlugin:80 - create IPUIPlugin
2025-07-29 08:49:29,763 [INFO] IPUIPlugin:80 - create IPUIPlugin
2025-07-29 08:49:29,764 [INFO] IPUIPlugin:80 - create IPUIPlugin
2025-07-29 08:49:29,764 [INFO] IPUIPlugin:80 - create IPUIPlugin
2025-07-29 08:49:29,764 [INFO] IPUIPlugin:80 - create IPUIPlugin
2025-07-29 08:49:29,764 [INFO] IPUIPlugin:80 - create IPUIPlugin
2025-07-29 08:49:29,764 [INFO] IPUIPlugin:80 - create IPUIPlugin
2025-07-29 08:49:29,765 [INFO] IPUIPlugin:80 - create IPUIPlugin
2025-07-29 08:49:29,765 [INFO] IPUIPlugin:80 - create IPUIPlugin
2025-07-29 08:49:29,765 [INFO] IPUIPlugin:80 - create IPUIPlugin
2025-07-29 08:49:29,765 [INFO] IPUIPlugin:80 - create IPUIPlugin
2025-07-29 08:49:29,765 [INFO] IPUIPlugin:80 - create IPUIPlugin
2025-07-29 08:49:29,765 [INFO] IPUIPlugin:80 - create IPUIPlugin
2025-07-29 08:49:29,766 [INFO] IPUIPlugin:80 - create IPUIPlugin
2025-07-29 08:49:29,766 [INFO] IPUIPlugin:80 - create IPUIPlugin
2025-07-29 08:49:29,766 [INFO] IPUIPlugin:80 - create IPUIPlugin
2025-07-29 08:49:29,766 [INFO] IPUIPlugin:80 - create IPUIPlugin
2025-07-29 08:49:29,766 [INFO] IPUIPlugin:80 - create IPUIPlugin
2025-07-29 08:49:29,766 [INFO] IPUIPlugin:80 - create IPUIPlugin
2025-07-29 08:49:29,767 [INFO] IPUIPlugin:80 - create IPUIPlugin
2025-07-29 08:49:29,767 [INFO] IPUIPlugin:80 - create IPUIPlugin
2025-07-29 08:49:29,767 [INFO] IPUIPlugin:80 - create IPUIPlugin
2025-07-29 08:49:29,767 [INFO] IPUIPlugin:80 - create IPUIPlugin
2025-07-29 08:49:29,767 [INFO] IPUIPlugin:80 - create IPUIPlugin
2025-07-29 08:49:29,768 [INFO] IPUIPlugin:80 - create IPUIPlugin
2025-07-29 08:49:29,768 [INFO] IPUIPlugin:80 - create IPUIPlugin
2025-07-29 08:49:29,768 [INFO] IPUIPlugin:80 - create IPUIPlugin
2025-07-29 08:49:29,768 [INFO] IPUIPlugin:80 - create IPUIPlugin
2025-07-29 08:49:29,768 [INFO] IPUIPlugin:80 - create IPUIPlugin
2025-07-29 08:49:29,768 [INFO] IPUIPlugin:80 - create IPUIPlugin
2025-07-29 08:49:29,769 [INFO] IPUIPlugin:80 - create IPUIPlugin
2025-07-29 08:49:29,769 [INFO] IPUIPlugin:80 - create IPUIPlugin
2025-07-29 08:49:29,769 [INFO] IPUIPlugin:80 - create IPUIPlugin
2025-07-29 08:49:29,769 [INFO] IPUIPlugin:80 - create IPUIPlugin
2025-07-29 08:49:29,769 [INFO] IPUIPlugin:80 - create IPUIPlugin
2025-07-29 08:49:29,770 [INFO] IPUIPlugin:80 - create IPUIPlugin
2025-07-29 08:49:29,770 [INFO] IPUIPlugin:80 - create IPUIPlugin
2025-07-29 08:49:29,770 [INFO] IPUIPlugin:80 - create IPUIPlugin
2025-07-29 08:49:29,770 [INFO] IPUIPlugin:80 - create IPUIPlugin
2025-07-29 08:49:29,770 [INFO] IPUIPlugin:80 - create IPUIPlugin
2025-07-29 08:49:29,771 [INFO] IPUIPlugin:80 - create IPUIPlugin
2025-07-29 08:49:29,771 [INFO] IPUIPlugin:80 - create IPUIPlugin
2025-07-29 08:49:29,772 [INFO] IPUIPlugin:80 - create IPUIPlugin
2025-07-29 08:49:29,772 [INFO] IPUIPlugin:80 - create IPUIPlugin
2025-07-29 08:49:29,772 [INFO] IPUIPlugin:80 - create IPUIPlugin
2025-07-29 08:49:29,772 [INFO] IPUIPlugin:80 - create IPUIPlugin
2025-07-29 08:49:29,772 [INFO] IPUIPlugin:80 - create IPUIPlugin
2025-07-29 08:49:29,773 [INFO] IPUIPlugin:80 - create IPUIPlugin
2025-07-29 08:49:29,773 [INFO] IPUIPlugin:80 - create IPUIPlugin
2025-07-29 08:49:29,773 [INFO] IPUIPlugin:80 - create IPUIPlugin
2025-07-29 08:49:29,773 [INFO] IPUIPlugin:80 - create IPUIPlugin
2025-07-29 08:49:29,774 [INFO] IPUIPlugin:80 - create IPUIPlugin
2025-07-29 08:49:29,774 [INFO] IPUIPlugin:80 - create IPUIPlugin
2025-07-29 08:49:29,774 [INFO] IPUIPlugin:80 - create IPUIPlugin
2025-07-29 08:49:29,774 [INFO] IPUIPlugin:80 - create IPUIPlugin
2025-07-29 08:49:29,775 [INFO] IPUIPlugin:80 - create IPUIPlugin
2025-07-29 08:49:29,775 [INFO] IPUIPlugin:80 - create IPUIPlugin
2025-07-29 08:49:29,775 [INFO] IPUIPlugin:80 - create IPUIPlugin
2025-07-29 08:49:29,775 [INFO] IPUIPlugin:80 - create IPUIPlugin
2025-07-29 08:49:29,775 [INFO] IPUIPlugin:80 - create IPUIPlugin
2025-07-29 08:49:29,776 [INFO] IPUIPlugin:80 - create IPUIPlugin
2025-07-29 08:49:29,776 [INFO] IPUIPlugin:80 - create IPUIPlugin
2025-07-29 08:49:29,776 [INFO] IPUIPlugin:80 - create IPUIPlugin
2025-07-29 08:49:29,777 [INFO] IPUIPlugin:80 - create IPUIPlugin
2025-07-29 08:49:29,777 [INFO] IPUIPlugin:80 - create IPUIPlugin
2025-07-29 08:49:29,777 [INFO] IPUIPlugin:80 - create IPUIPlugin
2025-07-29 08:49:29,777 [INFO] IPUIPlugin:80 - create IPUIPlugin
2025-07-29 08:49:29,778 [INFO] IPUIPlugin:80 - create IPUIPlugin
2025-07-29 08:49:29,778 [INFO] IPUIPlugin:80 - create IPUIPlugin
2025-07-29 08:49:29,779 [INFO] IPUIPlugin:80 - create IPUIPlugin
2025-07-29 08:49:29,780 [INFO] IPUIPlugin:80 - create IPUIPlugin
2025-07-29 08:49:29,780 [INFO] IPUIPlugin:80 - create IPUIPlugin
2025-07-29 08:49:29,781 [INFO] IPUIPlugin:80 - create IPUIPlugin
2025-07-29 08:49:29,781 [INFO] IPUIPlugin:80 - create IPUIPlugin
2025-07-29 08:49:29,781 [INFO] IPUIPlugin:80 - create IPUIPlugin
2025-07-29 08:49:29,782 [INFO] IPUIPlugin:80 - create IPUIPlugin
2025-07-29 08:49:29,782 [INFO] IPUIPlugin:80 - create IPUIPlugin
2025-07-29 08:49:29,838 [INFO] ApiDbMcu:532 - Load IP Config File for PDM2PCM
2025-07-29 08:49:30,017 [INFO] CADModel:165 - CPN selected for project levelSTM32H743ZIT6
2025-07-29 08:49:30,017 [INFO] CADModel:114 - Register for checkConnection events
2025-07-29 08:49:30,064 [INFO] OpenFileManager:386 - Restore cursor
2025-07-29 08:49:31,033 [INFO] UtilMem:75 - End SaveConfig() Used Memory: 829953392 Bytes (1073741824)
2025-07-29 08:49:31,120 [WARN] Context:862 - Trying to set MEMORYMAP twice on same context Cortex-M7NS
2025-07-29 08:49:31,147 [INFO] UtilMem:75 - End SaveConfig() Used Memory: 866693104 Bytes (1073741824)
2025-07-29 08:49:31,851 [INFO] BlockDiagram:2775 - set Specific Code input for plugin: RCC
2025-07-29 08:49:31,851 [INFO] BlockDiagram:2775 - set Specific Code input for plugin: MEMORYMAP
2025-07-29 08:49:31,851 [INFO] BlockDiagram:2775 - set Specific Code input for plugin: SYS
2025-07-29 08:49:31,851 [INFO] BlockDiagram:2775 - set Specific Code input for plugin: NVIC
2025-07-29 08:49:31,851 [INFO] BlockDiagram:2775 - set Specific Code input for plugin: CORTEX_M7
2025-07-29 08:49:31,856 [INFO] CodeGenerator:892 - code generatio: config db path: C:\ST\STM32CubeIDE_1.17.0\STM32CubeIDE\plugins\com.st.stm32cube.common.mx_6.15.0.202507011659\\db\
2025-07-29 08:49:32,018 [INFO] CodeEngine:265 - oldGeneratedFile, C:\Users\guan-ming.dennis-won\Documents\Code\Workspace\Workspace\STM32_Workspace\EtherCAT_Stack_2025\MXTmpFiles\license.tmp_save
2025-07-29 08:49:32,428 [INFO] CodeEngine:289 - Generated code: C:\Users\guan-ming.dennis-won\Documents\Code\Workspace\Workspace\STM32_Workspace\EtherCAT_Stack_2025\MXTmpFiles\license.tmp
2025-07-29 08:49:32,513 [WARN] IPConfigManager:103 - WARNING: Missing Config File for MEMORYMAP ip!!
2025-07-29 08:49:32,583 [INFO] CodeEngine:265 - oldGeneratedFile, C:\Users\guan-ming.dennis-won\Documents\Code\Workspace\Workspace\STM32_Workspace\EtherCAT_Stack_2025\MXTmpFiles\cortex.tmp_save
2025-07-29 08:49:32,723 [INFO] CodeEngine:289 - Generated code: C:\Users\guan-ming.dennis-won\Documents\Code\Workspace\Workspace\STM32_Workspace\EtherCAT_Stack_2025\MXTmpFiles\cortex.tmp
2025-07-29 08:49:32,754 [INFO] CodeEngine:265 - oldGeneratedFile, C:\Users\guan-ming.dennis-won\Documents\Code\Workspace\Workspace\STM32_Workspace\EtherCAT_Stack_2025\Core\Src\stm32h7xx_it.c_save
2025-07-29 08:49:32,880 [INFO] CodeEngine:289 - Generated code: C:\Users\guan-ming.dennis-won\Documents\Code\Workspace\Workspace\STM32_Workspace\EtherCAT_Stack_2025\Core\Src\stm32h7xx_it.c
2025-07-29 08:49:32,888 [INFO] CodeEngine:265 - oldGeneratedFile, C:\Users\guan-ming.dennis-won\Documents\Code\Workspace\Workspace\STM32_Workspace\EtherCAT_Stack_2025\Core\Inc\stm32h7xx_it.h_save
2025-07-29 08:49:32,963 [INFO] CodeEngine:289 - Generated code: C:\Users\guan-ming.dennis-won\Documents\Code\Workspace\Workspace\STM32_Workspace\EtherCAT_Stack_2025\Core\Inc\stm32h7xx_it.h
2025-07-29 08:49:33,009 [INFO] CodeEngine:265 - oldGeneratedFile, C:\Users\guan-ming.dennis-won\Documents\Code\Workspace\Workspace\STM32_Workspace\EtherCAT_Stack_2025\Core\Src\stm32h7xx_hal_msp.c_save
2025-07-29 08:49:33,125 [INFO] CodeEngine:289 - Generated code: C:\Users\guan-ming.dennis-won\Documents\Code\Workspace\Workspace\STM32_Workspace\EtherCAT_Stack_2025\Core\Src\stm32h7xx_hal_msp.c
2025-07-29 08:49:33,137 [INFO] CodeEngine:265 - oldGeneratedFile, C:\Users\guan-ming.dennis-won\Documents\Code\Workspace\Workspace\STM32_Workspace\EtherCAT_Stack_2025\MXTmpFiles\system.tmp_save
2025-07-29 08:49:33,211 [INFO] CodeEngine:289 - Generated code: C:\Users\guan-ming.dennis-won\Documents\Code\Workspace\Workspace\STM32_Workspace\EtherCAT_Stack_2025\MXTmpFiles\system.tmp
2025-07-29 08:49:33,234 [INFO] CodeEngine:321 - oldGeneratedFile, C:\Users\guan-ming.dennis-won\Documents\Code\Workspace\Workspace\STM32_Workspace\EtherCAT_Stack_2025\Core\Inc\stm32h7xx_hal_conf.h_save
2025-07-29 08:49:33,316 [INFO] CodeEngine:345 - Generated code: C:\Users\guan-ming.dennis-won\Documents\Code\Workspace\Workspace\STM32_Workspace\EtherCAT_Stack_2025\Core\Inc\stm32h7xx_hal_conf.h
2025-07-29 08:49:33,386 [INFO] ApiDbMcu:532 - Load IP Config File for RCC
2025-07-29 08:49:33,405 [INFO] CodeEngine:265 - oldGeneratedFile, C:\Users\guan-ming.dennis-won\Documents\Code\Workspace\Workspace\STM32_Workspace\EtherCAT_Stack_2025\Core\Inc\main.h_save
2025-07-29 08:49:33,533 [INFO] CodeEngine:289 - Generated code: C:\Users\guan-ming.dennis-won\Documents\Code\Workspace\Workspace\STM32_Workspace\EtherCAT_Stack_2025\Core\Inc\main.h
2025-07-29 08:49:33,543 [INFO] CodeEngine:265 - oldGeneratedFile, C:\Users\guan-ming.dennis-won\Documents\Code\Workspace\Workspace\STM32_Workspace\EtherCAT_Stack_2025\Core\Src\main.c_save
2025-07-29 08:49:33,685 [INFO] CodeEngine:289 - Generated code: C:\Users\guan-ming.dennis-won\Documents\Code\Workspace\Workspace\STM32_Workspace\EtherCAT_Stack_2025\Core\Src\main.c
2025-07-29 08:49:34,139 [INFO] ProjectBuilder:3606 - Time for Copy HAL[1] : 290mS.
2025-07-29 08:49:34,148 [INFO] ProjectBuilder:5216 - Project Generator version: 4.7.0-B52
2025-07-29 08:49:34,226 [INFO] ConfigFileManager:1595 - The Die is : DIE450
2025-07-29 08:49:34,235 [INFO] ApiDbMcu:532 - Load IP Config File for FATFS
2025-07-29 08:49:34,239 [INFO] ApiDbMcu:532 - Load IP Config File for FREERTOS
2025-07-29 08:49:34,242 [INFO] ApiDbMcu:532 - Load IP Config File for LIBJPEG
2025-07-29 08:49:34,248 [INFO] ApiDbMcu:532 - Load IP Config File for LWIP
2025-07-29 08:49:34,253 [INFO] ApiDbMcu:532 - Load IP Config File for MBEDTLS
2025-07-29 08:49:34,263 [INFO] ApiDbMcu:532 - Load IP Config File for USB_DEVICE
2025-07-29 08:49:34,267 [INFO] ApiDbMcu:532 - Load IP Config File for USB_HOST
2025-07-29 08:49:34,653 [INFO] LogOutputStream:77 - [STDOUT_REDIRECT] 
2025-07-29 08:49:40,120 [INFO] ProjectBuilder:5496 - Time for Generating toolchain IDE Files: 5972mS.
2025-07-29 08:49:40,123 [INFO] ProjectBuilder:3463 - Time for Copy CMSIS : 2mS.
2025-07-29 08:49:40,126 [INFO] ProjectBuilder:3463 - Time for Copy CMSIS : 0mS.
2025-07-29 08:49:41,013 [INFO] McuFinderGlobals:76 - Set McuFinderConnectedMode to true
2025-07-29 08:49:41,019 [INFO] ApiDb:448 - Save user favorites file C:\Users\guan-ming.dennis-won/.stm32cubeide/favorites.mcus.txt: 0 item(s)
2025-07-29 08:49:41,020 [INFO] ApiDb:452 - User favorites MCUs=[]
2025-07-29 09:00:39,073 [INFO] WebApp:194 - Connection lost
2025-07-29 09:00:39,736 [INFO] WebApp:191 - Connection restablished
2025-07-29 09:46:45,937 [INFO] WebApp:194 - Connection lost
2025-07-29 09:46:46,205 [INFO] WebApp:191 - Connection restablished
2025-07-29 09:47:20,376 [INFO] WebApp:194 - Connection lost
2025-07-29 09:47:20,514 [INFO] WebApp:191 - Connection restablished
2025-07-29 09:47:23,594 [INFO] WebApp:194 - Connection lost
2025-07-29 09:47:23,771 [INFO] WebApp:191 - Connection restablished
2025-07-29 09:48:30,107 [INFO] WebApp:194 - Connection lost
2025-07-29 09:48:30,263 [INFO] WebApp:191 - Connection restablished
2025-07-29 09:49:01,100 [INFO] WebApp:194 - Connection lost
2025-07-29 09:49:01,272 [INFO] WebApp:191 - Connection restablished
2025-07-29 09:49:09,094 [INFO] WebApp:194 - Connection lost
2025-07-29 09:49:09,233 [INFO] WebApp:191 - Connection restablished
2025-07-29 09:56:19,095 [INFO] WebApp:194 - Connection lost
2025-07-29 09:56:19,293 [INFO] WebApp:191 - Connection restablished
2025-07-29 09:57:05,616 [INFO] WebApp:194 - Connection lost
2025-07-29 09:57:05,856 [INFO] WebApp:191 - Connection restablished
2025-07-29 10:06:38,634 [INFO] Gpio:278 - dependency for GPIO [SPI3]
2025-07-29 10:09:01,546 [INFO] Gpio:278 - dependency for GPIO [SPI3]
2025-07-29 10:09:04,968 [INFO] NvicIntPanel:101 - NVIC parent = com.st.microxplorer.plugins.ip.nvic.MultiNvicIntPanel[,0,0,0x0,invalid,layout=javax.swing.BoxLayout,alignmentX=0.0,alignmentY=0.0,border=,flags=9,maximumSize=,minimumSize=,preferredSize=]
2025-07-29 10:12:40,618 [ERROR] LogOutputStream:75 - [STDERR_REDIRECT] Exception in thread "AWT-EventQueue-0" java.lang.ClassCastException: class sun.awt.windows.WEmbeddedFrame cannot be cast to class javax.swing.JFrame (sun.awt.windows.WEmbeddedFrame and javax.swing.JFrame are in module java.desktop of loader 'bootstrap')
2025-07-29 10:12:40,625 [ERROR] LogOutputStream:75 - [STDERR_REDIRECT] 	at com.st.microxplorer.plugins.clock.ClockConfigurationView.activatePlugin(ClockConfigurationView.java:424)
2025-07-29 10:12:40,627 [ERROR] LogOutputStream:75 - [STDERR_REDIRECT] 	at com.st.microxplorer.maingui.MainPanel$1.stateChanged(MainPanel.java:385)
2025-07-29 10:12:40,629 [ERROR] LogOutputStream:75 - [STDERR_REDIRECT] 	at java.desktop/javax.swing.JTabbedPane.fireStateChanged(JTabbedPane.java:446)
2025-07-29 10:12:40,633 [ERROR] LogOutputStream:75 - [STDERR_REDIRECT] 	at java.desktop/javax.swing.JTabbedPane$ModelListener.stateChanged(JTabbedPane.java:297)
2025-07-29 10:12:40,636 [ERROR] LogOutputStream:75 - [STDERR_REDIRECT] 	at java.desktop/javax.swing.DefaultSingleSelectionModel.fireStateChanged(DefaultSingleSelectionModel.java:148)
2025-07-29 10:12:40,638 [ERROR] LogOutputStream:75 - [STDERR_REDIRECT] 	at java.desktop/javax.swing.DefaultSingleSelectionModel.setSelectedIndex(DefaultSingleSelectionModel.java:79)
2025-07-29 10:12:40,639 [ERROR] LogOutputStream:75 - [STDERR_REDIRECT] 	at java.desktop/javax.swing.JTabbedPane.setSelectedIndexImpl(JTabbedPane.java:650)
2025-07-29 10:12:40,640 [ERROR] LogOutputStream:75 - [STDERR_REDIRECT] 	at java.desktop/javax.swing.JTabbedPane.setSelectedIndex(JTabbedPane.java:625)
2025-07-29 10:12:40,642 [ERROR] LogOutputStream:75 - [STDERR_REDIRECT] 	at java.desktop/javax.swing.plaf.basic.BasicTabbedPaneUI$Handler.mousePressed(BasicTabbedPaneUI.java:4140)
2025-07-29 10:12:40,644 [ERROR] LogOutputStream:75 - [STDERR_REDIRECT] 	at java.desktop/java.awt.Component.processMouseEvent(Component.java:6618)
2025-07-29 10:12:40,645 [ERROR] LogOutputStream:75 - [STDERR_REDIRECT] 	at java.desktop/javax.swing.JComponent.processMouseEvent(JComponent.java:3398)
2025-07-29 10:12:40,647 [ERROR] LogOutputStream:75 - [STDERR_REDIRECT] 	at java.desktop/java.awt.Component.processEvent(Component.java:6386)
2025-07-29 10:12:40,648 [ERROR] LogOutputStream:75 - [STDERR_REDIRECT] 	at java.desktop/java.awt.Container.processEvent(Container.java:2266)
2025-07-29 10:12:40,650 [ERROR] LogOutputStream:75 - [STDERR_REDIRECT] 	at java.desktop/java.awt.Component.dispatchEventImpl(Component.java:4996)
2025-07-29 10:12:40,652 [ERROR] LogOutputStream:75 - [STDERR_REDIRECT] 	at java.desktop/java.awt.Container.dispatchEventImpl(Container.java:2324)
2025-07-29 10:12:40,654 [ERROR] LogOutputStream:75 - [STDERR_REDIRECT] 	at java.desktop/java.awt.Component.dispatchEvent(Component.java:4828)
2025-07-29 10:12:40,655 [ERROR] LogOutputStream:75 - [STDERR_REDIRECT] 	at java.desktop/java.awt.LightweightDispatcher.retargetMouseEvent(Container.java:4948)
2025-07-29 10:12:40,657 [ERROR] LogOutputStream:75 - [STDERR_REDIRECT] 	at java.desktop/java.awt.LightweightDispatcher.processMouseEvent(Container.java:4572)
2025-07-29 10:12:40,658 [ERROR] LogOutputStream:75 - [STDERR_REDIRECT] 	at java.desktop/java.awt.LightweightDispatcher.dispatchEvent(Container.java:4516)
2025-07-29 10:12:40,660 [ERROR] LogOutputStream:75 - [STDERR_REDIRECT] 	at java.desktop/java.awt.Container.dispatchEventImpl(Container.java:2310)
2025-07-29 10:12:40,661 [ERROR] LogOutputStream:75 - [STDERR_REDIRECT] 	at java.desktop/java.awt.Component.dispatchEvent(Component.java:4828)
2025-07-29 10:12:40,665 [ERROR] LogOutputStream:75 - [STDERR_REDIRECT] 	at java.desktop/java.awt.EventQueue.dispatchEventImpl(EventQueue.java:775)
2025-07-29 10:12:40,666 [ERROR] LogOutputStream:75 - [STDERR_REDIRECT] 	at java.desktop/java.awt.EventQueue$4.run(EventQueue.java:720)
2025-07-29 10:12:40,666 [ERROR] LogOutputStream:75 - [STDERR_REDIRECT] 	at java.desktop/java.awt.EventQueue$4.run(EventQueue.java:714)
2025-07-29 10:12:40,668 [ERROR] LogOutputStream:75 - [STDERR_REDIRECT] 	at java.base/java.security.AccessController.doPrivileged(AccessController.java:400)
2025-07-29 10:12:40,671 [ERROR] LogOutputStream:75 - [STDERR_REDIRECT] 	at java.base/java.security.ProtectionDomain$JavaSecurityAccessImpl.doIntersectionPrivilege(ProtectionDomain.java:87)
2025-07-29 10:12:40,672 [ERROR] LogOutputStream:75 - [STDERR_REDIRECT] 	at java.base/java.security.ProtectionDomain$JavaSecurityAccessImpl.doIntersectionPrivilege(ProtectionDomain.java:98)
2025-07-29 10:12:40,675 [ERROR] LogOutputStream:75 - [STDERR_REDIRECT] 	at java.desktop/java.awt.EventQueue$5.run(EventQueue.java:747)
2025-07-29 10:12:40,677 [ERROR] LogOutputStream:75 - [STDERR_REDIRECT] 	at java.desktop/java.awt.EventQueue$5.run(EventQueue.java:745)
2025-07-29 10:12:40,678 [ERROR] LogOutputStream:75 - [STDERR_REDIRECT] 	at java.base/java.security.AccessController.doPrivileged(AccessController.java:400)
2025-07-29 10:12:40,681 [ERROR] LogOutputStream:75 - [STDERR_REDIRECT] 	at java.base/java.security.ProtectionDomain$JavaSecurityAccessImpl.doIntersectionPrivilege(ProtectionDomain.java:87)
2025-07-29 10:12:40,682 [ERROR] LogOutputStream:75 - [STDERR_REDIRECT] 	at java.desktop/java.awt.EventQueue.dispatchEvent(EventQueue.java:744)
2025-07-29 10:12:40,683 [ERROR] LogOutputStream:75 - [STDERR_REDIRECT] 	at java.desktop/java.awt.EventDispatchThread.pumpOneEventForFilters(EventDispatchThread.java:203)
2025-07-29 10:12:40,686 [ERROR] LogOutputStream:75 - [STDERR_REDIRECT] 	at java.desktop/java.awt.EventDispatchThread.pumpEventsForFilter(EventDispatchThread.java:124)
2025-07-29 10:12:40,688 [ERROR] LogOutputStream:75 - [STDERR_REDIRECT] 	at java.desktop/java.awt.EventDispatchThread.pumpEventsForHierarchy(EventDispatchThread.java:113)
2025-07-29 10:12:40,692 [ERROR] LogOutputStream:75 - [STDERR_REDIRECT] 	at java.desktop/java.awt.EventDispatchThread.pumpEvents(EventDispatchThread.java:109)
2025-07-29 10:12:40,694 [ERROR] LogOutputStream:75 - [STDERR_REDIRECT] 	at java.desktop/java.awt.EventDispatchThread.pumpEvents(EventDispatchThread.java:101)
2025-07-29 10:12:40,695 [ERROR] LogOutputStream:75 - [STDERR_REDIRECT] 	at java.desktop/java.awt.EventDispatchThread.run(EventDispatchThread.java:90)
2025-07-29 10:13:06,587 [INFO] NvicIntPanel:101 - NVIC parent = com.st.microxplorer.plugins.ip.nvic.MultiNvicIntPanel[,0,0,0x0,invalid,layout=javax.swing.BoxLayout,alignmentX=0.0,alignmentY=0.0,border=,flags=9,maximumSize=,minimumSize=,preferredSize=]
2025-07-29 10:13:07,845 [INFO] NvicIntPanel:101 - NVIC parent = com.st.microxplorer.plugins.ip.nvic.MultiNvicIntPanel[,0,0,0x0,invalid,layout=javax.swing.BoxLayout,alignmentX=0.0,alignmentY=0.0,border=,flags=9,maximumSize=,minimumSize=,preferredSize=]
2025-07-29 10:13:10,180 [INFO] NvicIntPanel:101 - NVIC parent = com.st.microxplorer.plugins.ip.nvic.MultiNvicIntPanel[,0,0,0x0,invalid,layout=javax.swing.BoxLayout,alignmentX=0.0,alignmentY=0.0,border=,flags=9,maximumSize=,minimumSize=,preferredSize=]
2025-07-29 10:13:10,380 [INFO] NvicIntPanel:101 - NVIC parent = com.st.microxplorer.plugins.ip.nvic.MultiNvicIntPanel[,0,0,0x0,invalid,layout=javax.swing.BoxLayout,alignmentX=0.0,alignmentY=0.0,border=,flags=9,maximumSize=,minimumSize=,preferredSize=]
2025-07-29 10:13:14,686 [INFO] NvicIntPanel:101 - NVIC parent = com.st.microxplorer.plugins.ip.nvic.MultiNvicIntPanel[,0,0,0x0,invalid,layout=javax.swing.BoxLayout,alignmentX=0.0,alignmentY=0.0,border=,flags=9,maximumSize=,minimumSize=,preferredSize=]
2025-07-29 10:13:14,870 [INFO] NvicIntPanel:101 - NVIC parent = com.st.microxplorer.plugins.ip.nvic.MultiNvicIntPanel[,0,0,0x0,invalid,layout=javax.swing.BoxLayout,alignmentX=0.0,alignmentY=0.0,border=,flags=9,maximumSize=,minimumSize=,preferredSize=]
2025-07-29 10:16:54,978 [INFO] Gpio:278 - dependency for GPIO [SPI3]
2025-07-29 10:17:57,096 [INFO] Gpio:278 - dependency for GPIO [SPI3]
2025-07-29 10:17:57,149 [INFO] NvicIntPanel:101 - NVIC parent = com.st.microxplorer.plugins.ip.nvic.MultiNvicIntPanel[,0,0,0x0,invalid,layout=javax.swing.BoxLayout,alignmentX=0.0,alignmentY=0.0,border=,flags=9,maximumSize=,minimumSize=,preferredSize=]
2025-07-29 10:18:01,447 [INFO] Gpio:278 - dependency for GPIO [SPI3]
2025-07-29 10:18:51,672 [INFO] Gpio:278 - dependency for GPIO [SPI3]
2025-07-29 10:18:51,721 [INFO] NvicIntPanel:101 - NVIC parent = com.st.microxplorer.plugins.ip.nvic.MultiNvicIntPanel[,0,0,0x0,invalid,layout=javax.swing.BoxLayout,alignmentX=0.0,alignmentY=0.0,border=,flags=9,maximumSize=,minimumSize=,preferredSize=]
2025-07-29 10:19:16,638 [INFO] Gpio:278 - dependency for GPIO [SPI3]
2025-07-29 10:19:16,695 [INFO] NvicIntPanel:101 - NVIC parent = com.st.microxplorer.plugins.ip.nvic.MultiNvicIntPanel[,0,0,0x0,invalid,layout=javax.swing.BoxLayout,alignmentX=0.0,alignmentY=0.0,border=,flags=9,maximumSize=,minimumSize=,preferredSize=]
2025-07-29 10:19:16,841 [INFO] Gpio:278 - dependency for GPIO [SPI3]
2025-07-29 10:19:16,894 [INFO] NvicIntPanel:101 - NVIC parent = com.st.microxplorer.plugins.ip.nvic.MultiNvicIntPanel[,0,0,0x0,invalid,layout=javax.swing.BoxLayout,alignmentX=0.0,alignmentY=0.0,border=,flags=9,maximumSize=,minimumSize=,preferredSize=]
2025-07-29 10:19:17,310 [INFO] Gpio:278 - dependency for GPIO [SPI3]
2025-07-29 10:19:17,351 [INFO] NvicIntPanel:101 - NVIC parent = com.st.microxplorer.plugins.ip.nvic.MultiNvicIntPanel[,0,0,0x0,invalid,layout=javax.swing.BoxLayout,alignmentX=0.0,alignmentY=0.0,border=,flags=9,maximumSize=,minimumSize=,preferredSize=]
2025-07-29 10:19:50,555 [INFO] Gpio:278 - dependency for GPIO [SPI3]
2025-07-29 10:19:50,596 [INFO] NvicIntPanel:101 - NVIC parent = com.st.microxplorer.plugins.ip.nvic.MultiNvicIntPanel[,0,0,0x0,invalid,layout=javax.swing.BoxLayout,alignmentX=0.0,alignmentY=0.0,border=,flags=9,maximumSize=,minimumSize=,preferredSize=]
2025-07-29 10:19:50,697 [INFO] Gpio:278 - dependency for GPIO [SPI3]
2025-07-29 10:19:50,734 [INFO] NvicIntPanel:101 - NVIC parent = com.st.microxplorer.plugins.ip.nvic.MultiNvicIntPanel[,0,0,0x0,invalid,layout=javax.swing.BoxLayout,alignmentX=0.0,alignmentY=0.0,border=,flags=9,maximumSize=,minimumSize=,preferredSize=]
2025-07-29 10:19:51,128 [INFO] Gpio:278 - dependency for GPIO [SPI3]
2025-07-29 10:19:51,160 [INFO] NvicIntPanel:101 - NVIC parent = com.st.microxplorer.plugins.ip.nvic.MultiNvicIntPanel[,0,0,0x0,invalid,layout=javax.swing.BoxLayout,alignmentX=0.0,alignmentY=0.0,border=,flags=9,maximumSize=,minimumSize=,preferredSize=]
2025-07-29 10:21:16,338 [ERROR] LogOutputStream:75 - [STDERR_REDIRECT] Exception in thread "AWT-EventQueue-0" java.lang.ClassCastException: class sun.awt.windows.WEmbeddedFrame cannot be cast to class javax.swing.JFrame (sun.awt.windows.WEmbeddedFrame and javax.swing.JFrame are in module java.desktop of loader 'bootstrap')
2025-07-29 10:21:16,345 [ERROR] LogOutputStream:75 - [STDERR_REDIRECT] 	at com.st.microxplorer.plugins.clock.ClockConfigurationView.activatePlugin(ClockConfigurationView.java:424)
2025-07-29 10:21:16,346 [ERROR] LogOutputStream:75 - [STDERR_REDIRECT] 	at com.st.microxplorer.maingui.MainPanel$1.stateChanged(MainPanel.java:385)
2025-07-29 10:21:16,396 [ERROR] LogOutputStream:75 - [STDERR_REDIRECT] 	at java.desktop/javax.swing.JTabbedPane.fireStateChanged(JTabbedPane.java:446)
2025-07-29 10:21:16,398 [ERROR] LogOutputStream:75 - [STDERR_REDIRECT] 	at java.desktop/javax.swing.JTabbedPane$ModelListener.stateChanged(JTabbedPane.java:297)
2025-07-29 10:21:16,399 [ERROR] LogOutputStream:75 - [STDERR_REDIRECT] 	at java.desktop/javax.swing.DefaultSingleSelectionModel.fireStateChanged(DefaultSingleSelectionModel.java:148)
2025-07-29 10:21:16,401 [ERROR] LogOutputStream:75 - [STDERR_REDIRECT] 	at java.desktop/javax.swing.DefaultSingleSelectionModel.setSelectedIndex(DefaultSingleSelectionModel.java:79)
2025-07-29 10:21:16,404 [ERROR] LogOutputStream:75 - [STDERR_REDIRECT] 	at java.desktop/javax.swing.JTabbedPane.setSelectedIndexImpl(JTabbedPane.java:650)
2025-07-29 10:21:16,406 [ERROR] LogOutputStream:75 - [STDERR_REDIRECT] 	at java.desktop/javax.swing.JTabbedPane.setSelectedIndex(JTabbedPane.java:625)
2025-07-29 10:21:16,407 [ERROR] LogOutputStream:75 - [STDERR_REDIRECT] 	at java.desktop/javax.swing.plaf.basic.BasicTabbedPaneUI$Handler.mousePressed(BasicTabbedPaneUI.java:4140)
2025-07-29 10:21:16,408 [ERROR] LogOutputStream:75 - [STDERR_REDIRECT] 	at java.desktop/java.awt.Component.processMouseEvent(Component.java:6618)
2025-07-29 10:21:16,412 [ERROR] LogOutputStream:75 - [STDERR_REDIRECT] 	at java.desktop/javax.swing.JComponent.processMouseEvent(JComponent.java:3398)
2025-07-29 10:21:16,414 [ERROR] LogOutputStream:75 - [STDERR_REDIRECT] 	at java.desktop/java.awt.Component.processEvent(Component.java:6386)
2025-07-29 10:21:16,415 [ERROR] LogOutputStream:75 - [STDERR_REDIRECT] 	at java.desktop/java.awt.Container.processEvent(Container.java:2266)
2025-07-29 10:21:16,416 [ERROR] LogOutputStream:75 - [STDERR_REDIRECT] 	at java.desktop/java.awt.Component.dispatchEventImpl(Component.java:4996)
2025-07-29 10:21:16,416 [ERROR] LogOutputStream:75 - [STDERR_REDIRECT] 	at java.desktop/java.awt.Container.dispatchEventImpl(Container.java:2324)
2025-07-29 10:21:16,417 [ERROR] LogOutputStream:75 - [STDERR_REDIRECT] 	at java.desktop/java.awt.Component.dispatchEvent(Component.java:4828)
2025-07-29 10:21:16,418 [ERROR] LogOutputStream:75 - [STDERR_REDIRECT] 	at java.desktop/java.awt.LightweightDispatcher.retargetMouseEvent(Container.java:4948)
2025-07-29 10:21:16,419 [ERROR] LogOutputStream:75 - [STDERR_REDIRECT] 	at java.desktop/java.awt.LightweightDispatcher.processMouseEvent(Container.java:4572)
2025-07-29 10:21:16,421 [ERROR] LogOutputStream:75 - [STDERR_REDIRECT] 	at java.desktop/java.awt.LightweightDispatcher.dispatchEvent(Container.java:4516)
2025-07-29 10:21:16,423 [ERROR] LogOutputStream:75 - [STDERR_REDIRECT] 	at java.desktop/java.awt.Container.dispatchEventImpl(Container.java:2310)
2025-07-29 10:21:16,424 [ERROR] LogOutputStream:75 - [STDERR_REDIRECT] 	at java.desktop/java.awt.Component.dispatchEvent(Component.java:4828)
2025-07-29 10:21:16,424 [ERROR] LogOutputStream:75 - [STDERR_REDIRECT] 	at java.desktop/java.awt.EventQueue.dispatchEventImpl(EventQueue.java:775)
2025-07-29 10:21:16,425 [ERROR] LogOutputStream:75 - [STDERR_REDIRECT] 	at java.desktop/java.awt.EventQueue$4.run(EventQueue.java:720)
2025-07-29 10:21:16,426 [ERROR] LogOutputStream:75 - [STDERR_REDIRECT] 	at java.desktop/java.awt.EventQueue$4.run(EventQueue.java:714)
2025-07-29 10:21:16,427 [ERROR] LogOutputStream:75 - [STDERR_REDIRECT] 	at java.base/java.security.AccessController.doPrivileged(AccessController.java:400)
2025-07-29 10:21:16,428 [ERROR] LogOutputStream:75 - [STDERR_REDIRECT] 	at java.base/java.security.ProtectionDomain$JavaSecurityAccessImpl.doIntersectionPrivilege(ProtectionDomain.java:87)
2025-07-29 10:21:16,430 [ERROR] LogOutputStream:75 - [STDERR_REDIRECT] 	at java.base/java.security.ProtectionDomain$JavaSecurityAccessImpl.doIntersectionPrivilege(ProtectionDomain.java:98)
2025-07-29 10:21:16,430 [ERROR] LogOutputStream:75 - [STDERR_REDIRECT] 	at java.desktop/java.awt.EventQueue$5.run(EventQueue.java:747)
2025-07-29 10:21:16,431 [ERROR] LogOutputStream:75 - [STDERR_REDIRECT] 	at java.desktop/java.awt.EventQueue$5.run(EventQueue.java:745)
2025-07-29 10:21:16,432 [ERROR] LogOutputStream:75 - [STDERR_REDIRECT] 	at java.base/java.security.AccessController.doPrivileged(AccessController.java:400)
2025-07-29 10:21:16,433 [ERROR] LogOutputStream:75 - [STDERR_REDIRECT] 	at java.base/java.security.ProtectionDomain$JavaSecurityAccessImpl.doIntersectionPrivilege(ProtectionDomain.java:87)
2025-07-29 10:21:16,433 [ERROR] LogOutputStream:75 - [STDERR_REDIRECT] 	at java.desktop/java.awt.EventQueue.dispatchEvent(EventQueue.java:744)
2025-07-29 10:21:16,434 [ERROR] LogOutputStream:75 - [STDERR_REDIRECT] 	at java.desktop/java.awt.EventDispatchThread.pumpOneEventForFilters(EventDispatchThread.java:203)
2025-07-29 10:21:16,436 [ERROR] LogOutputStream:75 - [STDERR_REDIRECT] 	at java.desktop/java.awt.EventDispatchThread.pumpEventsForFilter(EventDispatchThread.java:124)
2025-07-29 10:21:16,439 [ERROR] LogOutputStream:75 - [STDERR_REDIRECT] 	at java.desktop/java.awt.EventDispatchThread.pumpEventsForHierarchy(EventDispatchThread.java:113)
2025-07-29 10:21:16,441 [ERROR] LogOutputStream:75 - [STDERR_REDIRECT] 	at java.desktop/java.awt.EventDispatchThread.pumpEvents(EventDispatchThread.java:109)
2025-07-29 10:21:16,442 [ERROR] LogOutputStream:75 - [STDERR_REDIRECT] 	at java.desktop/java.awt.EventDispatchThread.pumpEvents(EventDispatchThread.java:101)
2025-07-29 10:21:16,443 [ERROR] LogOutputStream:75 - [STDERR_REDIRECT] 	at java.desktop/java.awt.EventDispatchThread.run(EventDispatchThread.java:90)
2025-07-29 10:21:48,774 [INFO] Gpio:278 - dependency for GPIO [SPI3]
2025-07-29 10:21:49,096 [INFO] Gpio:278 - dependency for GPIO [SPI3]
2025-07-29 10:22:01,766 [INFO] NvicIntPanel:101 - NVIC parent = com.st.microxplorer.plugins.ip.nvic.MultiNvicIntPanel[,0,0,0x0,invalid,layout=javax.swing.BoxLayout,alignmentX=0.0,alignmentY=0.0,border=,flags=9,maximumSize=,minimumSize=,preferredSize=]
2025-07-29 10:22:04,832 [INFO] NvicIntPanel:101 - NVIC parent = com.st.microxplorer.plugins.ip.nvic.MultiNvicIntPanel[,0,0,0x0,invalid,layout=javax.swing.BoxLayout,alignmentX=0.0,alignmentY=0.0,border=,flags=9,maximumSize=,minimumSize=,preferredSize=]
2025-07-29 10:22:31,537 [INFO] NvicIntPanel:101 - NVIC parent = com.st.microxplorer.plugins.ip.nvic.MultiNvicIntPanel[,0,0,0x0,invalid,layout=javax.swing.BoxLayout,alignmentX=0.0,alignmentY=0.0,border=,flags=9,maximumSize=,minimumSize=,preferredSize=]
2025-07-29 10:22:50,134 [INFO] NvicIntPanel:101 - NVIC parent = com.st.microxplorer.plugins.ip.nvic.MultiNvicIntPanel[,0,0,0x0,invalid,layout=javax.swing.BoxLayout,alignmentX=0.0,alignmentY=0.0,border=,flags=9,maximumSize=,minimumSize=,preferredSize=]
2025-07-29 10:22:55,650 [INFO] NvicIntPanel:101 - NVIC parent = com.st.microxplorer.plugins.ip.nvic.MultiNvicIntPanel[,0,0,0x0,invalid,layout=javax.swing.BoxLayout,alignmentX=0.0,alignmentY=0.0,border=,flags=9,maximumSize=,minimumSize=,preferredSize=]
2025-07-29 10:23:12,136 [INFO] NvicIntPanel:101 - NVIC parent = com.st.microxplorer.plugins.ip.nvic.MultiNvicIntPanel[,0,0,0x0,invalid,layout=javax.swing.BoxLayout,alignmentX=0.0,alignmentY=0.0,border=,flags=9,maximumSize=,minimumSize=,preferredSize=]
2025-07-29 10:23:12,275 [INFO] NvicIntPanel:101 - NVIC parent = com.st.microxplorer.plugins.ip.nvic.MultiNvicIntPanel[,0,0,0x0,invalid,layout=javax.swing.BoxLayout,alignmentX=0.0,alignmentY=0.0,border=,flags=9,maximumSize=,minimumSize=,preferredSize=]
2025-07-29 10:23:19,567 [INFO] NvicIntPanel:101 - NVIC parent = com.st.microxplorer.plugins.ip.nvic.MultiNvicIntPanel[,0,0,0x0,invalid,layout=javax.swing.BoxLayout,alignmentX=0.0,alignmentY=0.0,border=,flags=9,maximumSize=,minimumSize=,preferredSize=]
2025-07-29 10:23:19,714 [INFO] NvicIntPanel:101 - NVIC parent = com.st.microxplorer.plugins.ip.nvic.MultiNvicIntPanel[,0,0,0x0,invalid,layout=javax.swing.BoxLayout,alignmentX=0.0,alignmentY=0.0,border=,flags=9,maximumSize=,minimumSize=,preferredSize=]
2025-07-29 10:23:21,674 [INFO] NvicIntPanel:101 - NVIC parent = com.st.microxplorer.plugins.ip.nvic.MultiNvicIntPanel[,0,0,0x0,invalid,layout=javax.swing.BoxLayout,alignmentX=0.0,alignmentY=0.0,border=,flags=9,maximumSize=,minimumSize=,preferredSize=]
2025-07-29 10:23:21,823 [INFO] NvicIntPanel:101 - NVIC parent = com.st.microxplorer.plugins.ip.nvic.MultiNvicIntPanel[,0,0,0x0,invalid,layout=javax.swing.BoxLayout,alignmentX=0.0,alignmentY=0.0,border=,flags=9,maximumSize=,minimumSize=,preferredSize=]
2025-07-29 10:23:55,598 [INFO] NvicIntPanel:101 - NVIC parent = com.st.microxplorer.plugins.ip.nvic.MultiNvicIntPanel[,0,0,0x0,invalid,layout=javax.swing.BoxLayout,alignmentX=0.0,alignmentY=0.0,border=,flags=9,maximumSize=,minimumSize=,preferredSize=]
2025-07-29 10:24:19,567 [INFO] UtilMem:75 - End SaveConfig() Used Memory: 803727832 Bytes (968884224)
2025-07-29 10:24:23,944 [INFO] UtilMem:75 - End SaveConfig() Used Memory: 353731344 Bytes (968884224)
2025-07-29 10:24:24,517 [INFO] BlockDiagram:2775 - set Specific Code input for plugin: SPI
2025-07-29 10:24:24,518 [INFO] BlockDiagram:2775 - set Specific Code input for plugin: RCC
2025-07-29 10:24:24,518 [INFO] BlockDiagram:2775 - set Specific Code input for plugin: TIM6_7H7
2025-07-29 10:24:24,518 [INFO] BlockDiagram:2775 - set Specific Code input for plugin: MEMORYMAP
2025-07-29 10:24:24,518 [INFO] BlockDiagram:2775 - set Specific Code input for plugin: TIM6_7H7
2025-07-29 10:24:24,518 [INFO] BlockDiagram:2775 - set Specific Code input for plugin: SYS
2025-07-29 10:24:24,518 [INFO] BlockDiagram:2775 - set Specific Code input for plugin: NVIC
2025-07-29 10:24:24,518 [INFO] BlockDiagram:2775 - set Specific Code input for plugin: CORTEX_M7
2025-07-29 10:24:24,520 [INFO] BlockDiagram:2775 - set Specific Code input for plugin: GPIO
2025-07-29 10:24:24,522 [INFO] CodeGenerator:892 - code generatio: config db path: C:\ST\STM32CubeIDE_1.17.0\STM32CubeIDE\plugins\com.st.stm32cube.common.mx_6.15.0.202507011659\\db\
2025-07-29 10:24:24,766 [INFO] CodeEngine:265 - oldGeneratedFile, C:\Users\guan-ming.dennis-won\Documents\Code\Workspace\Workspace\STM32_Workspace\EtherCAT_Stack_2025\MXTmpFiles\license.tmp_save
2025-07-29 10:24:25,098 [INFO] CodeEngine:289 - Generated code: C:\Users\guan-ming.dennis-won\Documents\Code\Workspace\Workspace\STM32_Workspace\EtherCAT_Stack_2025\MXTmpFiles\license.tmp
2025-07-29 10:24:25,227 [INFO] CodeEngine:265 - oldGeneratedFile, C:\Users\guan-ming.dennis-won\Documents\Code\Workspace\Workspace\STM32_Workspace\EtherCAT_Stack_2025\MXTmpFiles\gpio.tmp_save
2025-07-29 10:24:25,397 [INFO] CodeEngine:289 - Generated code: C:\Users\guan-ming.dennis-won\Documents\Code\Workspace\Workspace\STM32_Workspace\EtherCAT_Stack_2025\MXTmpFiles\gpio.tmp
2025-07-29 10:24:25,461 [WARN] IPConfigManager:103 - WARNING: Missing Config File for MEMORYMAP ip!!
2025-07-29 10:24:26,058 [INFO] CodeEngine:265 - oldGeneratedFile, C:\Users\guan-ming.dennis-won\Documents\Code\Workspace\Workspace\STM32_Workspace\EtherCAT_Stack_2025\MXTmpFiles\cortex.tmp_save
2025-07-29 10:24:26,198 [INFO] CodeEngine:289 - Generated code: C:\Users\guan-ming.dennis-won\Documents\Code\Workspace\Workspace\STM32_Workspace\EtherCAT_Stack_2025\MXTmpFiles\cortex.tmp
2025-07-29 10:24:26,244 [INFO] CodeEngine:265 - oldGeneratedFile, C:\Users\guan-ming.dennis-won\Documents\Code\Workspace\Workspace\STM32_Workspace\EtherCAT_Stack_2025\Core\Src\stm32h7xx_it.c_save
2025-07-29 10:24:26,731 [INFO] CodeEngine:289 - Generated code: C:\Users\guan-ming.dennis-won\Documents\Code\Workspace\Workspace\STM32_Workspace\EtherCAT_Stack_2025\Core\Src\stm32h7xx_it.c
2025-07-29 10:24:26,757 [INFO] CodeEngine:265 - oldGeneratedFile, C:\Users\guan-ming.dennis-won\Documents\Code\Workspace\Workspace\STM32_Workspace\EtherCAT_Stack_2025\Core\Inc\stm32h7xx_it.h_save
2025-07-29 10:24:26,876 [INFO] CodeEngine:289 - Generated code: C:\Users\guan-ming.dennis-won\Documents\Code\Workspace\Workspace\STM32_Workspace\EtherCAT_Stack_2025\Core\Inc\stm32h7xx_it.h
2025-07-29 10:24:27,175 [INFO] CodeEngine:265 - oldGeneratedFile, C:\Users\guan-ming.dennis-won\Documents\Code\Workspace\Workspace\STM32_Workspace\EtherCAT_Stack_2025\Core\Src\stm32h7xx_hal_msp.c_save
2025-07-29 10:24:27,446 [INFO] CodeEngine:289 - Generated code: C:\Users\guan-ming.dennis-won\Documents\Code\Workspace\Workspace\STM32_Workspace\EtherCAT_Stack_2025\Core\Src\stm32h7xx_hal_msp.c
2025-07-29 10:24:27,459 [INFO] CodeEngine:265 - oldGeneratedFile, C:\Users\guan-ming.dennis-won\Documents\Code\Workspace\Workspace\STM32_Workspace\EtherCAT_Stack_2025\MXTmpFiles\system.tmp_save
2025-07-29 10:24:27,548 [INFO] CodeEngine:289 - Generated code: C:\Users\guan-ming.dennis-won\Documents\Code\Workspace\Workspace\STM32_Workspace\EtherCAT_Stack_2025\MXTmpFiles\system.tmp
2025-07-29 10:24:27,577 [INFO] CodeEngine:321 - oldGeneratedFile, C:\Users\guan-ming.dennis-won\Documents\Code\Workspace\Workspace\STM32_Workspace\EtherCAT_Stack_2025\Core\Inc\stm32h7xx_hal_conf.h_save
2025-07-29 10:24:27,684 [INFO] CodeEngine:345 - Generated code: C:\Users\guan-ming.dennis-won\Documents\Code\Workspace\Workspace\STM32_Workspace\EtherCAT_Stack_2025\Core\Inc\stm32h7xx_hal_conf.h
2025-07-29 10:24:27,742 [INFO] ApiDbMcu:532 - Load IP Config File for SPI3
2025-07-29 10:24:27,880 [INFO] ApiDbMcu:532 - Load IP Config File for TIM6
2025-07-29 10:24:27,934 [INFO] ApiDbMcu:532 - Load IP Config File for TIM7
2025-07-29 10:24:27,941 [WARN] IPConfigManager:3811 - IP not found : TIM
2025-07-29 10:24:27,944 [WARN] CodeGenerator:4259 - IP not found : null
2025-07-29 10:24:27,967 [INFO] CodeEngine:265 - oldGeneratedFile, C:\Users\guan-ming.dennis-won\Documents\Code\Workspace\Workspace\STM32_Workspace\EtherCAT_Stack_2025\Core\Inc\main.h_save
2025-07-29 10:24:28,141 [INFO] CodeEngine:289 - Generated code: C:\Users\guan-ming.dennis-won\Documents\Code\Workspace\Workspace\STM32_Workspace\EtherCAT_Stack_2025\Core\Inc\main.h
2025-07-29 10:24:28,157 [INFO] CodeEngine:265 - oldGeneratedFile, C:\Users\guan-ming.dennis-won\Documents\Code\Workspace\Workspace\STM32_Workspace\EtherCAT_Stack_2025\Core\Src\main.c_save
2025-07-29 10:24:28,341 [INFO] CodeEngine:289 - Generated code: C:\Users\guan-ming.dennis-won\Documents\Code\Workspace\Workspace\STM32_Workspace\EtherCAT_Stack_2025\Core\Src\main.c
2025-07-29 10:24:29,185 [INFO] ProjectBuilder:3606 - Time for Copy HAL[1] : 517mS.
2025-07-29 10:24:29,195 [INFO] ProjectBuilder:5216 - Project Generator version: 4.7.0-B52
2025-07-29 10:24:29,353 [INFO] ConfigFileManager:1595 - The Die is : DIE450
2025-07-29 10:24:31,710 [INFO] ProjectBuilder:5496 - Time for Generating toolchain IDE Files: 2515mS.
2025-07-29 10:24:31,711 [INFO] ProjectBuilder:3463 - Time for Copy CMSIS : 1mS.
2025-07-29 10:24:31,714 [INFO] ProjectBuilder:3463 - Time for Copy CMSIS : 0mS.
2025-07-29 10:24:59,985 [INFO] WebApp:194 - Connection lost
2025-07-29 10:25:00,260 [INFO] WebApp:191 - Connection restablished
2025-07-29 10:37:06,294 [INFO] MainUpdater:2872 - connection check result : 10
2025-07-29 10:37:06,294 [INFO] MainUpdater:2872 - connection check result : 10
2025-07-29 10:37:06,350 [INFO] MicroXplorer:468 - Change Database Path : 
2025-07-29 10:37:06,350 [INFO] MicroXplorer:498 - Change Database Version : DB.6.0.150
2025-07-29 10:37:06,412 [ERROR] ProjectManagerView:395 - 
java.lang.NullPointerException: Cannot invoke "javax.swing.JTextField.getText()" because the return value of "java.util.List.get(int)" is null
	at com.st.microxplorer.plugins.projectmanager.gui.ProjectChoiceTab$9.caretUpdate(ProjectChoiceTab.java:2706) ~[filemanager.jar:?]
	at javax.swing.text.JTextComponent.fireCaretUpdate(JTextComponent.java:408) ~[?:?]
	at javax.swing.text.JTextComponent$MutableCaretEvent.fire(JTextComponent.java:4484) ~[?:?]
	at javax.swing.text.JTextComponent$MutableCaretEvent.stateChanged(JTextComponent.java:4506) ~[?:?]
	at javax.swing.text.DefaultCaret.fireStateChanged(DefaultCaret.java:857) ~[?:?]
	at javax.swing.text.DefaultCaret.changeCaretPosition(DefaultCaret.java:1343) ~[?:?]
	at javax.swing.text.DefaultCaret.handleSetDot(DefaultCaret.java:1242) ~[?:?]
	at javax.swing.text.DefaultCaret.setDot(DefaultCaret.java:1223) ~[?:?]
	at javax.swing.text.DefaultCaret$Handler.insertUpdate(DefaultCaret.java:1819) ~[?:?]
	at javax.swing.text.AbstractDocument.fireInsertUpdate(AbstractDocument.java:227) ~[?:?]
	at javax.swing.text.AbstractDocument.handleInsertString(AbstractDocument.java:781) ~[?:?]
	at javax.swing.text.AbstractDocument.insertString(AbstractDocument.java:740) ~[?:?]
	at javax.swing.text.PlainDocument.insertString(PlainDocument.java:131) ~[?:?]
	at javax.swing.text.AbstractDocument.replace(AbstractDocument.java:699) ~[?:?]
	at javax.swing.text.JTextComponent.setText(JTextComponent.java:1725) ~[?:?]
	at com.st.microxplorer.plugins.projectmanager.gui.ProjectChoiceTab.createHeapStackFields(ProjectChoiceTab.java:993) ~[filemanager.jar:?]
	at com.st.microxplorer.plugins.projectmanager.gui.ProjectChoiceTab.buildLinkSettingsPanel(ProjectChoiceTab.java:3813) ~[filemanager.jar:?]
	at com.st.microxplorer.plugins.projectmanager.gui.ProjectChoiceTab.defineWindowsFields(ProjectChoiceTab.java:1987) ~[filemanager.jar:?]
	at com.st.microxplorer.plugins.projectmanager.gui.ProjectChoiceTab.updateSettings(ProjectChoiceTab.java:558) ~[filemanager.jar:?]
	at com.st.microxplorer.plugins.projectmanager.gui.ProjectSettingsPanel.UpdateDialog(ProjectSettingsPanel.java:247) ~[filemanager.jar:?]
	at com.st.microxplorer.plugins.projectmanager.ProjectManagerView.propertyChange(ProjectManagerView.java:392) ~[filemanager.jar:?]
	at java.beans.PropertyChangeSupport.fire(PropertyChangeSupport.java:343) ~[?:?]
	at java.beans.PropertyChangeSupport.firePropertyChange(PropertyChangeSupport.java:335) ~[?:?]
	at java.beans.PropertyChangeSupport.firePropertyChange(PropertyChangeSupport.java:268) ~[?:?]
	at com.st.microxplorer.util.MXPropertyChangeSupport.firePropertyChange(MXPropertyChangeSupport.java:54) ~[STM32CubeMX.jar:?]
	at com.st.microxplorer.mxsystem.MxSystem.closeConfig(MxSystem.java:899) ~[STM32CubeMX.jar:?]
	at com.st.microxplorer.maingui.MainPanel.closeConfig(MainPanel.java:792) ~[STM32CubeMX.jar:?]
	at com.st.microxplorer.plugins.filemanager.engine.OpenFileManager.loadConfigurationFile(OpenFileManager.java:288) ~[filemanager.jar:?]
	at com.st.microxplorer.plugins.filemanager.engine.MainFileManager.userLoadConfig(MainFileManager.java:364) ~[filemanager.jar:?]
	at com.st.microxplorer.plugins.filemanager.engine.MainFileManager.userLoadConfig(MainFileManager.java:342) ~[filemanager.jar:?]
	at com.st.microxplorer.plugins.filemanager.FileManagerView.getSpecificTask(FileManagerView.java:264) ~[filemanager.jar:?]
	at com.st.stm32cube.common.mx.editor.CubeMxEditor.getMxTabbedPaneInstance(CubeMxEditor.java:1198) ~[com.st.stm32cube.common.mx_6.15.0.202507011659/:?]
	at com.st.stm32cube.common.mx.editor.CubeMxEditor$12$1.createSwingComponent(CubeMxEditor.java:1068) ~[com.st.stm32cube.common.mx_6.15.0.202507011659/:?]
	at com.st.stm32cube.common.mx.oss.core.awtswtbridge.EmbeddedSwingComposite.doComponentCreation(EmbeddedSwingComposite.java:492) ~[com.st.stm32cube.common.mx.oss_6.15.0.202507011659/:?]
	at com.st.stm32cube.common.mx.oss.core.awtswtbridge.EmbeddedSwingComposite$4.run(EmbeddedSwingComposite.java:291) ~[com.st.stm32cube.common.mx.oss_6.15.0.202507011659/:?]
	at com.st.stm32cube.common.mx.oss.core.awtswtbridge.AwtEnvironment$2.run(AwtEnvironment.java:166) ~[com.st.stm32cube.common.mx.oss_6.15.0.202507011659/:?]
	at java.awt.event.InvocationEvent.dispatch(InvocationEvent.java:318) ~[?:?]
	at java.awt.EventQueue.dispatchEventImpl(EventQueue.java:773) ~[?:?]
	at java.awt.EventQueue$4.run(EventQueue.java:720) ~[?:?]
	at java.awt.EventQueue$4.run(EventQueue.java:714) ~[?:?]
	at java.security.AccessController.doPrivileged(AccessController.java:400) ~[?:?]
	at java.security.ProtectionDomain$JavaSecurityAccessImpl.doIntersectionPrivilege(ProtectionDomain.java:87) ~[?:?]
	at java.awt.EventQueue.dispatchEvent(EventQueue.java:742) ~[?:?]
	at java.awt.EventDispatchThread.pumpOneEventForFilters(EventDispatchThread.java:203) ~[?:?]
	at java.awt.EventDispatchThread.pumpEventsForFilter(EventDispatchThread.java:124) ~[?:?]
	at java.awt.EventDispatchThread.pumpEventsForHierarchy(EventDispatchThread.java:113) ~[?:?]
	at java.awt.EventDispatchThread.pumpEvents(EventDispatchThread.java:109) ~[?:?]
	at java.awt.EventDispatchThread.pumpEvents(EventDispatchThread.java:101) ~[?:?]
	at java.awt.EventDispatchThread.run(EventDispatchThread.java:90) ~[?:?]
2025-07-29 10:37:06,437 [WARN] ThirdParty:871 - waiting for thirdparty lock release [close project]
2025-07-29 10:37:06,437 [INFO] ThirdParty:873 - entering critical section [close project]
2025-07-29 10:37:06,437 [INFO] ThirdParty:883 - exiting critical section [close project]
2025-07-29 10:37:06,442 [INFO] PinOutPanel:1589 - setPackage(No Configuration,No Configuration)
2025-07-29 10:37:06,465 [WARN] IpParametersView:155 - Warning: This peripheral hasn't parameters
2025-07-29 10:37:06,484 [WARN] MainPanel:289 - <html><b><center>Warning: This peripheral has no parameters to be configured<br></b></html>
2025-07-29 10:37:06,508 [INFO] UtilMem:75 - Begin LoadConfig() Used Memory: 537124880 Bytes (968884224)
2025-07-29 10:37:06,510 [INFO] MicroXplorer:468 - Change Database Path : 
2025-07-29 10:37:06,510 [INFO] MicroXplorer:498 - Change Database Version : DB.6.0.150
2025-07-29 10:37:06,511 [INFO] OpenFileManager:355 - Change cursor
2025-07-29 10:37:06,563 [INFO] RulesReader:64 - Compatibility file has been processed (317 Rules)
2025-07-29 10:37:06,579 [INFO] Mcu:2029 - Initializing MCU STM32H743ZITx STM32H743ZITx STM32H743ZIT6
2025-07-29 10:37:11,328 [INFO] Context:786 - Trying to add GPIOservice into a context  which must be forbidden
2025-07-29 10:37:13,047 [INFO] ImportTextPane:234 - (OptionalMessage_ERROR) Pin14 (VP_RIF_VS_RIF1) cannot be retrieved for this MCU
2025-07-29 10:37:13,137 [INFO] RtosManager:558 - Registered RTOS mode: class=CMSIS, group=RTOS, mode=CMSIS_V1, owner=FREERTOS
2025-07-29 10:37:13,137 [INFO] RtosManager:558 - Registered RTOS mode: class=CMSIS, group=RTOS2, mode=CMSIS_V2, owner=FREERTOS
2025-07-29 10:37:13,137 [INFO] RtosManager:558 - Registered RTOS mode: class=RTOS, group=Core, mode=CMSIS_V1, owner=FREERTOS
2025-07-29 10:37:13,137 [INFO] RtosManager:558 - Registered RTOS mode: class=RTOS, group=Core, mode=CMSIS_V2, owner=FREERTOS
2025-07-29 10:37:13,138 [WARN] ModelIntegratedComponent:184 - Missing modes for component STMicroelectronics:FreeRTOS:0.0.1:STMicroelectronics:RTOS:FreeRTOS:Core:::10.2.0:
2025-07-29 10:37:13,162 [WARN] ModelIntegratedComponent:63 - No mode defined for component null
2025-07-29 10:37:13,162 [WARN] ModelIntegratedComponent:63 - No mode defined for component null
2025-07-29 10:37:13,162 [WARN] ModelIntegratedComponent:63 - No mode defined for component null
2025-07-29 10:37:13,162 [WARN] ModelIntegratedComponent:63 - No mode defined for component null
2025-07-29 10:37:13,162 [WARN] ModelIntegratedComponent:63 - No mode defined for component null
2025-07-29 10:37:13,162 [WARN] ModelIntegratedComponent:63 - No mode defined for component null
2025-07-29 10:37:13,162 [WARN] ModelIntegratedComponent:63 - No mode defined for component null
2025-07-29 10:37:13,162 [WARN] ModelIntegratedComponent:63 - No mode defined for component null
2025-07-29 10:37:13,162 [WARN] ModelIntegratedComponent:63 - No mode defined for component null
2025-07-29 10:37:13,162 [WARN] ModelIntegratedComponent:63 - No mode defined for component null
2025-07-29 10:37:13,163 [WARN] ModelIntegratedComponent:63 - No mode defined for component null
2025-07-29 10:37:13,163 [WARN] ModelIntegratedComponent:63 - No mode defined for component null
2025-07-29 10:37:13,163 [WARN] ModelIntegratedComponent:63 - No mode defined for component null
2025-07-29 10:37:13,163 [WARN] ModelIntegratedComponent:63 - No mode defined for component null
2025-07-29 10:37:13,163 [WARN] ModelIntegratedComponent:63 - No mode defined for component null
2025-07-29 10:37:13,163 [WARN] ModelIntegratedComponent:63 - No mode defined for component null
2025-07-29 10:37:13,163 [WARN] ModelIntegratedComponent:63 - No mode defined for component null
2025-07-29 10:37:13,163 [WARN] ModelIntegratedComponent:63 - No mode defined for component null
2025-07-29 10:37:13,163 [WARN] ModelIntegratedComponent:63 - No mode defined for component null
2025-07-29 10:37:13,163 [WARN] ModelIntegratedComponent:63 - No mode defined for component null
2025-07-29 10:37:13,163 [WARN] ModelIntegratedComponent:63 - No mode defined for component null
2025-07-29 10:37:13,163 [WARN] ModelIntegratedComponent:63 - No mode defined for component null
2025-07-29 10:37:13,163 [WARN] ModelIntegratedComponent:63 - No mode defined for component null
2025-07-29 10:37:13,163 [WARN] ModelIntegratedComponent:63 - No mode defined for component null
2025-07-29 10:37:13,163 [WARN] ModelIntegratedComponent:63 - No mode defined for component null
2025-07-29 10:37:13,164 [WARN] ModelIntegratedComponent:63 - No mode defined for component null
2025-07-29 10:37:13,164 [WARN] ModelIntegratedComponent:63 - No mode defined for component null
2025-07-29 10:37:13,164 [WARN] ModelIntegratedComponent:63 - No mode defined for component null
2025-07-29 10:37:13,164 [WARN] ModelIntegratedComponent:63 - No mode defined for component null
2025-07-29 10:37:13,164 [WARN] ModelIntegratedComponent:63 - No mode defined for component null
2025-07-29 10:37:13,164 [WARN] ModelIntegratedComponent:63 - No mode defined for component null
2025-07-29 10:37:13,164 [WARN] ModelIntegratedComponent:63 - No mode defined for component null
2025-07-29 10:37:13,164 [WARN] ModelIntegratedComponent:63 - No mode defined for component null
2025-07-29 10:37:13,164 [WARN] ModelIntegratedComponent:63 - No mode defined for component null
2025-07-29 10:37:13,164 [WARN] ModelIntegratedComponent:63 - No mode defined for component null
2025-07-29 10:37:13,164 [WARN] ModelPack:524 - Component already loaded: STMicroelectronics:HAL Drivers:0.0.0:STMicroelectronics:Device:STMicro_Driver:XSPI:HAL::0.0.1:HAL_XSPI
2025-07-29 10:37:13,508 [INFO] ThirdPartyModel:298 - Start build external matchings
2025-07-29 10:37:15,080 [INFO] ThirdPartyModel:316 - End build external matchings
2025-07-29 10:37:15,979 [INFO] UtilMem:75 - End LoadConfig() Used Memory: 563889064 Bytes (1073741824)
2025-07-29 10:37:16,042 [WARN] ThirdParty:833 - waiting for thirdparty lock release [change project]
2025-07-29 10:37:16,042 [INFO] ThirdParty:835 - entering critical section [change project]
2025-07-29 10:37:16,042 [INFO] ThirdParty:1030 - CMSIS Pack Vendor :STMicroelectronics X-CUBE-PM33A1 1.0.0
2025-07-29 10:37:16,042 [INFO] ThirdParty:1030 - CMSIS Pack Vendor :STMicroelectronics USBPD 4.1
2025-07-29 10:37:16,042 [INFO] ThirdParty:1030 - CMSIS Pack Vendor :STMicroelectronics USB_HOST 2.0.0
2025-07-29 10:37:16,043 [INFO] ThirdParty:1030 - CMSIS Pack Vendor :STMicroelectronics FP-SNS-MOTENVWB1 1.4.0
2025-07-29 10:37:16,043 [INFO] ThirdParty:1030 - CMSIS Pack Vendor :STMicroelectronics X-CUBE-AZRTOS-F4 1.1.0
2025-07-29 10:37:16,043 [INFO] ThirdParty:1030 - CMSIS Pack Vendor :STMicroelectronics LIBJPEG 8.0.0
2025-07-29 10:37:16,043 [INFO] ThirdParty:1030 - CMSIS Pack Vendor :STMicroelectronics FP-ATR-ASTRA1 2.0.2
2025-07-29 10:37:16,043 [INFO] ThirdParty:1030 - CMSIS Pack Vendor :STMicroelectronics FP-ATR-ASTRA1 2.0.1
2025-07-29 10:37:16,043 [INFO] ThirdParty:1030 - CMSIS Pack Vendor :Avnet-IotConnect X-CUBE-IoTC-DA16k-PMOD 1.0.0
2025-07-29 10:37:16,043 [INFO] ThirdParty:1030 - CMSIS Pack Vendor :STMicroelectronics X-CUBE-SMBUS 2.1.0
2025-07-29 10:37:16,043 [INFO] ThirdParty:1030 - CMSIS Pack Vendor :STMicroelectronics X-CUBE-WB05N 1.1.0
2025-07-29 10:37:16,043 [INFO] ThirdParty:1030 - CMSIS Pack Vendor :STMicroelectronics X-CUBE-ISPU 2.1.0
2025-07-29 10:37:16,043 [INFO] ThirdParty:1030 - CMSIS Pack Vendor :STMicroelectronics X-CUBE-ST60 1.0.0
2025-07-29 10:37:16,043 [INFO] ThirdParty:1030 - CMSIS Pack Vendor :STMicroelectronics X-CUBE-NFC12 1.0.0
2025-07-29 10:37:16,045 [INFO] ThirdParty:1030 - CMSIS Pack Vendor :STMicroelectronics X-CUBE-AZRTOS-F7 1.1.0
2025-07-29 10:37:16,045 [INFO] ThirdParty:1030 - CMSIS Pack Vendor :STMicroelectronics X-CUBE-AZRTOS-L5 2.0.0
2025-07-29 10:37:16,045 [INFO] ThirdParty:1030 - CMSIS Pack Vendor :STMicroelectronics USB_DEVICE 2.0.0
2025-07-29 10:37:16,045 [INFO] ThirdParty:1030 - CMSIS Pack Vendor :STMicroelectronics X-CUBE-NFC6 3.1.0
2025-07-29 10:37:16,045 [INFO] ThirdParty:1030 - CMSIS Pack Vendor :STMicroelectronics FreeRTOS 0.0.1
2025-07-29 10:37:16,045 [INFO] ThirdParty:1030 - CMSIS Pack Vendor :STMicroelectronics X-CUBE-DPower 1.2.0
2025-07-29 10:37:16,045 [INFO] ThirdParty:1030 - CMSIS Pack Vendor :STMicroelectronics FP-SNS-FLIGHT1 5.0.2
2025-07-29 10:37:16,045 [INFO] ThirdParty:1030 - CMSIS Pack Vendor :Infineon AIROC-Wi-Fi-Bluetooth-STM32 1.7.0
2025-07-29 10:37:16,045 [INFO] ThirdParty:1030 - CMSIS Pack Vendor :STMicroelectronics PDM2PCM 3.3.0
2025-07-29 10:37:16,045 [INFO] ThirdParty:1030 - CMSIS Pack Vendor :STMicroelectronics X-CUBE-AZRTOS-H7 3.4.0
2025-07-29 10:37:16,046 [INFO] ThirdParty:1030 - CMSIS Pack Vendor :STMicroelectronics X-CUBE-DISPLAY 3.0.0
2025-07-29 10:37:16,046 [INFO] ThirdParty:1030 - CMSIS Pack Vendor :STMicroelectronics X-CUBE-BLE1 7.0.0
2025-07-29 10:37:16,046 [INFO] ThirdParty:1030 - CMSIS Pack Vendor :STMicroelectronics X-CUBE-NFC10 1.0.0
2025-07-29 10:37:16,046 [INFO] ThirdParty:1030 - CMSIS Pack Vendor :STMicroelectronics X-CUBE-BLEMGR 4.0.0
2025-07-29 10:37:16,046 [INFO] ThirdParty:1030 - CMSIS Pack Vendor :STMicroelectronics X-CUBE-FREERTOS 1.3.1
2025-07-29 10:37:16,046 [INFO] ThirdParty:1030 - CMSIS Pack Vendor :STMicroelectronics HAL Drivers 0.0.0
2025-07-29 10:37:16,046 [INFO] ThirdParty:1030 - CMSIS Pack Vendor :emotas I-CUBE-CANOPEN 1.3.0
2025-07-29 10:37:16,046 [INFO] ThirdParty:1030 - CMSIS Pack Vendor :STMicroelectronics X-CUBE-FREERTOS 1.3.0
2025-07-29 10:37:16,046 [INFO] ThirdParty:1030 - CMSIS Pack Vendor :STMicroelectronics X-CUBE-NFC7 1.0.1
2025-07-29 10:37:16,047 [INFO] ThirdParty:1030 - CMSIS Pack Vendor :STMicroelectronics MBEDTLS 2.14.1
2025-07-29 10:37:16,047 [INFO] ThirdParty:1030 - CMSIS Pack Vendor :STMicroelectronics X-CUBE-AI 10.0.0
2025-07-29 10:37:16,047 [INFO] ThirdParty:1030 - CMSIS Pack Vendor :STMicroelectronics FP-SNS-STAIOTCFT 1.0.0
2025-07-29 10:37:16,047 [INFO] ThirdParty:1030 - CMSIS Pack Vendor :STMicroelectronics FP-SNS-SMARTAG2 1.2.0
2025-07-29 10:37:16,047 [INFO] ThirdParty:1030 - CMSIS Pack Vendor :STMicroelectronics FP-SNS-FLIGHT1 5.1.0
2025-07-29 10:37:16,047 [INFO] ThirdParty:1030 - CMSIS Pack Vendor :STMicroelectronics X-CUBE-MEMS1 11.1.0
2025-07-29 10:37:16,047 [INFO] ThirdParty:1030 - CMSIS Pack Vendor :STMicroelectronics X-CUBE-AZRTOS-WL 2.0.0
2025-07-29 10:37:16,047 [INFO] ThirdParty:1030 - CMSIS Pack Vendor :STMicroelectronics X-CUBE-DPower 1.3.0
2025-07-29 10:37:16,047 [INFO] ThirdParty:1030 - CMSIS Pack Vendor :STMicroelectronics FP-SNS-MOTENV1 5.0.0
2025-07-29 10:37:16,048 [INFO] ThirdParty:1030 - CMSIS Pack Vendor :STMicroelectronics USB_DEVICE 1.0.0
2025-07-29 10:37:16,048 [INFO] ThirdParty:1030 - CMSIS Pack Vendor :wolfSSL I-CUBE-wolfMQTT 1.19.0
2025-07-29 10:37:16,048 [INFO] ThirdParty:1030 - CMSIS Pack Vendor :STMicroelectronics X-CUBE-AZRTOS-L4 2.0.0
2025-07-29 10:37:16,048 [INFO] ThirdParty:1030 - CMSIS Pack Vendor :STMicroelectronics ThreadX 0.0.2
2025-07-29 10:37:16,048 [INFO] ThirdParty:1030 - CMSIS Pack Vendor :WES I-CUBE-Cesium 1.3.0
2025-07-29 10:37:16,048 [INFO] ThirdParty:1030 - CMSIS Pack Vendor :STMicroelectronics lwIP 2.1.2
2025-07-29 10:37:16,048 [INFO] ThirdParty:1030 - CMSIS Pack Vendor :STMicroelectronics X-CUBE-SFXS2LP1 4.0.0
2025-07-29 10:37:16,048 [INFO] ThirdParty:1030 - CMSIS Pack Vendor :STMicroelectronics X-CUBE-BLE2 3.3.0
2025-07-29 10:37:16,048 [INFO] ThirdParty:1030 - CMSIS Pack Vendor :STMicroelectronics PDM2PCM 3.2.0
2025-07-29 10:37:16,048 [INFO] ThirdParty:1030 - CMSIS Pack Vendor :STMicroelectronics X-CUBE-AZRTOS-H7 3.3.0
2025-07-29 10:37:16,048 [INFO] ThirdParty:1030 - CMSIS Pack Vendor :STMicroelectronics X-CUBE-NFC9 1.0.0
2025-07-29 10:37:16,049 [INFO] ThirdParty:1030 - CMSIS Pack Vendor :STMicroelectronics X-CUBE-BLE1 7.1.0
2025-07-29 10:37:16,049 [INFO] ThirdParty:1030 - CMSIS Pack Vendor :STMicroelectronics USB_DEVICE 3.0.0
2025-07-29 10:37:16,050 [INFO] ThirdParty:1030 - CMSIS Pack Vendor :STMicroelectronics X-CUBE-EEPRMA1 5.2.0
2025-07-29 10:37:16,050 [INFO] ThirdParty:1030 - CMSIS Pack Vendor :STMicroelectronics X-CUBE-BLEMGR 4.1.0
2025-07-29 10:37:16,050 [INFO] ThirdParty:1030 - CMSIS Pack Vendor :STMicroelectronics X-CUBE-AZRTOS-WB 2.0.0
2025-07-29 10:37:16,050 [INFO] ThirdParty:1030 - CMSIS Pack Vendor :STMicroelectronics X-CUBE-GNSS1 7.0.1
2025-07-29 10:37:16,051 [INFO] ThirdParty:1030 - CMSIS Pack Vendor :STMicroelectronics X-CUBE-TOUCHGFX 4.25.0
2025-07-29 10:37:16,051 [INFO] ThirdParty:1030 - CMSIS Pack Vendor :STMicroelectronics X-CUBE-AI 10.1.0
2025-07-29 10:37:16,051 [INFO] ThirdParty:1030 - CMSIS Pack Vendor :STMicroelectronics FP-SNS-STBOX1 2.0.0
2025-07-29 10:37:16,051 [INFO] ThirdParty:1030 - CMSIS Pack Vendor :STMicroelectronics X-CUBE-MEMS1 11.2.0
2025-07-29 10:37:16,052 [INFO] ThirdParty:1030 - CMSIS Pack Vendor :STMicroelectronics X-CUBE-AZRTOS-G0 1.1.0
2025-07-29 10:37:16,052 [INFO] ThirdParty:1030 - CMSIS Pack Vendor :STMicroelectronics X-CUBE-SAFEA1 1.2.2
2025-07-29 10:37:16,052 [INFO] ThirdParty:1030 - CMSIS Pack Vendor :STMicroelectronics X-CUBE-NFC4 3.0.0
2025-07-29 10:37:16,052 [INFO] ThirdParty:1030 - CMSIS Pack Vendor :STMicroelectronics X-CUBE-SUBG2 5.0.0
2025-07-29 10:37:16,052 [INFO] ThirdParty:1030 - CMSIS Pack Vendor :STMicroelectronics X-CUBE-AZRTOS-H7RS 1.1.0
2025-07-29 10:37:16,052 [INFO] ThirdParty:1030 - CMSIS Pack Vendor :STMicroelectronics STM32_WPAN 1.0.0
2025-07-29 10:37:16,052 [INFO] ThirdParty:1030 - CMSIS Pack Vendor :EmbeddedOffice I-CUBE-FS-RTOS 1.0.1
2025-07-29 10:37:16,052 [INFO] ThirdParty:1030 - CMSIS Pack Vendor :STMicroelectronics lwIP 2.0.3
2025-07-29 10:37:16,052 [INFO] ThirdParty:1030 - CMSIS Pack Vendor :Cesanta I-CUBE-Mongoose 7.13.0
2025-07-29 10:37:16,052 [INFO] ThirdParty:1030 - CMSIS Pack Vendor :STMicroelectronics USB_HOST 1.0.0
2025-07-29 10:37:16,052 [INFO] ThirdParty:1030 - CMSIS Pack Vendor :STMicroelectronics X-CUBE-AZRTOS-G4 2.0.0
2025-07-29 10:37:16,052 [INFO] ThirdParty:1030 - CMSIS Pack Vendor :STMicroelectronics X-CUBE-WB05N 2.0.0
2025-07-29 10:37:16,052 [INFO] ThirdParty:1030 - CMSIS Pack Vendor :STMicroelectronics PDM2PCM 3.1.0
2025-07-29 10:37:16,052 [INFO] ThirdParty:1030 - CMSIS Pack Vendor :STMicroelectronics X-CUBE-NFC7 2.0.0
2025-07-29 10:37:16,052 [INFO] ThirdParty:1030 - CMSIS Pack Vendor :STMicroelectronics X-CUBE-TCPP 4.2.0
2025-07-29 10:37:16,052 [INFO] ThirdParty:1030 - CMSIS Pack Vendor :RealThread X-CUBE-RT-Thread_Nano 4.1.1
2025-07-29 10:37:16,052 [INFO] ThirdParty:1030 - CMSIS Pack Vendor :STMicroelectronics FP-ATR-SIGFOX1 3.2.0
2025-07-29 10:37:16,052 [INFO] ThirdParty:1030 - CMSIS Pack Vendor :quantropi X-CUBE-qispace-sdk-base 1.9.3
2025-07-29 10:37:16,052 [INFO] ThirdParty:1030 - CMSIS Pack Vendor :STMicroelectronics X-CUBE-EEPRMA1 5.1.0
2025-07-29 10:37:16,052 [INFO] ThirdParty:1030 - CMSIS Pack Vendor :STMicroelectronics MBEDTLS 2.16.2
2025-07-29 10:37:16,052 [INFO] ThirdParty:1030 - CMSIS Pack Vendor :STMicroelectronics X-CUBE-IPS 3.1.0
2025-07-29 10:37:16,053 [INFO] ThirdParty:1030 - CMSIS Pack Vendor :STMicroelectronics X-CUBE-ALS 1.0.2
2025-07-29 10:37:16,053 [INFO] ThirdParty:1030 - CMSIS Pack Vendor :wolfSSL I-CUBE-wolfSSL 5.7.4
2025-07-29 10:37:16,053 [INFO] ThirdParty:1030 - CMSIS Pack Vendor :ITTIA_DB I-CUBE-ITTIADB 8.9.0
2025-07-29 10:37:16,053 [INFO] ThirdParty:1030 - CMSIS Pack Vendor :STMicroelectronics X-CUBE-TOUCHGFX 4.24.2
2025-07-29 10:37:16,053 [INFO] ThirdParty:1030 - CMSIS Pack Vendor :wolfSSL I-CUBE-wolfTPM 3.4.0
2025-07-29 10:37:16,053 [INFO] ThirdParty:1030 - CMSIS Pack Vendor :portGmbH I-Cube-SoM-uGOAL 1.1.0
2025-07-29 10:37:16,053 [INFO] ThirdParty:1030 - CMSIS Pack Vendor :STMicroelectronics X-CUBE-ST67W61 1.0.0
2025-07-29 10:37:16,053 [INFO] ThirdParty:1030 - CMSIS Pack Vendor :STMicroelectronics ThreadX 1.0.0
2025-07-29 10:37:16,053 [INFO] ThirdParty:1030 - CMSIS Pack Vendor :SEGGER I-CUBE-embOS 1.3.1
2025-07-29 10:37:16,053 [INFO] ThirdParty:1030 - CMSIS Pack Vendor :STMicroelectronics X-CUBE-ALGOBUILD 1.4.0
2025-07-29 10:37:16,053 [INFO] ThirdParty:1030 - CMSIS Pack Vendor :STMicroelectronics X-CUBE-MEMS1 11.3.0
2025-07-29 10:37:16,053 [INFO] ThirdParty:1030 - CMSIS Pack Vendor :STMicroelectronics X-CUBE-AZRTOS-H7RS 1.0.0
2025-07-29 10:37:16,053 [INFO] ThirdParty:1030 - CMSIS Pack Vendor :STMicroelectronics X-CUBE-TOF1 3.4.2
2025-07-29 10:37:16,053 [INFO] ThirdParty:1030 - CMSIS Pack Vendor :STMicroelectronics X-CUBE-TOF1 3.4.3
2025-07-29 10:37:16,053 [INFO] ThirdParty:1030 - CMSIS Pack Vendor :STMicroelectronics X-CUBE-AI 9.1.0
2025-07-29 10:37:16,053 [INFO] ThirdParty:1030 - CMSIS Pack Vendor :wolfSSL I-CUBE-wolfSSH 1.4.17
2025-07-29 10:37:16,053 [INFO] ThirdParty:841 - exiting critical section [change project]
2025-07-29 10:37:17,050 [INFO] PinOutPanel:1589 - setPackage(No Configuration,No Configuration)
2025-07-29 10:37:17,055 [INFO] PinOutPanel:1589 - setPackage(STM32H743ZITx,LQFP144)
2025-07-29 10:37:17,874 [INFO] UtilMem:75 - Before build in PCC Used Memory: 498716872 Bytes (1073741824)
2025-07-29 10:37:18,434 [INFO] UtilMem:75 - After build in PCC Used Memory: 560060616 Bytes (1073741824)
2025-07-29 10:37:18,488 [INFO] IPUIPlugin:80 - create IPUIPlugin
2025-07-29 10:37:18,488 [INFO] IPUIPlugin:80 - create IPUIPlugin
2025-07-29 10:37:18,488 [INFO] IPUIPlugin:80 - create IPUIPlugin
2025-07-29 10:37:18,488 [INFO] IPUIPlugin:80 - create IPUIPlugin
2025-07-29 10:37:18,488 [INFO] IPUIPlugin:80 - create IPUIPlugin
2025-07-29 10:37:18,488 [INFO] IPUIPlugin:80 - create IPUIPlugin
2025-07-29 10:37:18,489 [INFO] IPUIPlugin:80 - create IPUIPlugin
2025-07-29 10:37:18,489 [INFO] IPUIPlugin:80 - create IPUIPlugin
2025-07-29 10:37:18,489 [INFO] IPUIPlugin:80 - create IPUIPlugin
2025-07-29 10:37:18,489 [INFO] IPUIPlugin:80 - create IPUIPlugin
2025-07-29 10:37:18,489 [INFO] IPUIPlugin:80 - create IPUIPlugin
2025-07-29 10:37:18,490 [INFO] IPUIPlugin:80 - create IPUIPlugin
2025-07-29 10:37:18,490 [INFO] IPUIPlugin:80 - create IPUIPlugin
2025-07-29 10:37:18,490 [INFO] IPUIPlugin:80 - create IPUIPlugin
2025-07-29 10:37:18,490 [INFO] IPUIPlugin:80 - create IPUIPlugin
2025-07-29 10:37:18,491 [INFO] IPUIPlugin:80 - create IPUIPlugin
2025-07-29 10:37:18,491 [INFO] IPUIPlugin:80 - create IPUIPlugin
2025-07-29 10:37:18,491 [INFO] IPUIPlugin:80 - create IPUIPlugin
2025-07-29 10:37:18,491 [INFO] IPUIPlugin:80 - create IPUIPlugin
2025-07-29 10:37:18,491 [INFO] IPUIPlugin:80 - create IPUIPlugin
2025-07-29 10:37:18,492 [INFO] IPUIPlugin:80 - create IPUIPlugin
2025-07-29 10:37:18,492 [INFO] IPUIPlugin:80 - create IPUIPlugin
2025-07-29 10:37:18,493 [INFO] IPUIPlugin:80 - create IPUIPlugin
2025-07-29 10:37:18,493 [INFO] IPUIPlugin:80 - create IPUIPlugin
2025-07-29 10:37:18,493 [INFO] IPUIPlugin:80 - create IPUIPlugin
2025-07-29 10:37:18,493 [INFO] IPUIPlugin:80 - create IPUIPlugin
2025-07-29 10:37:18,493 [INFO] IPUIPlugin:80 - create IPUIPlugin
2025-07-29 10:37:18,493 [INFO] IPUIPlugin:80 - create IPUIPlugin
2025-07-29 10:37:18,494 [INFO] IPUIPlugin:80 - create IPUIPlugin
2025-07-29 10:37:18,494 [INFO] IPUIPlugin:80 - create IPUIPlugin
2025-07-29 10:37:18,494 [INFO] IPUIPlugin:80 - create IPUIPlugin
2025-07-29 10:37:18,494 [INFO] IPUIPlugin:80 - create IPUIPlugin
2025-07-29 10:37:18,494 [INFO] IPUIPlugin:80 - create IPUIPlugin
2025-07-29 10:37:18,495 [INFO] IPUIPlugin:80 - create IPUIPlugin
2025-07-29 10:37:18,495 [INFO] IPUIPlugin:80 - create IPUIPlugin
2025-07-29 10:37:18,495 [INFO] IPUIPlugin:80 - create IPUIPlugin
2025-07-29 10:37:18,496 [INFO] IPUIPlugin:80 - create IPUIPlugin
2025-07-29 10:37:18,496 [INFO] IPUIPlugin:80 - create IPUIPlugin
2025-07-29 10:37:18,496 [INFO] IPUIPlugin:80 - create IPUIPlugin
2025-07-29 10:37:18,497 [INFO] IPUIPlugin:80 - create IPUIPlugin
2025-07-29 10:37:18,497 [INFO] IPUIPlugin:80 - create IPUIPlugin
2025-07-29 10:37:18,497 [INFO] IPUIPlugin:80 - create IPUIPlugin
2025-07-29 10:37:18,498 [INFO] IPUIPlugin:80 - create IPUIPlugin
2025-07-29 10:37:18,498 [INFO] IPUIPlugin:80 - create IPUIPlugin
2025-07-29 10:37:18,498 [INFO] IPUIPlugin:80 - create IPUIPlugin
2025-07-29 10:37:18,499 [INFO] IPUIPlugin:80 - create IPUIPlugin
2025-07-29 10:37:18,499 [INFO] IPUIPlugin:80 - create IPUIPlugin
2025-07-29 10:37:18,499 [INFO] IPUIPlugin:80 - create IPUIPlugin
2025-07-29 10:37:18,500 [INFO] IPUIPlugin:80 - create IPUIPlugin
2025-07-29 10:37:18,500 [INFO] IPUIPlugin:80 - create IPUIPlugin
2025-07-29 10:37:18,500 [INFO] IPUIPlugin:80 - create IPUIPlugin
2025-07-29 10:37:18,500 [INFO] IPUIPlugin:80 - create IPUIPlugin
2025-07-29 10:37:18,501 [INFO] IPUIPlugin:80 - create IPUIPlugin
2025-07-29 10:37:18,502 [INFO] IPUIPlugin:80 - create IPUIPlugin
2025-07-29 10:37:18,503 [INFO] IPUIPlugin:80 - create IPUIPlugin
2025-07-29 10:37:18,504 [INFO] IPUIPlugin:80 - create IPUIPlugin
2025-07-29 10:37:18,504 [INFO] IPUIPlugin:80 - create IPUIPlugin
2025-07-29 10:37:18,505 [INFO] IPUIPlugin:80 - create IPUIPlugin
2025-07-29 10:37:18,505 [INFO] IPUIPlugin:80 - create IPUIPlugin
2025-07-29 10:37:18,506 [INFO] IPUIPlugin:80 - create IPUIPlugin
2025-07-29 10:37:18,506 [INFO] IPUIPlugin:80 - create IPUIPlugin
2025-07-29 10:37:18,506 [INFO] IPUIPlugin:80 - create IPUIPlugin
2025-07-29 10:37:18,507 [INFO] IPUIPlugin:80 - create IPUIPlugin
2025-07-29 10:37:18,507 [INFO] IPUIPlugin:80 - create IPUIPlugin
2025-07-29 10:37:18,508 [INFO] IPUIPlugin:80 - create IPUIPlugin
2025-07-29 10:37:18,508 [INFO] IPUIPlugin:80 - create IPUIPlugin
2025-07-29 10:37:18,508 [INFO] IPUIPlugin:80 - create IPUIPlugin
2025-07-29 10:37:18,509 [INFO] IPUIPlugin:80 - create IPUIPlugin
2025-07-29 10:37:18,509 [INFO] IPUIPlugin:80 - create IPUIPlugin
2025-07-29 10:37:18,510 [INFO] IPUIPlugin:80 - create IPUIPlugin
2025-07-29 10:37:18,510 [INFO] IPUIPlugin:80 - create IPUIPlugin
2025-07-29 10:37:18,511 [INFO] IPUIPlugin:80 - create IPUIPlugin
2025-07-29 10:37:18,511 [INFO] IPUIPlugin:80 - create IPUIPlugin
2025-07-29 10:37:18,511 [INFO] IPUIPlugin:80 - create IPUIPlugin
2025-07-29 10:37:18,512 [INFO] IPUIPlugin:80 - create IPUIPlugin
2025-07-29 10:37:18,512 [INFO] IPUIPlugin:80 - create IPUIPlugin
2025-07-29 10:37:18,512 [INFO] IPUIPlugin:80 - create IPUIPlugin
2025-07-29 10:37:18,513 [INFO] IPUIPlugin:80 - create IPUIPlugin
2025-07-29 10:37:18,514 [INFO] IPUIPlugin:80 - create IPUIPlugin
2025-07-29 10:37:18,514 [INFO] IPUIPlugin:80 - create IPUIPlugin
2025-07-29 10:37:18,514 [INFO] IPUIPlugin:80 - create IPUIPlugin
2025-07-29 10:37:18,514 [INFO] IPUIPlugin:80 - create IPUIPlugin
2025-07-29 10:37:18,516 [INFO] IPUIPlugin:80 - create IPUIPlugin
2025-07-29 10:37:18,517 [INFO] IPUIPlugin:80 - create IPUIPlugin
2025-07-29 10:37:18,518 [INFO] IPUIPlugin:80 - create IPUIPlugin
2025-07-29 10:37:18,518 [INFO] IPUIPlugin:80 - create IPUIPlugin
2025-07-29 10:37:18,519 [INFO] IPUIPlugin:80 - create IPUIPlugin
2025-07-29 10:37:18,520 [INFO] IPUIPlugin:80 - create IPUIPlugin
2025-07-29 10:37:18,520 [INFO] IPUIPlugin:80 - create IPUIPlugin
2025-07-29 10:37:18,521 [INFO] IPUIPlugin:80 - create IPUIPlugin
2025-07-29 10:37:18,522 [INFO] IPUIPlugin:80 - create IPUIPlugin
2025-07-29 10:37:18,522 [INFO] IPUIPlugin:80 - create IPUIPlugin
2025-07-29 10:37:18,523 [INFO] IPUIPlugin:80 - create IPUIPlugin
2025-07-29 10:37:18,524 [INFO] IPUIPlugin:80 - create IPUIPlugin
2025-07-29 10:37:18,525 [INFO] IPUIPlugin:80 - create IPUIPlugin
2025-07-29 10:37:18,526 [INFO] IPUIPlugin:80 - create IPUIPlugin
2025-07-29 10:37:18,528 [INFO] IPUIPlugin:80 - create IPUIPlugin
2025-07-29 10:37:18,529 [INFO] IPUIPlugin:80 - create IPUIPlugin
2025-07-29 10:37:18,537 [INFO] ApiDbMcu:532 - Load IP Config File for PDM2PCM
2025-07-29 10:37:18,679 [INFO] CADModel:165 - CPN selected for project levelSTM32H743ZIT6
2025-07-29 10:37:18,679 [INFO] CADModel:114 - Register for checkConnection events
2025-07-29 10:37:18,763 [INFO] OpenFileManager:386 - Restore cursor
2025-07-29 10:37:27,765 [INFO] UtilMem:75 - End SaveConfig() Used Memory: 999127176 Bytes (1073741824)
2025-07-29 10:37:29,215 [INFO] UtilMem:75 - End SaveConfig() Used Memory: 1034437560 Bytes (1073741824)
2025-07-29 10:37:31,182 [INFO] UtilMem:75 - End SaveConfig() Used Memory: 638764496 Bytes (1073741824)
2025-07-29 10:37:31,698 [INFO] BlockDiagram:2775 - set Specific Code input for plugin: SPI
2025-07-29 10:37:31,698 [INFO] BlockDiagram:2775 - set Specific Code input for plugin: RCC
2025-07-29 10:37:31,698 [INFO] BlockDiagram:2775 - set Specific Code input for plugin: TIM6_7H7
2025-07-29 10:37:31,698 [INFO] BlockDiagram:2775 - set Specific Code input for plugin: MEMORYMAP
2025-07-29 10:37:31,698 [INFO] BlockDiagram:2775 - set Specific Code input for plugin: TIM6_7H7
2025-07-29 10:37:31,700 [INFO] BlockDiagram:2775 - set Specific Code input for plugin: SYS
2025-07-29 10:37:31,700 [INFO] BlockDiagram:2775 - set Specific Code input for plugin: NVIC
2025-07-29 10:37:31,700 [INFO] BlockDiagram:2775 - set Specific Code input for plugin: CORTEX_M7
2025-07-29 10:37:31,701 [INFO] BlockDiagram:2775 - set Specific Code input for plugin: GPIO
2025-07-29 10:37:31,703 [INFO] CodeGenerator:892 - code generatio: config db path: C:\ST\STM32CubeIDE_1.17.0\STM32CubeIDE\plugins\com.st.stm32cube.common.mx_6.15.0.202507011659\\db\
2025-07-29 10:37:31,937 [INFO] CodeEngine:265 - oldGeneratedFile, C:\Users\guan-ming.dennis-won\Documents\Code\Workspace\Workspace\STM32_Workspace\EtherCAT_Stack_2025\MXTmpFiles\license.tmp_save
2025-07-29 10:37:32,210 [INFO] CodeEngine:289 - Generated code: C:\Users\guan-ming.dennis-won\Documents\Code\Workspace\Workspace\STM32_Workspace\EtherCAT_Stack_2025\MXTmpFiles\license.tmp
2025-07-29 10:37:32,318 [INFO] CodeEngine:265 - oldGeneratedFile, C:\Users\guan-ming.dennis-won\Documents\Code\Workspace\Workspace\STM32_Workspace\EtherCAT_Stack_2025\Core\Src\gpio.c_save
2025-07-29 10:37:32,476 [INFO] CodeEngine:289 - Generated code: C:\Users\guan-ming.dennis-won\Documents\Code\Workspace\Workspace\STM32_Workspace\EtherCAT_Stack_2025\Core\Src\gpio.c
2025-07-29 10:37:32,488 [INFO] CodeEngine:265 - oldGeneratedFile, C:\Users\guan-ming.dennis-won\Documents\Code\Workspace\Workspace\STM32_Workspace\EtherCAT_Stack_2025\Core\Inc\gpio.h_save
2025-07-29 10:37:32,592 [INFO] CodeEngine:289 - Generated code: C:\Users\guan-ming.dennis-won\Documents\Code\Workspace\Workspace\STM32_Workspace\EtherCAT_Stack_2025\Core\Inc\gpio.h
2025-07-29 10:37:32,656 [WARN] IPConfigManager:103 - WARNING: Missing Config File for MEMORYMAP ip!!
2025-07-29 10:37:33,044 [INFO] CodeEngine:265 - oldGeneratedFile, C:\Users\guan-ming.dennis-won\Documents\Code\Workspace\Workspace\STM32_Workspace\EtherCAT_Stack_2025\MXTmpFiles\cortex.tmp_save
2025-07-29 10:37:33,185 [INFO] CodeEngine:289 - Generated code: C:\Users\guan-ming.dennis-won\Documents\Code\Workspace\Workspace\STM32_Workspace\EtherCAT_Stack_2025\MXTmpFiles\cortex.tmp
2025-07-29 10:37:33,208 [INFO] CodeEngine:265 - oldGeneratedFile, C:\Users\guan-ming.dennis-won\Documents\Code\Workspace\Workspace\STM32_Workspace\EtherCAT_Stack_2025\Core\Src\spi.c_save
2025-07-29 10:37:33,375 [INFO] CodeEngine:289 - Generated code: C:\Users\guan-ming.dennis-won\Documents\Code\Workspace\Workspace\STM32_Workspace\EtherCAT_Stack_2025\Core\Src\spi.c
2025-07-29 10:37:33,386 [INFO] CodeEngine:265 - oldGeneratedFile, C:\Users\guan-ming.dennis-won\Documents\Code\Workspace\Workspace\STM32_Workspace\EtherCAT_Stack_2025\Core\Inc\spi.h_save
2025-07-29 10:37:33,478 [INFO] CodeEngine:289 - Generated code: C:\Users\guan-ming.dennis-won\Documents\Code\Workspace\Workspace\STM32_Workspace\EtherCAT_Stack_2025\Core\Inc\spi.h
2025-07-29 10:37:33,501 [INFO] CodeEngine:265 - oldGeneratedFile, C:\Users\guan-ming.dennis-won\Documents\Code\Workspace\Workspace\STM32_Workspace\EtherCAT_Stack_2025\Core\Src\tim.c_save
2025-07-29 10:37:33,619 [INFO] CodeEngine:289 - Generated code: C:\Users\guan-ming.dennis-won\Documents\Code\Workspace\Workspace\STM32_Workspace\EtherCAT_Stack_2025\Core\Src\tim.c
2025-07-29 10:37:33,629 [INFO] CodeEngine:265 - oldGeneratedFile, C:\Users\guan-ming.dennis-won\Documents\Code\Workspace\Workspace\STM32_Workspace\EtherCAT_Stack_2025\Core\Inc\tim.h_save
2025-07-29 10:37:33,720 [INFO] CodeEngine:289 - Generated code: C:\Users\guan-ming.dennis-won\Documents\Code\Workspace\Workspace\STM32_Workspace\EtherCAT_Stack_2025\Core\Inc\tim.h
2025-07-29 10:37:33,756 [INFO] CodeEngine:265 - oldGeneratedFile, C:\Users\guan-ming.dennis-won\Documents\Code\Workspace\Workspace\STM32_Workspace\EtherCAT_Stack_2025\Core\Src\stm32h7xx_it.c_save
2025-07-29 10:37:34,110 [INFO] CodeEngine:289 - Generated code: C:\Users\guan-ming.dennis-won\Documents\Code\Workspace\Workspace\STM32_Workspace\EtherCAT_Stack_2025\Core\Src\stm32h7xx_it.c
2025-07-29 10:37:34,126 [INFO] CodeEngine:265 - oldGeneratedFile, C:\Users\guan-ming.dennis-won\Documents\Code\Workspace\Workspace\STM32_Workspace\EtherCAT_Stack_2025\Core\Inc\stm32h7xx_it.h_save
2025-07-29 10:37:34,228 [INFO] CodeEngine:289 - Generated code: C:\Users\guan-ming.dennis-won\Documents\Code\Workspace\Workspace\STM32_Workspace\EtherCAT_Stack_2025\Core\Inc\stm32h7xx_it.h
2025-07-29 10:37:34,374 [INFO] CodeEngine:265 - oldGeneratedFile, C:\Users\guan-ming.dennis-won\Documents\Code\Workspace\Workspace\STM32_Workspace\EtherCAT_Stack_2025\Core\Src\stm32h7xx_hal_msp.c_save
2025-07-29 10:37:34,520 [INFO] CodeEngine:289 - Generated code: C:\Users\guan-ming.dennis-won\Documents\Code\Workspace\Workspace\STM32_Workspace\EtherCAT_Stack_2025\Core\Src\stm32h7xx_hal_msp.c
2025-07-29 10:37:34,536 [INFO] CodeEngine:265 - oldGeneratedFile, C:\Users\guan-ming.dennis-won\Documents\Code\Workspace\Workspace\STM32_Workspace\EtherCAT_Stack_2025\MXTmpFiles\system.tmp_save
2025-07-29 10:37:34,619 [INFO] CodeEngine:289 - Generated code: C:\Users\guan-ming.dennis-won\Documents\Code\Workspace\Workspace\STM32_Workspace\EtherCAT_Stack_2025\MXTmpFiles\system.tmp
2025-07-29 10:37:34,683 [INFO] CodeEngine:321 - oldGeneratedFile, C:\Users\guan-ming.dennis-won\Documents\Code\Workspace\Workspace\STM32_Workspace\EtherCAT_Stack_2025\Core\Inc\stm32h7xx_hal_conf.h_save
2025-07-29 10:37:34,787 [INFO] CodeEngine:345 - Generated code: C:\Users\guan-ming.dennis-won\Documents\Code\Workspace\Workspace\STM32_Workspace\EtherCAT_Stack_2025\Core\Inc\stm32h7xx_hal_conf.h
2025-07-29 10:37:34,850 [INFO] ApiDbMcu:532 - Load IP Config File for SPI3
2025-07-29 10:37:34,899 [INFO] ApiDbMcu:532 - Load IP Config File for TIM6
2025-07-29 10:37:34,923 [INFO] ApiDbMcu:532 - Load IP Config File for TIM7
2025-07-29 10:37:34,930 [INFO] ApiDbMcu:532 - Load IP Config File for RCC
2025-07-29 10:37:35,045 [INFO] CodeEngine:265 - oldGeneratedFile, C:\Users\guan-ming.dennis-won\Documents\Code\Workspace\Workspace\STM32_Workspace\EtherCAT_Stack_2025\Core\Inc\main.h_save
2025-07-29 10:37:35,301 [INFO] CodeEngine:289 - Generated code: C:\Users\guan-ming.dennis-won\Documents\Code\Workspace\Workspace\STM32_Workspace\EtherCAT_Stack_2025\Core\Inc\main.h
2025-07-29 10:37:35,327 [INFO] CodeEngine:265 - oldGeneratedFile, C:\Users\guan-ming.dennis-won\Documents\Code\Workspace\Workspace\STM32_Workspace\EtherCAT_Stack_2025\Core\Src\main.c_save
2025-07-29 10:37:35,484 [INFO] CodeEngine:289 - Generated code: C:\Users\guan-ming.dennis-won\Documents\Code\Workspace\Workspace\STM32_Workspace\EtherCAT_Stack_2025\Core\Src\main.c
2025-07-29 10:37:36,133 [INFO] ProjectBuilder:3606 - Time for Copy HAL[1] : 439mS.
2025-07-29 10:37:36,139 [INFO] ProjectBuilder:5216 - Project Generator version: 4.7.0-B52
2025-07-29 10:37:36,253 [INFO] ConfigFileManager:1595 - The Die is : DIE450
2025-07-29 10:37:36,258 [INFO] ApiDbMcu:532 - Load IP Config File for FATFS
2025-07-29 10:37:36,266 [INFO] ApiDbMcu:532 - Load IP Config File for FREERTOS
2025-07-29 10:37:36,269 [INFO] ApiDbMcu:532 - Load IP Config File for LIBJPEG
2025-07-29 10:37:36,277 [INFO] ApiDbMcu:532 - Load IP Config File for LWIP
2025-07-29 10:37:36,286 [INFO] ApiDbMcu:532 - Load IP Config File for MBEDTLS
2025-07-29 10:37:36,295 [INFO] ApiDbMcu:532 - Load IP Config File for USB_DEVICE
2025-07-29 10:37:36,302 [INFO] ApiDbMcu:532 - Load IP Config File for USB_HOST
2025-07-29 10:37:37,811 [INFO] ProjectBuilder:5496 - Time for Generating toolchain IDE Files: 1672mS.
2025-07-29 10:37:37,812 [INFO] ProjectBuilder:3463 - Time for Copy CMSIS : 1mS.
2025-07-29 10:37:37,817 [INFO] ProjectBuilder:3463 - Time for Copy CMSIS : 0mS.
2025-07-29 10:41:56,106 [INFO] NvicIntPanel:101 - NVIC parent = com.st.microxplorer.plugins.ip.nvic.MultiNvicIntPanel[,0,0,0x0,invalid,layout=javax.swing.BoxLayout,alignmentX=0.0,alignmentY=0.0,border=,flags=9,maximumSize=,minimumSize=,preferredSize=]
2025-07-29 10:41:56,264 [INFO] NvicIntPanel:101 - NVIC parent = com.st.microxplorer.plugins.ip.nvic.MultiNvicIntPanel[,0,0,0x0,invalid,layout=javax.swing.BoxLayout,alignmentX=0.0,alignmentY=0.0,border=,flags=9,maximumSize=,minimumSize=,preferredSize=]
2025-07-29 10:41:59,004 [INFO] NvicIntPanel:101 - NVIC parent = com.st.microxplorer.plugins.ip.nvic.MultiNvicIntPanel[,0,0,0x0,invalid,layout=javax.swing.BoxLayout,alignmentX=0.0,alignmentY=0.0,border=,flags=9,maximumSize=,minimumSize=,preferredSize=]
2025-07-29 10:41:59,160 [INFO] NvicIntPanel:101 - NVIC parent = com.st.microxplorer.plugins.ip.nvic.MultiNvicIntPanel[,0,0,0x0,invalid,layout=javax.swing.BoxLayout,alignmentX=0.0,alignmentY=0.0,border=,flags=9,maximumSize=,minimumSize=,preferredSize=]
2025-07-29 10:42:03,047 [INFO] NvicIntPanel:101 - NVIC parent = com.st.microxplorer.plugins.ip.nvic.MultiNvicIntPanel[,0,0,0x0,invalid,layout=javax.swing.BoxLayout,alignmentX=0.0,alignmentY=0.0,border=,flags=9,maximumSize=,minimumSize=,preferredSize=]
2025-07-29 10:43:17,321 [INFO] NvicIntPanel:101 - NVIC parent = com.st.microxplorer.plugins.ip.nvic.MultiNvicIntPanel[,0,0,0x0,invalid,layout=javax.swing.BoxLayout,alignmentX=0.0,alignmentY=0.0,border=,flags=9,maximumSize=,minimumSize=,preferredSize=]
2025-07-29 10:43:17,572 [INFO] NvicIntPanel:101 - NVIC parent = com.st.microxplorer.plugins.ip.nvic.MultiNvicIntPanel[,0,0,0x0,invalid,layout=javax.swing.BoxLayout,alignmentX=0.0,alignmentY=0.0,border=,flags=9,maximumSize=,minimumSize=,preferredSize=]
2025-07-29 10:43:31,974 [INFO] NvicIntPanel:101 - NVIC parent = com.st.microxplorer.plugins.ip.nvic.MultiNvicIntPanel[,0,0,0x0,invalid,layout=javax.swing.BoxLayout,alignmentX=0.0,alignmentY=0.0,border=,flags=9,maximumSize=,minimumSize=,preferredSize=]
2025-07-29 10:43:43,323 [INFO] UtilMem:75 - End SaveConfig() Used Memory: 688748032 Bytes (1073741824)
2025-07-29 10:43:45,286 [INFO] UtilMem:75 - End SaveConfig() Used Memory: 810881800 Bytes (1073741824)
2025-07-29 10:43:46,058 [INFO] ProjectBuilder:2380 - IP not ready for code generation: Clock
2025-07-29 10:43:58,424 [ERROR] LogOutputStream:75 - [STDERR_REDIRECT] Exception in thread "AWT-EventQueue-0" java.lang.ClassCastException: class sun.awt.windows.WEmbeddedFrame cannot be cast to class javax.swing.JFrame (sun.awt.windows.WEmbeddedFrame and javax.swing.JFrame are in module java.desktop of loader 'bootstrap')
2025-07-29 10:43:58,427 [ERROR] LogOutputStream:75 - [STDERR_REDIRECT] 	at com.st.microxplorer.plugins.clock.ClockConfigurationView.activatePlugin(ClockConfigurationView.java:424)
2025-07-29 10:43:58,429 [ERROR] LogOutputStream:75 - [STDERR_REDIRECT] 	at com.st.microxplorer.maingui.MainPanel$1.stateChanged(MainPanel.java:385)
2025-07-29 10:43:58,431 [ERROR] LogOutputStream:75 - [STDERR_REDIRECT] 	at java.desktop/javax.swing.JTabbedPane.fireStateChanged(JTabbedPane.java:446)
2025-07-29 10:43:58,432 [ERROR] LogOutputStream:75 - [STDERR_REDIRECT] 	at java.desktop/javax.swing.JTabbedPane$ModelListener.stateChanged(JTabbedPane.java:297)
2025-07-29 10:43:58,434 [ERROR] LogOutputStream:75 - [STDERR_REDIRECT] 	at java.desktop/javax.swing.DefaultSingleSelectionModel.fireStateChanged(DefaultSingleSelectionModel.java:148)
2025-07-29 10:43:58,436 [ERROR] LogOutputStream:75 - [STDERR_REDIRECT] 	at java.desktop/javax.swing.DefaultSingleSelectionModel.setSelectedIndex(DefaultSingleSelectionModel.java:79)
2025-07-29 10:43:58,438 [ERROR] LogOutputStream:75 - [STDERR_REDIRECT] 	at java.desktop/javax.swing.JTabbedPane.setSelectedIndexImpl(JTabbedPane.java:650)
2025-07-29 10:43:58,439 [ERROR] LogOutputStream:75 - [STDERR_REDIRECT] 	at java.desktop/javax.swing.JTabbedPane.setSelectedIndex(JTabbedPane.java:625)
2025-07-29 10:43:58,440 [ERROR] LogOutputStream:75 - [STDERR_REDIRECT] 	at java.desktop/javax.swing.plaf.basic.BasicTabbedPaneUI$Handler.mousePressed(BasicTabbedPaneUI.java:4140)
2025-07-29 10:43:58,442 [ERROR] LogOutputStream:75 - [STDERR_REDIRECT] 	at java.desktop/java.awt.Component.processMouseEvent(Component.java:6618)
2025-07-29 10:43:58,445 [ERROR] LogOutputStream:75 - [STDERR_REDIRECT] 	at java.desktop/javax.swing.JComponent.processMouseEvent(JComponent.java:3398)
2025-07-29 10:43:58,446 [ERROR] LogOutputStream:75 - [STDERR_REDIRECT] 	at java.desktop/java.awt.Component.processEvent(Component.java:6386)
2025-07-29 10:43:58,447 [ERROR] LogOutputStream:75 - [STDERR_REDIRECT] 	at java.desktop/java.awt.Container.processEvent(Container.java:2266)
2025-07-29 10:43:58,449 [ERROR] LogOutputStream:75 - [STDERR_REDIRECT] 	at java.desktop/java.awt.Component.dispatchEventImpl(Component.java:4996)
2025-07-29 10:43:58,450 [ERROR] LogOutputStream:75 - [STDERR_REDIRECT] 	at java.desktop/java.awt.Container.dispatchEventImpl(Container.java:2324)
2025-07-29 10:43:58,451 [ERROR] LogOutputStream:75 - [STDERR_REDIRECT] 	at java.desktop/java.awt.Component.dispatchEvent(Component.java:4828)
2025-07-29 10:43:58,453 [ERROR] LogOutputStream:75 - [STDERR_REDIRECT] 	at java.desktop/java.awt.LightweightDispatcher.retargetMouseEvent(Container.java:4948)
2025-07-29 10:43:58,455 [ERROR] LogOutputStream:75 - [STDERR_REDIRECT] 	at java.desktop/java.awt.LightweightDispatcher.processMouseEvent(Container.java:4572)
2025-07-29 10:43:58,459 [ERROR] LogOutputStream:75 - [STDERR_REDIRECT] 	at java.desktop/java.awt.LightweightDispatcher.dispatchEvent(Container.java:4516)
2025-07-29 10:43:58,460 [ERROR] LogOutputStream:75 - [STDERR_REDIRECT] 	at java.desktop/java.awt.Container.dispatchEventImpl(Container.java:2310)
2025-07-29 10:43:58,462 [ERROR] LogOutputStream:75 - [STDERR_REDIRECT] 	at java.desktop/java.awt.Component.dispatchEvent(Component.java:4828)
2025-07-29 10:43:58,463 [ERROR] LogOutputStream:75 - [STDERR_REDIRECT] 	at java.desktop/java.awt.EventQueue.dispatchEventImpl(EventQueue.java:775)
2025-07-29 10:43:58,464 [ERROR] LogOutputStream:75 - [STDERR_REDIRECT] 	at java.desktop/java.awt.EventQueue$4.run(EventQueue.java:720)
2025-07-29 10:43:58,466 [ERROR] LogOutputStream:75 - [STDERR_REDIRECT] 	at java.desktop/java.awt.EventQueue$4.run(EventQueue.java:714)
2025-07-29 10:43:58,467 [ERROR] LogOutputStream:75 - [STDERR_REDIRECT] 	at java.base/java.security.AccessController.doPrivileged(AccessController.java:400)
2025-07-29 10:43:58,469 [ERROR] LogOutputStream:75 - [STDERR_REDIRECT] 	at java.base/java.security.ProtectionDomain$JavaSecurityAccessImpl.doIntersectionPrivilege(ProtectionDomain.java:87)
2025-07-29 10:43:58,472 [ERROR] LogOutputStream:75 - [STDERR_REDIRECT] 	at java.base/java.security.ProtectionDomain$JavaSecurityAccessImpl.doIntersectionPrivilege(ProtectionDomain.java:98)
2025-07-29 10:43:58,473 [ERROR] LogOutputStream:75 - [STDERR_REDIRECT] 	at java.desktop/java.awt.EventQueue$5.run(EventQueue.java:747)
2025-07-29 10:43:58,476 [ERROR] LogOutputStream:75 - [STDERR_REDIRECT] 	at java.desktop/java.awt.EventQueue$5.run(EventQueue.java:745)
2025-07-29 10:43:58,478 [ERROR] LogOutputStream:75 - [STDERR_REDIRECT] 	at java.base/java.security.AccessController.doPrivileged(AccessController.java:400)
2025-07-29 10:43:58,480 [ERROR] LogOutputStream:75 - [STDERR_REDIRECT] 	at java.base/java.security.ProtectionDomain$JavaSecurityAccessImpl.doIntersectionPrivilege(ProtectionDomain.java:87)
2025-07-29 10:43:58,481 [ERROR] LogOutputStream:75 - [STDERR_REDIRECT] 	at java.desktop/java.awt.EventQueue.dispatchEvent(EventQueue.java:744)
2025-07-29 10:43:58,483 [ERROR] LogOutputStream:75 - [STDERR_REDIRECT] 	at java.desktop/java.awt.EventDispatchThread.pumpOneEventForFilters(EventDispatchThread.java:203)
2025-07-29 10:43:58,485 [ERROR] LogOutputStream:75 - [STDERR_REDIRECT] 	at java.desktop/java.awt.EventDispatchThread.pumpEventsForFilter(EventDispatchThread.java:124)
2025-07-29 10:43:58,487 [ERROR] LogOutputStream:75 - [STDERR_REDIRECT] 	at java.desktop/java.awt.EventDispatchThread.pumpEventsForHierarchy(EventDispatchThread.java:113)
2025-07-29 10:43:58,489 [ERROR] LogOutputStream:75 - [STDERR_REDIRECT] 	at java.desktop/java.awt.EventDispatchThread.pumpEvents(EventDispatchThread.java:109)
2025-07-29 10:43:58,490 [ERROR] LogOutputStream:75 - [STDERR_REDIRECT] 	at java.desktop/java.awt.EventDispatchThread.pumpEvents(EventDispatchThread.java:101)
2025-07-29 10:43:58,491 [ERROR] LogOutputStream:75 - [STDERR_REDIRECT] 	at java.desktop/java.awt.EventDispatchThread.run(EventDispatchThread.java:90)
2025-07-29 10:44:17,882 [INFO] UtilMem:75 - End SaveConfig() Used Memory: 948628536 Bytes (1073741824)
2025-07-29 10:44:19,904 [INFO] UtilMem:75 - End SaveConfig() Used Memory: 544906248 Bytes (1073741824)
2025-07-29 10:44:20,216 [INFO] BlockDiagram:2775 - set Specific Code input for plugin: SPI
2025-07-29 10:44:20,216 [INFO] BlockDiagram:2775 - set Specific Code input for plugin: SPI
2025-07-29 10:44:20,216 [INFO] BlockDiagram:2775 - set Specific Code input for plugin: RCC
2025-07-29 10:44:20,216 [INFO] BlockDiagram:2775 - set Specific Code input for plugin: TIM6_7H7
2025-07-29 10:44:20,216 [INFO] BlockDiagram:2775 - set Specific Code input for plugin: MEMORYMAP
2025-07-29 10:44:20,216 [INFO] BlockDiagram:2775 - set Specific Code input for plugin: TIM6_7H7
2025-07-29 10:44:20,216 [INFO] BlockDiagram:2775 - set Specific Code input for plugin: SYS
2025-07-29 10:44:20,217 [INFO] BlockDiagram:2775 - set Specific Code input for plugin: NVIC
2025-07-29 10:44:20,218 [INFO] BlockDiagram:2775 - set Specific Code input for plugin: CORTEX_M7
2025-07-29 10:44:20,219 [INFO] BlockDiagram:2775 - set Specific Code input for plugin: GPIO
2025-07-29 10:44:20,220 [INFO] CodeGenerator:892 - code generatio: config db path: C:\ST\STM32CubeIDE_1.17.0\STM32CubeIDE\plugins\com.st.stm32cube.common.mx_6.15.0.202507011659\\db\
2025-07-29 10:44:20,481 [INFO] CodeEngine:265 - oldGeneratedFile, C:\Users\guan-ming.dennis-won\Documents\Code\Workspace\Workspace\STM32_Workspace\EtherCAT_Stack_2025\MXTmpFiles\license.tmp_save
2025-07-29 10:44:20,682 [INFO] CodeEngine:289 - Generated code: C:\Users\guan-ming.dennis-won\Documents\Code\Workspace\Workspace\STM32_Workspace\EtherCAT_Stack_2025\MXTmpFiles\license.tmp
2025-07-29 10:44:20,780 [INFO] CodeEngine:265 - oldGeneratedFile, C:\Users\guan-ming.dennis-won\Documents\Code\Workspace\Workspace\STM32_Workspace\EtherCAT_Stack_2025\Core\Src\gpio.c_save
2025-07-29 10:44:20,932 [INFO] CodeEngine:289 - Generated code: C:\Users\guan-ming.dennis-won\Documents\Code\Workspace\Workspace\STM32_Workspace\EtherCAT_Stack_2025\Core\Src\gpio.c
2025-07-29 10:44:20,947 [INFO] CodeEngine:265 - oldGeneratedFile, C:\Users\guan-ming.dennis-won\Documents\Code\Workspace\Workspace\STM32_Workspace\EtherCAT_Stack_2025\Core\Inc\gpio.h_save
2025-07-29 10:44:21,048 [INFO] CodeEngine:289 - Generated code: C:\Users\guan-ming.dennis-won\Documents\Code\Workspace\Workspace\STM32_Workspace\EtherCAT_Stack_2025\Core\Inc\gpio.h
2025-07-29 10:44:21,107 [WARN] IPConfigManager:103 - WARNING: Missing Config File for MEMORYMAP ip!!
2025-07-29 10:44:21,564 [INFO] CodeEngine:265 - oldGeneratedFile, C:\Users\guan-ming.dennis-won\Documents\Code\Workspace\Workspace\STM32_Workspace\EtherCAT_Stack_2025\MXTmpFiles\cortex.tmp_save
2025-07-29 10:44:21,664 [INFO] CodeEngine:289 - Generated code: C:\Users\guan-ming.dennis-won\Documents\Code\Workspace\Workspace\STM32_Workspace\EtherCAT_Stack_2025\MXTmpFiles\cortex.tmp
2025-07-29 10:44:21,690 [INFO] CodeEngine:265 - oldGeneratedFile, C:\Users\guan-ming.dennis-won\Documents\Code\Workspace\Workspace\STM32_Workspace\EtherCAT_Stack_2025\Core\Src\spi.c_save
2025-07-29 10:44:21,863 [INFO] CodeEngine:289 - Generated code: C:\Users\guan-ming.dennis-won\Documents\Code\Workspace\Workspace\STM32_Workspace\EtherCAT_Stack_2025\Core\Src\spi.c
2025-07-29 10:44:21,880 [INFO] CodeEngine:265 - oldGeneratedFile, C:\Users\guan-ming.dennis-won\Documents\Code\Workspace\Workspace\STM32_Workspace\EtherCAT_Stack_2025\Core\Inc\spi.h_save
2025-07-29 10:44:21,983 [INFO] CodeEngine:289 - Generated code: C:\Users\guan-ming.dennis-won\Documents\Code\Workspace\Workspace\STM32_Workspace\EtherCAT_Stack_2025\Core\Inc\spi.h
2025-07-29 10:44:22,016 [INFO] CodeEngine:265 - oldGeneratedFile, C:\Users\guan-ming.dennis-won\Documents\Code\Workspace\Workspace\STM32_Workspace\EtherCAT_Stack_2025\Core\Src\tim.c_save
2025-07-29 10:44:22,145 [INFO] CodeEngine:289 - Generated code: C:\Users\guan-ming.dennis-won\Documents\Code\Workspace\Workspace\STM32_Workspace\EtherCAT_Stack_2025\Core\Src\tim.c
2025-07-29 10:44:22,159 [INFO] CodeEngine:265 - oldGeneratedFile, C:\Users\guan-ming.dennis-won\Documents\Code\Workspace\Workspace\STM32_Workspace\EtherCAT_Stack_2025\Core\Inc\tim.h_save
2025-07-29 10:44:22,254 [INFO] CodeEngine:289 - Generated code: C:\Users\guan-ming.dennis-won\Documents\Code\Workspace\Workspace\STM32_Workspace\EtherCAT_Stack_2025\Core\Inc\tim.h
2025-07-29 10:44:22,295 [INFO] CodeEngine:265 - oldGeneratedFile, C:\Users\guan-ming.dennis-won\Documents\Code\Workspace\Workspace\STM32_Workspace\EtherCAT_Stack_2025\Core\Src\stm32h7xx_it.c_save
2025-07-29 10:44:22,447 [INFO] CodeEngine:289 - Generated code: C:\Users\guan-ming.dennis-won\Documents\Code\Workspace\Workspace\STM32_Workspace\EtherCAT_Stack_2025\Core\Src\stm32h7xx_it.c
2025-07-29 10:44:22,464 [INFO] CodeEngine:265 - oldGeneratedFile, C:\Users\guan-ming.dennis-won\Documents\Code\Workspace\Workspace\STM32_Workspace\EtherCAT_Stack_2025\Core\Inc\stm32h7xx_it.h_save
2025-07-29 10:44:22,559 [INFO] CodeEngine:289 - Generated code: C:\Users\guan-ming.dennis-won\Documents\Code\Workspace\Workspace\STM32_Workspace\EtherCAT_Stack_2025\Core\Inc\stm32h7xx_it.h
2025-07-29 10:44:22,697 [INFO] CodeEngine:265 - oldGeneratedFile, C:\Users\guan-ming.dennis-won\Documents\Code\Workspace\Workspace\STM32_Workspace\EtherCAT_Stack_2025\Core\Src\stm32h7xx_hal_msp.c_save
2025-07-29 10:44:22,812 [INFO] CodeEngine:289 - Generated code: C:\Users\guan-ming.dennis-won\Documents\Code\Workspace\Workspace\STM32_Workspace\EtherCAT_Stack_2025\Core\Src\stm32h7xx_hal_msp.c
2025-07-29 10:44:22,823 [INFO] CodeEngine:265 - oldGeneratedFile, C:\Users\guan-ming.dennis-won\Documents\Code\Workspace\Workspace\STM32_Workspace\EtherCAT_Stack_2025\MXTmpFiles\system.tmp_save
2025-07-29 10:44:22,897 [INFO] CodeEngine:289 - Generated code: C:\Users\guan-ming.dennis-won\Documents\Code\Workspace\Workspace\STM32_Workspace\EtherCAT_Stack_2025\MXTmpFiles\system.tmp
2025-07-29 10:44:22,922 [INFO] CodeEngine:321 - oldGeneratedFile, C:\Users\guan-ming.dennis-won\Documents\Code\Workspace\Workspace\STM32_Workspace\EtherCAT_Stack_2025\Core\Inc\stm32h7xx_hal_conf.h_save
2025-07-29 10:44:23,007 [INFO] CodeEngine:345 - Generated code: C:\Users\guan-ming.dennis-won\Documents\Code\Workspace\Workspace\STM32_Workspace\EtherCAT_Stack_2025\Core\Inc\stm32h7xx_hal_conf.h
2025-07-29 10:44:23,080 [INFO] ApiDbMcu:532 - Load IP Config File for SPI6
2025-07-29 10:44:23,100 [INFO] CodeEngine:265 - oldGeneratedFile, C:\Users\guan-ming.dennis-won\Documents\Code\Workspace\Workspace\STM32_Workspace\EtherCAT_Stack_2025\Core\Inc\main.h_save
2025-07-29 10:44:23,196 [INFO] CodeEngine:289 - Generated code: C:\Users\guan-ming.dennis-won\Documents\Code\Workspace\Workspace\STM32_Workspace\EtherCAT_Stack_2025\Core\Inc\main.h
2025-07-29 10:44:23,212 [INFO] CodeEngine:265 - oldGeneratedFile, C:\Users\guan-ming.dennis-won\Documents\Code\Workspace\Workspace\STM32_Workspace\EtherCAT_Stack_2025\Core\Src\main.c_save
2025-07-29 10:44:23,344 [INFO] CodeEngine:289 - Generated code: C:\Users\guan-ming.dennis-won\Documents\Code\Workspace\Workspace\STM32_Workspace\EtherCAT_Stack_2025\Core\Src\main.c
2025-07-29 10:44:23,873 [INFO] ProjectBuilder:3606 - Time for Copy HAL[1] : 265mS.
2025-07-29 10:44:23,877 [INFO] ProjectBuilder:5216 - Project Generator version: 4.7.0-B52
2025-07-29 10:44:23,964 [INFO] ConfigFileManager:1595 - The Die is : DIE450
2025-07-29 10:44:25,824 [INFO] ProjectBuilder:5496 - Time for Generating toolchain IDE Files: 1947mS.
2025-07-29 10:44:25,825 [INFO] ProjectBuilder:3463 - Time for Copy CMSIS : 0mS.
2025-07-29 10:44:25,832 [INFO] ProjectBuilder:3463 - Time for Copy CMSIS : 0mS.
2025-07-29 11:03:44,102 [ERROR] LogOutputStream:75 - [STDERR_REDIRECT] 
2025-07-29 13:23:32,569 [INFO] Activator:176 - 


2025-07-29 13:23:32,570 [INFO] Activator:177 - !SESSION log4j initialized
2025-07-29 13:23:37,426 [INFO] LogOutputStream:77 - [STDOUT_REDIRECT] 
2025-07-29 13:23:38,136 [INFO] ApplicationProperties:184 - Using Application install path: C:\ST\STM32CubeIDE_1.17.0\STM32CubeIDE\plugins\com.st.stm32cube.common.mx_6.15.0.202507011659
2025-07-29 13:23:38,154 [INFO] DbMcusXml:78 - Set database path to: C:\ST\STM32CubeIDE_1.17.0\STM32CubeIDE\plugins\com.st.stm32cube.common.mx_6.15.0.202507011659\\db\/mcu/
2025-07-29 13:23:38,154 [INFO] ApiDb:274 - Set plugin database path to: C:\ST\STM32CubeIDE_1.17.0\STM32CubeIDE\plugins\com.st.stm32cube.common.mx_6.15.0.202507011659\\db\/plugins/boardmanager/
2025-07-29 13:23:38,155 [WARN] ApiDb:259 - Overriding images path with different value:  => C:\ST\STM32CubeIDE_1.17.0\STM32CubeIDE\plugins\com.st.stm32cube.common.mx_6.15.0.202507011659\\db\/plugins/mcufinder/images/
2025-07-29 13:23:38,162 [INFO] ApiDb:250 - Set database path to: C:\Users\guan-ming.dennis-won\.stmcufinder\plugins\mcufinder//mcu/
2025-07-29 13:23:38,163 [INFO] DbMcusAds:125 - Set database path to: C:\Users\guan-ming.dennis-won\.stmcufinder\plugins\mcufinder//mcu/
2025-07-29 13:23:38,165 [INFO] CrossReferenceDbSqlite:203 - Set database path to: C:\Users\guan-ming.dennis-won\.stmcufinder\plugins\mcufinder//mcu/cs/
2025-07-29 13:23:38,283 [INFO] RulesReader:64 - Compatibility file has been processed (317 Rules)
2025-07-29 13:23:38,381 [INFO] DbMcusXml:78 - Set database path to: C:\ST\STM32CubeIDE_1.17.0\STM32CubeIDE\plugins\com.st.stm32cube.common.mx_6.15.0.202507011659\\db\/mcu/
2025-07-29 13:23:38,381 [INFO] ApiDb:274 - Set plugin database path to: C:\ST\STM32CubeIDE_1.17.0\STM32CubeIDE\plugins\com.st.stm32cube.common.mx_6.15.0.202507011659\\db\/plugins/boardmanager/
2025-07-29 13:23:38,381 [INFO] ApiDb:261 - Set plugin images path to: C:\ST\STM32CubeIDE_1.17.0\STM32CubeIDE\plugins\com.st.stm32cube.common.mx_6.15.0.202507011659\\db\/plugins/mcufinder/images/
2025-07-29 13:23:38,381 [WARN] DbFile:41 - Overriding database path with different value: C:\Users\guan-ming.dennis-won\.stmcufinder\plugins\mcufinder/ => C:\Users\guan-ming.dennis-won\.stmcufinder\plugins\mcufinder
2025-07-29 13:23:38,382 [INFO] ApiDb:250 - Set database path to: C:\Users\guan-ming.dennis-won\.stmcufinder\plugins\mcufinder//mcu/
2025-07-29 13:23:38,382 [WARN] DbFile:41 - Overriding database path with different value: C:\Users\guan-ming.dennis-won\.stmcufinder\plugins\mcufinder/ => C:\Users\guan-ming.dennis-won\.stmcufinder\plugins\mcufinder
2025-07-29 13:23:38,382 [INFO] DbMcusAds:125 - Set database path to: C:\Users\guan-ming.dennis-won\.stmcufinder\plugins\mcufinder//mcu/
2025-07-29 13:23:38,382 [WARN] DbFile:41 - Overriding database path with different value: C:\Users\guan-ming.dennis-won\.stmcufinder\plugins\mcufinder/ => C:\Users\guan-ming.dennis-won\.stmcufinder\plugins\mcufinder
2025-07-29 13:23:38,382 [WARN] DbFile:41 - Overriding database path with different value: C:\Users\guan-ming.dennis-won\.stmcufinder\plugins\mcufinder/ => C:\Users\guan-ming.dennis-won\.stmcufinder\plugins\mcufinder
2025-07-29 13:23:38,382 [INFO] CrossReferenceDbSqlite:203 - Set database path to: C:\Users\guan-ming.dennis-won\.stmcufinder\plugins\mcufinder//mcu/cs/
2025-07-29 13:23:38,492 [INFO] MainPanel:274 - HeapMemory: 268435456
2025-07-29 13:23:38,679 [INFO] DbMcusXml:78 - Set database path to: C:\ST\STM32CubeIDE_1.17.0\STM32CubeIDE\plugins\com.st.stm32cube.common.mx_6.15.0.202507011659\\db\/mcu/
2025-07-29 13:23:38,679 [INFO] ApiDb:274 - Set plugin database path to: C:\ST\STM32CubeIDE_1.17.0\STM32CubeIDE\plugins\com.st.stm32cube.common.mx_6.15.0.202507011659\\db\/plugins/boardmanager/
2025-07-29 13:23:38,679 [INFO] ApiDb:261 - Set plugin images path to: C:\ST\STM32CubeIDE_1.17.0\STM32CubeIDE\plugins\com.st.stm32cube.common.mx_6.15.0.202507011659\\db\/plugins/mcufinder/images/
2025-07-29 13:23:38,679 [WARN] DbFile:41 - Overriding database path with different value: C:\Users\guan-ming.dennis-won\.stmcufinder\plugins\mcufinder/ => C:\Users\guan-ming.dennis-won\.stmcufinder\plugins\mcufinder
2025-07-29 13:23:38,679 [INFO] ApiDb:250 - Set database path to: C:\Users\guan-ming.dennis-won\.stmcufinder\plugins\mcufinder//mcu/
2025-07-29 13:23:38,679 [WARN] DbFile:41 - Overriding database path with different value: C:\Users\guan-ming.dennis-won\.stmcufinder\plugins\mcufinder/ => C:\Users\guan-ming.dennis-won\.stmcufinder\plugins\mcufinder
2025-07-29 13:23:38,680 [INFO] DbMcusAds:125 - Set database path to: C:\Users\guan-ming.dennis-won\.stmcufinder\plugins\mcufinder//mcu/
2025-07-29 13:23:38,680 [WARN] DbFile:41 - Overriding database path with different value: C:\Users\guan-ming.dennis-won\.stmcufinder\plugins\mcufinder/ => C:\Users\guan-ming.dennis-won\.stmcufinder\plugins\mcufinder
2025-07-29 13:23:38,680 [WARN] DbFile:41 - Overriding database path with different value: C:\Users\guan-ming.dennis-won\.stmcufinder\plugins\mcufinder/ => C:\Users\guan-ming.dennis-won\.stmcufinder\plugins\mcufinder
2025-07-29 13:23:38,680 [INFO] CrossReferenceDbSqlite:203 - Set database path to: C:\Users\guan-ming.dennis-won\.stmcufinder\plugins\mcufinder//mcu/cs/
2025-07-29 13:23:38,708 [INFO] ApplicationProperties:184 - Using Application install path: C:\ST\STM32CubeIDE_1.17.0\STM32CubeIDE\plugins\com.st.stm32cube.common.mx_6.15.0.202507011659
2025-07-29 13:23:38,710 [INFO] PluginManage:196 - Search for loadable plugins [exclusion list=, ]
2025-07-29 13:23:38,712 [INFO] PluginManage:310 - Check plugin analytics
2025-07-29 13:23:38,902 [INFO] AnalyticsPlugin:253 - Accepted Software Licenses: 
2025-07-29 13:23:38,902 [INFO] AnalyticsPlugin:255 - Accepted CMSIS Pack Licenses: 
2025-07-29 13:23:38,902 [INFO] AnalyticsPlugin:257 - Accepted Firmware Licenses: FW.H7.1.11.0,FW.H7.1.12.0,FW.G0.1.6.0
2025-07-29 13:23:38,905 [INFO] PluginManage:359 - Loaded plugin analytics (category:tool,tabindex:-1)
2025-07-29 13:23:38,905 [INFO] PluginManage:310 - Check plugin cadmodel
2025-07-29 13:23:38,910 [INFO] CADModel:105 - Init CAD model plugin
2025-07-29 13:23:38,910 [INFO] PluginManage:359 - Loaded plugin cadmodel (category:power,tabindex:5)
2025-07-29 13:23:38,910 [INFO] PluginManage:310 - Check plugin clock
2025-07-29 13:23:38,919 [INFO] PluginManage:359 - Loaded plugin clock (category:base,tabindex:2)
2025-07-29 13:23:38,919 [INFO] PluginManage:310 - Check plugin ddr
2025-07-29 13:23:38,922 [INFO] PluginManage:359 - Loaded plugin ddr (category:tool,tabindex:6)
2025-07-29 13:23:38,923 [INFO] PluginManage:310 - Check plugin filemanager
2025-07-29 13:23:39,082 [INFO] PluginManage:359 - Loaded plugin filemanager (category:base,tabindex:10)
2025-07-29 13:23:39,082 [INFO] PluginManage:310 - Check plugin ipmanager
2025-07-29 13:23:39,090 [INFO] PluginManage:359 - Loaded plugin ipmanager (category:base,tabindex:5)
2025-07-29 13:23:39,090 [INFO] PluginManage:310 - Check plugin lpbam
2025-07-29 13:23:39,099 [INFO] PluginManage:359 - Loaded plugin lpbam (category:base,tabindex:0)
2025-07-29 13:23:39,100 [INFO] PluginManage:310 - Check plugin memorymap
2025-07-29 13:23:39,119 [INFO] PluginManage:359 - Loaded plugin memorymap (category:base,tabindex:4)
2025-07-29 13:23:39,119 [INFO] PluginManage:310 - Check plugin pinoutandconfiguration
2025-07-29 13:23:39,126 [INFO] PluginManage:359 - Loaded plugin pinoutandconfiguration (category:base,tabindex:1)
2025-07-29 13:23:39,126 [INFO] PluginManage:310 - Check plugin pinoutconfig
2025-07-29 13:23:39,237 [WARN] SupportedApi:132 - Cannot load RTOS API schema: s4s-elt-must-match.1: The content of 'definitions' must match (annotation?, (simpleType | complexType)?, (unique | key | keyref)*)). A problem was found starting at: attribute.
2025-07-29 13:23:39,371 [INFO] PluginManage:359 - Loaded plugin pinoutconfig (category:base,tabindex:0)
2025-07-29 13:23:39,371 [INFO] PluginManage:310 - Check plugin power
2025-07-29 13:23:39,378 [INFO] PluginManage:359 - Loaded plugin power (category:power,tabindex:4)
2025-07-29 13:23:39,378 [INFO] PluginManage:310 - Check plugin projectmanager
2025-07-29 13:23:39,391 [INFO] PluginManage:359 - Loaded plugin projectmanager (category:projectmanager,tabindex:4)
2025-07-29 13:23:39,391 [INFO] PluginManage:310 - Check plugin rif
2025-07-29 13:23:39,399 [INFO] PluginManage:359 - Loaded plugin rif (category:base,tabindex:3)
2025-07-29 13:23:39,400 [INFO] PluginManage:310 - Check plugin thirdparty
2025-07-29 13:23:39,530 [INFO] PluginManage:359 - Loaded plugin thirdparty (category:base,tabindex:-1)
2025-07-29 13:23:39,530 [INFO] PluginManage:310 - Check plugin tools
2025-07-29 13:23:39,530 [WARN] IntegrityCheckThread:84 - waiting for thirdparty lock release [integrity check]
2025-07-29 13:23:39,531 [INFO] IntegrityCheckThread:86 - entering critical section [integrity check]
2025-07-29 13:23:39,531 [INFO] ThirdPartyUpdaterWithRetryManager:70 - Updater plugin not ready yet. [1/15]
2025-07-29 13:23:39,533 [INFO] PluginManage:359 - Loaded plugin tools (category:base,tabindex:7)
2025-07-29 13:23:39,533 [INFO] PluginManage:310 - Check plugin tutovideos
2025-07-29 13:23:39,761 [INFO] PluginManage:359 - Loaded plugin tutovideos (category:base,tabindex:-1)
2025-07-29 13:23:39,761 [INFO] PluginManage:310 - Check plugin updater
2025-07-29 13:23:39,782 [INFO] PluginManage:359 - Loaded plugin updater (category:base,tabindex:12)
2025-07-29 13:23:39,782 [INFO] PluginManage:310 - Check plugin userauth
2025-07-29 13:23:39,787 [INFO] UserAuth:118 - Init User Auth plugin
2025-07-29 13:23:39,788 [INFO] PluginManage:359 - Loaded plugin userauth (category:base,tabindex:14)
2025-07-29 13:23:39,790 [INFO] PluginManage:283 - PluginManage : Loaded plugins [18]
2025-07-29 13:23:40,042 [INFO] PinOutPanel:1589 - setPackage(No Configuration,No Configuration)
2025-07-29 13:23:40,159 [INFO] CADModel:165 - CPN selected for project level
2025-07-29 13:23:40,159 [INFO] CADModel:114 - Register for checkConnection events
2025-07-29 13:23:40,180 [INFO] IPUIPlugin:80 - create IPUIPlugin
2025-07-29 13:23:40,181 [INFO] PluginManager:220 - loadIPPluginJar : add adc
2025-07-29 13:23:40,184 [INFO] IPUIPlugin:80 - create IPUIPlugin
2025-07-29 13:23:40,184 [INFO] PluginManager:220 - loadIPPluginJar : add aes
2025-07-29 13:23:40,188 [INFO] IPUIPlugin:80 - create IPUIPlugin
2025-07-29 13:23:40,188 [INFO] PluginManager:220 - loadIPPluginJar : add can
2025-07-29 13:23:40,191 [INFO] IPUIPlugin:80 - create IPUIPlugin
2025-07-29 13:23:40,191 [INFO] PluginManager:220 - loadIPPluginJar : add comp
2025-07-29 13:23:40,195 [INFO] IPUIPlugin:80 - create IPUIPlugin
2025-07-29 13:23:40,196 [INFO] PluginManager:220 - loadIPPluginJar : add cryp
2025-07-29 13:23:40,200 [INFO] IPUIPlugin:80 - create IPUIPlugin
2025-07-29 13:23:40,200 [INFO] PluginManager:220 - loadIPPluginJar : add ddr_ctrl_phy
2025-07-29 13:23:40,204 [INFO] IPUIPlugin:80 - create IPUIPlugin
2025-07-29 13:23:40,204 [INFO] PluginManager:220 - loadIPPluginJar : add dfsdm
2025-07-29 13:23:40,211 [INFO] IPUIPlugin:80 - create IPUIPlugin
2025-07-29 13:23:40,211 [INFO] PluginManager:220 - loadIPPluginJar : add dma
2025-07-29 13:23:40,214 [INFO] IPUIPlugin:80 - create IPUIPlugin
2025-07-29 13:23:40,214 [INFO] PluginManager:220 - loadIPPluginJar : add dma3
2025-07-29 13:23:40,219 [INFO] IPUIPlugin:80 - create IPUIPlugin
2025-07-29 13:23:40,219 [INFO] PluginManager:220 - loadIPPluginJar : add extmemmanager
2025-07-29 13:23:40,222 [INFO] IPUIPlugin:80 - create IPUIPlugin
2025-07-29 13:23:40,222 [INFO] PluginManager:220 - loadIPPluginJar : add fatfs
2025-07-29 13:23:40,228 [INFO] IPUIPlugin:80 - create IPUIPlugin
2025-07-29 13:23:40,228 [INFO] PluginManager:220 - loadIPPluginJar : add fmc
2025-07-29 13:23:40,234 [INFO] IPUIPlugin:80 - create IPUIPlugin
2025-07-29 13:23:40,234 [INFO] PluginManager:220 - loadIPPluginJar : add freertos
2025-07-29 13:23:40,236 [INFO] IPUIPlugin:80 - create IPUIPlugin
2025-07-29 13:23:40,236 [INFO] PluginManager:220 - loadIPPluginJar : add genericplugin
2025-07-29 13:23:40,239 [INFO] IPUIPlugin:80 - create IPUIPlugin
2025-07-29 13:23:40,239 [INFO] PluginManager:220 - loadIPPluginJar : add gfxmmu
2025-07-29 13:23:40,245 [INFO] IPUIPlugin:80 - create IPUIPlugin
2025-07-29 13:23:40,245 [INFO] PluginManager:220 - loadIPPluginJar : add gic
2025-07-29 13:23:40,250 [INFO] IPUIPlugin:80 - create IPUIPlugin
2025-07-29 13:23:40,250 [INFO] PluginManager:220 - loadIPPluginJar : add gpio
2025-07-29 13:23:40,254 [INFO] IPUIPlugin:80 - create IPUIPlugin
2025-07-29 13:23:40,254 [INFO] PluginManager:220 - loadIPPluginJar : add gtzc
2025-07-29 13:23:40,256 [INFO] IPUIPlugin:80 - create IPUIPlugin
2025-07-29 13:23:40,257 [INFO] PluginManager:220 - loadIPPluginJar : add hash
2025-07-29 13:23:40,259 [INFO] IPUIPlugin:80 - create IPUIPlugin
2025-07-29 13:23:40,260 [INFO] PluginManager:220 - loadIPPluginJar : add i2c
2025-07-29 13:23:40,263 [INFO] IPUIPlugin:80 - create IPUIPlugin
2025-07-29 13:23:40,263 [INFO] PluginManager:220 - loadIPPluginJar : add i2s
2025-07-29 13:23:40,266 [INFO] IPUIPlugin:80 - create IPUIPlugin
2025-07-29 13:23:40,267 [INFO] PluginManager:220 - loadIPPluginJar : add i3c
2025-07-29 13:23:40,272 [INFO] IPUIPlugin:80 - create IPUIPlugin
2025-07-29 13:23:40,272 [INFO] PluginManager:220 - loadIPPluginJar : add ipddr
2025-07-29 13:23:40,280 [INFO] IPUIPlugin:80 - create IPUIPlugin
2025-07-29 13:23:40,280 [INFO] PluginManager:220 - loadIPPluginJar : add linkedlist
2025-07-29 13:23:40,284 [INFO] IPUIPlugin:80 - create IPUIPlugin
2025-07-29 13:23:40,285 [INFO] PluginManager:220 - loadIPPluginJar : add lorawan
2025-07-29 13:23:40,287 [INFO] IPUIPlugin:80 - create IPUIPlugin
2025-07-29 13:23:40,287 [INFO] PluginManager:220 - loadIPPluginJar : add ltdc
2025-07-29 13:23:40,294 [INFO] IPUIPlugin:80 - create IPUIPlugin
2025-07-29 13:23:40,294 [INFO] PluginManager:220 - loadIPPluginJar : add mdma
2025-07-29 13:23:40,300 [INFO] IPUIPlugin:80 - create IPUIPlugin
2025-07-29 13:23:40,300 [INFO] PluginManager:220 - loadIPPluginJar : add nvic
2025-07-29 13:23:40,303 [INFO] IPUIPlugin:80 - create IPUIPlugin
2025-07-29 13:23:40,303 [INFO] PluginManager:220 - loadIPPluginJar : add opamp
2025-07-29 13:23:40,306 [INFO] IPUIPlugin:80 - create IPUIPlugin
2025-07-29 13:23:40,306 [INFO] PluginManager:220 - loadIPPluginJar : add openamp
2025-07-29 13:23:40,309 [INFO] IPUIPlugin:80 - create IPUIPlugin
2025-07-29 13:23:40,309 [INFO] PluginManager:220 - loadIPPluginJar : add pdm2pcm
2025-07-29 13:23:40,315 [INFO] IPUIPlugin:80 - create IPUIPlugin
2025-07-29 13:23:40,318 [INFO] PluginManager:220 - loadIPPluginJar : add plateformsettings
2025-07-29 13:23:40,320 [INFO] IPUIPlugin:80 - create IPUIPlugin
2025-07-29 13:23:40,321 [INFO] PluginManager:220 - loadIPPluginJar : add quadspi
2025-07-29 13:23:40,323 [INFO] IPUIPlugin:80 - create IPUIPlugin
2025-07-29 13:23:40,324 [INFO] PluginManager:220 - loadIPPluginJar : add radio
2025-07-29 13:23:40,328 [INFO] IPUIPlugin:80 - create IPUIPlugin
2025-07-29 13:23:40,329 [INFO] PluginManager:220 - loadIPPluginJar : add resmgrutility
2025-07-29 13:23:40,333 [INFO] IPUIPlugin:80 - create IPUIPlugin
2025-07-29 13:23:40,333 [INFO] PluginManager:220 - loadIPPluginJar : add sai
2025-07-29 13:23:40,336 [INFO] IPUIPlugin:80 - create IPUIPlugin
2025-07-29 13:23:40,336 [INFO] PluginManager:220 - loadIPPluginJar : add spi
2025-07-29 13:23:40,344 [INFO] IPUIPlugin:80 - create IPUIPlugin
2025-07-29 13:23:40,344 [INFO] PluginManager:220 - loadIPPluginJar : add stm32_wpan
2025-07-29 13:23:40,346 [INFO] IPUIPlugin:80 - create IPUIPlugin
2025-07-29 13:23:40,346 [INFO] PluginManager:220 - loadIPPluginJar : add tim
2025-07-29 13:23:40,351 [INFO] IPUIPlugin:80 - create IPUIPlugin
2025-07-29 13:23:40,351 [INFO] PluginManager:220 - loadIPPluginJar : add touchsensing
2025-07-29 13:23:40,353 [INFO] IPUIPlugin:80 - create IPUIPlugin
2025-07-29 13:23:40,354 [INFO] PluginManager:220 - loadIPPluginJar : add tracer_emb
2025-07-29 13:23:40,356 [INFO] IPUIPlugin:80 - create IPUIPlugin
2025-07-29 13:23:40,356 [INFO] PluginManager:220 - loadIPPluginJar : add ts
2025-07-29 13:23:40,358 [INFO] IPUIPlugin:80 - create IPUIPlugin
2025-07-29 13:23:40,358 [INFO] PluginManager:220 - loadIPPluginJar : add tsc
2025-07-29 13:23:40,360 [INFO] IPUIPlugin:80 - create IPUIPlugin
2025-07-29 13:23:40,361 [INFO] PluginManager:220 - loadIPPluginJar : add ucpd
2025-07-29 13:23:40,364 [INFO] IPUIPlugin:80 - create IPUIPlugin
2025-07-29 13:23:40,364 [INFO] PluginManager:220 - loadIPPluginJar : add usart
2025-07-29 13:23:40,368 [INFO] IPUIPlugin:80 - create IPUIPlugin
2025-07-29 13:23:40,369 [INFO] PluginManager:220 - loadIPPluginJar : add usbx
2025-07-29 13:23:40,502 [FATAL] Updater:351 - Updater called before beeing initialized
2025-07-29 13:23:40,537 [INFO] RulesReader:64 - Compatibility file has been processed (317 Rules)
2025-07-29 13:23:40,551 [INFO] RulesReader:64 - Compatibility file has been processed (317 Rules)
2025-07-29 13:23:40,561 [INFO] CADModel:165 - CPN selected for project level
2025-07-29 13:23:40,561 [INFO] CADModel:114 - Register for checkConnection events
2025-07-29 13:23:40,561 [FATAL] Updater:351 - Updater called before beeing initialized
2025-07-29 13:23:40,561 [ERROR] CADModel:125 - Updater not yet initialized, retry later 
2025-07-29 13:23:40,711 [FATAL] Updater:351 - Updater called before beeing initialized
2025-07-29 13:23:40,713 [INFO] CADModel:165 - CPN selected for project level
2025-07-29 13:23:40,713 [INFO] CADModel:114 - Register for checkConnection events
2025-07-29 13:23:40,714 [FATAL] Updater:351 - Updater called before beeing initialized
2025-07-29 13:23:40,714 [ERROR] CADModel:125 - Updater not yet initialized, retry later 
2025-07-29 13:23:40,717 [FATAL] Updater:351 - Updater called before beeing initialized
2025-07-29 13:23:40,836 [FATAL] Updater:351 - Updater called before beeing initialized
2025-07-29 13:23:40,840 [INFO] DbMcusAds:53 - JSON generation date=Tue Jul 08 16:14:23 MYT 2025 (1751962463562)
2025-07-29 13:23:40,841 [FATAL] Updater:351 - Updater called before beeing initialized
2025-07-29 13:23:40,886 [WARN] DetailPanel:346 - Failed to get advertising image, set to default
2025-07-29 13:23:40,974 [FATAL] Updater:351 - Updater called before beeing initialized
2025-07-29 13:23:40,976 [FATAL] Updater:351 - Updater called before beeing initialized
2025-07-29 13:23:40,976 [FATAL] Updater:351 - Updater called before beeing initialized
2025-07-29 13:23:40,976 [WARN] DetailPanel:346 - Failed to get advertising image, set to default
2025-07-29 13:23:40,976 [FATAL] Updater:351 - Updater called before beeing initialized
2025-07-29 13:23:41,027 [ERROR] Updater:1198 - MainUpdater not yet initialized. External WinMGr cannot be set.
2025-07-29 13:23:41,029 [INFO] Updater:1134 - Updater Version found : 6.15.0
2025-07-29 13:23:41,046 [INFO] ApplicationProperties:184 - Using Application install path: C:\ST\STM32CubeIDE_1.17.0\STM32CubeIDE\plugins\com.st.stm32cube.common.mx_6.15.0.202507011659
2025-07-29 13:23:41,427 [INFO] MainUpdater:2872 - connection check result : 10
2025-07-29 13:23:41,428 [INFO] MainUpdater:289 - Updater Check For Update Now.
2025-07-29 13:23:41,429 [INFO] MicroXplorer:498 - Change Database Version : DB.6.0.150
2025-07-29 13:23:41,441 [INFO] McuFinderGlobals:63 - Set McuFinder mode to 2 (CubeIDE integrated)
2025-07-29 13:23:41,442 [INFO] UserAuth:487 - Internet connection configuration mode: 1
2025-07-29 13:23:41,473 [INFO] JxBrowserEngine:152 - Initiate JxBrowser Engine with user profile folder
2025-07-29 13:23:41,617 [INFO] CheckServerUpdateThread:120 - End of CheckServer Thread
2025-07-29 13:23:42,141 [INFO] WebApp:169 - Instantiating new browser for Auth
2025-07-29 13:23:42,833 [WARN] PackLoader:240 - Cannot read IP mode file for STMicroelectronics.FP-SNS-MOTENVWB1.1.4.0
2025-07-29 13:23:42,843 [WARN] PackLoader:240 - Cannot read IP mode file for STMicroelectronics.FP-ATR-ASTRA1.2.0.2
2025-07-29 13:23:42,848 [WARN] PackLoader:240 - Cannot read IP mode file for STMicroelectronics.FP-ATR-ASTRA1.2.0.1
2025-07-29 13:23:42,861 [WARN] PackLoader:240 - Cannot read IP mode file for STMicroelectronics.X-CUBE-SMBUS.2.1.0
2025-07-29 13:23:42,872 [WARN] PackLoader:240 - Cannot read IP mode file for STMicroelectronics.X-CUBE-WB05N.1.1.0
2025-07-29 13:23:42,899 [WARN] PackLoader:240 - Cannot read IP mode file for STMicroelectronics.X-CUBE-ST60.1.0.0
2025-07-29 13:23:42,934 [WARN] PackLoader:240 - Cannot read IP mode file for STMicroelectronics.X-CUBE-AZRTOS-F7.1.1.0
2025-07-29 13:23:42,946 [WARN] PackLoader:240 - Cannot read IP mode file for STMicroelectronics.FP-SNS-FLIGHT1.5.0.2
2025-07-29 13:23:42,979 [WARN] PackLoader:240 - Cannot read IP mode file for Infineon.AIROC-Wi-Fi-Bluetooth-STM32.1.7.0
2025-07-29 13:23:43,013 [WARN] PackLoader:240 - Cannot read IP mode file for STMicroelectronics.X-CUBE-AZRTOS-H7.3.4.0
2025-07-29 13:23:43,026 [WARN] PackLoader:240 - Cannot read IP mode file for STMicroelectronics.X-CUBE-DISPLAY.3.0.0
2025-07-29 13:23:43,039 [WARN] PackLoader:240 - Cannot read IP mode file for STMicroelectronics.X-CUBE-BLE1.7.0.0
2025-07-29 13:23:43,049 [WARN] PackLoader:240 - Cannot read IP mode file for STMicroelectronics.X-CUBE-NFC10.1.0.0
2025-07-29 13:23:43,066 [WARN] PackLoader:240 - Cannot read IP mode file for STMicroelectronics.X-CUBE-BLEMGR.4.0.0
2025-07-29 13:23:43,078 [WARN] PackLoader:240 - Cannot read IP mode file for emotas.I-CUBE-CANOPEN.1.3.0
2025-07-29 13:23:43,085 [WARN] PackLoader:240 - Cannot read IP mode file for STMicroelectronics.X-CUBE-AI.10.0.0
2025-07-29 13:23:43,193 [INFO] WebApp:463 - Apply proxy settings
2025-07-29 13:23:43,194 [INFO] WebApp:548 - Chromium requires no authentication
2025-07-29 13:23:43,194 [WARN] PackLoader:240 - Cannot read IP mode file for STMicroelectronics.FP-SNS-SMARTAG2.1.2.0
2025-07-29 13:23:43,201 [WARN] PackLoader:240 - Cannot read IP mode file for STMicroelectronics.FP-SNS-FLIGHT1.5.1.0
2025-07-29 13:23:43,214 [INFO] WebApp:491 - Direct internet connection detected
2025-07-29 13:23:43,259 [WARN] PackLoader:240 - Cannot read IP mode file for STMicroelectronics.X-CUBE-MEMS1.11.1.0
2025-07-29 13:23:43,264 [INFO] WebApp:900 - Register for checkConnection events
2025-07-29 13:23:43,265 [INFO] WebApp:463 - Apply proxy settings
2025-07-29 13:23:43,265 [INFO] WebApp:548 - Chromium requires no authentication
2025-07-29 13:23:43,267 [INFO] WebApp:491 - Direct internet connection detected
2025-07-29 13:23:43,471 [INFO] LogOutputStream:77 - [STDOUT_REDIRECT] 1 : Invalid condition id : UX_CORESTACK_Condition cause : null
2025-07-29 13:23:43,472 [INFO] LogOutputStream:77 - [STDOUT_REDIRECT] 1 : Invalid condition id : UX_CORESTACK_Condition cause : null
2025-07-29 13:23:43,473 [INFO] LogOutputStream:77 - [STDOUT_REDIRECT] 1 : Invalid condition id : UX_CORESTACK_Condition cause : null
2025-07-29 13:23:43,475 [INFO] LogOutputStream:77 - [STDOUT_REDIRECT] 1 : Invalid condition id : UX_CORESTACK_Condition cause : null
2025-07-29 13:23:43,476 [INFO] LogOutputStream:77 - [STDOUT_REDIRECT] 1 : Invalid condition id : UX_CORESTACK_Condition cause : null
2025-07-29 13:23:43,478 [WARN] PackLoader:240 - Cannot read IP mode file for STMicroelectronics.X-CUBE-AZRTOS-WL.2.0.0
2025-07-29 13:23:43,485 [WARN] PackLoader:240 - Cannot read IP mode file for STMicroelectronics.FP-SNS-MOTENV1.5.0.0
2025-07-29 13:23:43,491 [WARN] PackLoader:240 - Cannot read IP mode file for wolfSSL.I-CUBE-wolfMQTT.1.19.0
2025-07-29 13:23:43,500 [WARN] PackLoader:240 - Cannot read IP mode file for WES.I-CUBE-Cesium.1.3.0
2025-07-29 13:23:43,507 [WARN] PackLoader:240 - Cannot read IP mode file for STMicroelectronics.X-CUBE-BLE2.3.3.0
2025-07-29 13:23:43,514 [WARN] PackLoader:240 - Cannot read IP mode file for STMicroelectronics.X-CUBE-NFC9.1.0.0
2025-07-29 13:23:43,521 [WARN] PackLoader:240 - Cannot read IP mode file for STMicroelectronics.X-CUBE-BLE1.7.1.0
2025-07-29 13:23:43,529 [WARN] PackLoader:240 - Cannot read IP mode file for STMicroelectronics.X-CUBE-EEPRMA1.5.2.0
2025-07-29 13:23:43,535 [WARN] PackLoader:240 - Cannot read IP mode file for STMicroelectronics.X-CUBE-AI.10.1.0
2025-07-29 13:23:43,585 [WARN] PackLoader:240 - Cannot read IP mode file for STMicroelectronics.X-CUBE-MEMS1.11.2.0
2025-07-29 13:23:43,678 [INFO] WebApp:225 - Starting web application
2025-07-29 13:23:43,678 [INFO] WebApp:593 - Web application path used C:\ST\STM32CubeIDE_1.17.0\STM32CubeIDE\plugins\com.st.stm32cube.common.mx_6.15.0.202507011659\db\plugins\mcufinder\reactClient1\index.html
2025-07-29 13:23:43,691 [WARN] PackLoader:240 - Cannot read IP mode file for STMicroelectronics.X-CUBE-AZRTOS-G0.1.1.0
2025-07-29 13:23:43,700 [WARN] PackLoader:240 - Cannot read IP mode file for STMicroelectronics.X-CUBE-SAFEA1.1.2.2
2025-07-29 13:23:43,706 [WARN] PackLoader:240 - Cannot read IP mode file for STMicroelectronics.X-CUBE-NFC4.3.0.0
2025-07-29 13:23:43,716 [WARN] PackLoader:240 - Cannot read IP mode file for EmbeddedOffice.I-CUBE-FS-RTOS.1.0.1
2025-07-29 13:23:43,722 [WARN] PackLoader:240 - Cannot read IP mode file for STMicroelectronics.X-CUBE-WB05N.2.0.0
2025-07-29 13:23:43,734 [WARN] PackLoader:240 - Cannot read IP mode file for STMicroelectronics.X-CUBE-TCPP.4.2.0
2025-07-29 13:23:43,741 [WARN] PackLoader:240 - Cannot read IP mode file for RealThread.X-CUBE-RT-Thread_Nano.4.1.1
2025-07-29 13:23:43,746 [WARN] PackLoader:240 - Cannot read IP mode file for STMicroelectronics.FP-ATR-SIGFOX1.3.2.0
2025-07-29 13:23:43,752 [WARN] ConditionMgr:438 - getConditionDescription Invalid condition id : Cortex-A Device cause : null
2025-07-29 13:23:43,768 [WARN] ConditionMgr:1044 - genDependencies : Invalid condition id : Cortex-A Device cause : null
2025-07-29 13:23:43,768 [WARN] ConditionMgr:1044 - genDependencies : Invalid condition id : Cortex-A Device cause : null
2025-07-29 13:23:43,769 [WARN] ConditionMgr:1044 - genDependencies : Invalid condition id : Cortex-A Device cause : null
2025-07-29 13:23:43,775 [WARN] PackLoader:240 - Cannot read IP mode file for STMicroelectronics.X-CUBE-EEPRMA1.5.1.0
2025-07-29 13:23:43,782 [WARN] PackLoader:240 - Cannot read IP mode file for wolfSSL.I-CUBE-wolfSSL.5.7.4
2025-07-29 13:23:43,790 [WARN] PackLoader:240 - Cannot read IP mode file for ITTIA_DB.I-CUBE-ITTIADB.8.9.0
2025-07-29 13:23:43,799 [WARN] PackLoader:240 - Cannot read IP mode file for STMicroelectronics.X-CUBE-ST67W61.1.0.0
2025-07-29 13:23:43,822 [WARN] PackLoader:240 - Cannot read IP mode file for SEGGER.I-CUBE-embOS.1.3.1
2025-07-29 13:23:43,823 [INFO] UserAuth:487 - Internet connection configuration mode: 1
2025-07-29 13:23:43,855 [WARN] PackLoader:240 - Cannot read IP mode file for STMicroelectronics.X-CUBE-ALGOBUILD.1.4.0
2025-07-29 13:23:43,901 [WARN] PackLoader:240 - Cannot read IP mode file for STMicroelectronics.X-CUBE-MEMS1.11.3.0
2025-07-29 13:23:43,930 [INFO] WebApp:191 - Connection restablished
2025-07-29 13:23:44,066 [WARN] PackLoader:240 - Cannot read IP mode file for STMicroelectronics.X-CUBE-AI.9.1.0
2025-07-29 13:23:44,071 [WARN] PackLoader:240 - Cannot read IP mode file for STMicroelectronics.X-CUBE-PM33A1.1.0.0
2025-07-29 13:23:44,089 [WARN] PackLoader:240 - Cannot read IP mode file for STMicroelectronics.X-CUBE-AZRTOS-F4.1.1.0
2025-07-29 13:23:44,097 [WARN] PackLoader:240 - Cannot read IP mode file for Avnet-IotConnect.X-CUBE-IoTC-DA16k-PMOD.1.0.0
2025-07-29 13:23:44,102 [WARN] PackLoader:240 - Cannot read IP mode file for STMicroelectronics.X-CUBE-ISPU.2.1.0
2025-07-29 13:23:44,112 [WARN] PackLoader:240 - Cannot read IP mode file for STMicroelectronics.X-CUBE-NFC12.1.0.0
2025-07-29 13:23:44,131 [WARN] PackLoader:240 - Cannot read IP mode file for STMicroelectronics.X-CUBE-AZRTOS-L5.2.0.0
2025-07-29 13:23:44,142 [WARN] PackLoader:240 - Cannot read IP mode file for STMicroelectronics.X-CUBE-NFC6.3.1.0
2025-07-29 13:23:44,149 [WARN] PackLoader:240 - Cannot read IP mode file for STMicroelectronics.X-CUBE-DPower.1.2.0
2025-07-29 13:23:44,155 [WARN] PackLoader:240 - Cannot read IP mode file for STMicroelectronics.X-CUBE-AI.9.0.0
2025-07-29 13:23:44,208 [WARN] PackLoader:240 - Cannot read IP mode file for STMicroelectronics.X-CUBE-FREERTOS.1.3.1
2025-07-29 13:23:44,212 [WARN] PackLoader:240 - Cannot read IP mode file for STMicroelectronics.X-CUBE-FREERTOS.1.3.0
2025-07-29 13:23:44,218 [WARN] PackLoader:240 - Cannot read IP mode file for STMicroelectronics.X-CUBE-NFC7.1.0.1
2025-07-29 13:23:44,231 [WARN] PackLoader:240 - Cannot read IP mode file for STMicroelectronics.FP-SNS-STAIOTCFT.1.0.0
2025-07-29 13:23:44,237 [WARN] PackLoader:240 - Cannot read IP mode file for STMicroelectronics.X-CUBE-DPower.1.3.0
2025-07-29 13:23:44,254 [WARN] ConditionMgr:438 - getConditionDescription Invalid condition id : LAN8742 Phy interface Condition cause : null
2025-07-29 13:23:44,254 [WARN] PackLoader:240 - Cannot read IP mode file for STMicroelectronics.X-CUBE-AZRTOS-L4.2.0.0
2025-07-29 13:23:44,255 [WARN] ConditionMgr:1044 - genDependencies : Invalid condition id : LAN8742 Phy interface Condition cause : null
2025-07-29 13:23:44,256 [WARN] ConditionMgr:1044 - genDependencies : Invalid condition id : LAN8742 Phy interface Condition cause : null
2025-07-29 13:23:44,257 [WARN] ConditionMgr:1044 - genDependencies : Invalid condition id : LAN8742 Phy interface Condition cause : null
2025-07-29 13:23:44,266 [WARN] PackLoader:240 - Cannot read IP mode file for STMicroelectronics.X-CUBE-SFXS2LP1.4.0.0
2025-07-29 13:23:44,283 [WARN] PackLoader:240 - Cannot read IP mode file for STMicroelectronics.X-CUBE-AZRTOS-H7.3.3.0
2025-07-29 13:23:44,295 [WARN] PackLoader:240 - Cannot read IP mode file for STMicroelectronics.X-CUBE-BLEMGR.4.1.0
2025-07-29 13:23:44,311 [WARN] ConditionMgr:438 - getConditionDescription Invalid condition id : UX DEVICE CLASS RTOS Condition cause : null
2025-07-29 13:23:44,311 [WARN] ConditionMgr:438 - getConditionDescription Invalid condition id : UX DEVICE CLASS RTOS Condition cause : null
2025-07-29 13:23:44,315 [WARN] PackLoader:240 - Cannot read IP mode file for STMicroelectronics.X-CUBE-AZRTOS-WB.2.0.0
2025-07-29 13:23:44,315 [WARN] ConditionMgr:1044 - genDependencies : Invalid condition id : UX DEVICE CLASS RTOS Condition cause : null
2025-07-29 13:23:44,316 [WARN] ConditionMgr:1044 - genDependencies : Invalid condition id : UX DEVICE CLASS RTOS Condition cause : null
2025-07-29 13:23:44,316 [WARN] ConditionMgr:1044 - genDependencies : Invalid condition id : UX DEVICE CLASS RTOS Condition cause : null
2025-07-29 13:23:44,316 [WARN] ConditionMgr:1044 - genDependencies : Invalid condition id : UX DEVICE CLASS RTOS Condition cause : null
2025-07-29 13:23:44,317 [WARN] ConditionMgr:1044 - genDependencies : Invalid condition id : UX DEVICE CLASS RTOS Condition cause : null
2025-07-29 13:23:44,325 [WARN] PackLoader:240 - Cannot read IP mode file for STMicroelectronics.X-CUBE-GNSS1.7.0.1
2025-07-29 13:23:44,332 [WARN] PackLoader:240 - Cannot read IP mode file for STMicroelectronics.X-CUBE-TOUCHGFX.4.25.0
2025-07-29 13:23:44,341 [WARN] PackLoader:240 - Cannot read IP mode file for STMicroelectronics.FP-SNS-STBOX1.2.0.0
2025-07-29 13:23:44,357 [WARN] PackLoader:240 - Cannot read IP mode file for STMicroelectronics.X-CUBE-SUBG2.5.0.0
2025-07-29 13:23:44,381 [WARN] PackLoader:240 - Cannot read IP mode file for STMicroelectronics.X-CUBE-AZRTOS-H7RS.1.1.0
2025-07-29 13:23:44,389 [WARN] PackLoader:240 - Cannot read IP mode file for Cesanta.I-CUBE-Mongoose.7.13.0
2025-07-29 13:23:44,402 [WARN] PackLoader:240 - Cannot read IP mode file for STMicroelectronics.X-CUBE-AZRTOS-G4.2.0.0
2025-07-29 13:23:44,403 [INFO] McuFinderGlobals:63 - Set McuFinder mode to 2 (CubeIDE integrated)
2025-07-29 13:23:44,410 [WARN] PackLoader:240 - Cannot read IP mode file for STMicroelectronics.X-CUBE-NFC7.2.0.0
2025-07-29 13:23:44,413 [INFO] MainUpdater:2872 - connection check result : 10
2025-07-29 13:23:44,415 [INFO] MainUpdater:2872 - connection check result : 10
2025-07-29 13:23:44,421 [WARN] PackLoader:240 - Cannot read IP mode file for STMicroelectronics.X-CUBE-IPS.3.1.0
2025-07-29 13:23:44,432 [WARN] PackLoader:240 - Cannot read IP mode file for STMicroelectronics.X-CUBE-ALS.1.0.2
2025-07-29 13:23:44,437 [WARN] PackLoader:240 - Cannot read IP mode file for STMicroelectronics.X-CUBE-TOUCHGFX.4.24.2
2025-07-29 13:23:44,443 [WARN] PackLoader:240 - Cannot read IP mode file for wolfSSL.I-CUBE-wolfTPM.3.4.0
2025-07-29 13:23:44,449 [WARN] PackLoader:240 - Cannot read IP mode file for portGmbH.I-Cube-SoM-uGOAL.1.1.0
2025-07-29 13:23:44,466 [WARN] PackLoader:240 - Cannot read IP mode file for STMicroelectronics.X-CUBE-AZRTOS-H7RS.1.0.0
2025-07-29 13:23:44,472 [INFO] MicroXplorer:468 - Change Database Path : 
2025-07-29 13:23:44,472 [INFO] MicroXplorer:498 - Change Database Version : DB.6.0.150
2025-07-29 13:23:44,483 [WARN] PackLoader:240 - Cannot read IP mode file for STMicroelectronics.X-CUBE-TOF1.3.4.2
2025-07-29 13:23:44,487 [WARN] ThirdParty:871 - waiting for thirdparty lock release [close project]
2025-07-29 13:23:44,506 [WARN] PackLoader:240 - Cannot read IP mode file for STMicroelectronics.X-CUBE-TOF1.3.4.3
2025-07-29 13:23:44,532 [WARN] PackLoader:240 - Cannot read IP mode file for wolfSSL.I-CUBE-wolfSSH.1.4.17
2025-07-29 13:23:44,533 [INFO] ThirdParty:978 - Integrity check success = true
2025-07-29 13:23:44,533 [INFO] IntegrityCheckThread:100 - exiting critical section [integrity check]
2025-07-29 13:23:44,533 [INFO] IntegrityCheckThread:103 - End integrity checks thread
2025-07-29 13:23:44,533 [INFO] ThirdParty:873 - entering critical section [close project]
2025-07-29 13:23:44,535 [INFO] ThirdParty:883 - exiting critical section [close project]
2025-07-29 13:23:44,539 [INFO] PinOutPanel:1589 - setPackage(No Configuration,No Configuration)
2025-07-29 13:23:44,540 [INFO] UtilMem:75 - Begin LoadConfig() Used Memory: 143559000 Bytes (293601280)
2025-07-29 13:23:44,542 [INFO] MicroXplorer:468 - Change Database Path : 
2025-07-29 13:23:44,542 [INFO] MicroXplorer:498 - Change Database Version : DB.6.0.150
2025-07-29 13:23:44,542 [INFO] OpenFileManager:355 - Change cursor
2025-07-29 13:23:44,587 [INFO] Mcu:2029 - Initializing MCU STM32H743ZITx STM32H743ZITx STM32H743ZIT6
2025-07-29 13:23:48,677 [INFO] Context:786 - Trying to add GPIOservice into a context  which must be forbidden
2025-07-29 13:23:50,753 [INFO] ImportTextPane:234 - (OptionalMessage_ERROR) Pin17 (VP_RIF_VS_RIF1) cannot be retrieved for this MCU
2025-07-29 13:23:50,869 [INFO] RtosManager:558 - Registered RTOS mode: class=CMSIS, group=RTOS, mode=CMSIS_V1, owner=FREERTOS
2025-07-29 13:23:50,869 [INFO] RtosManager:558 - Registered RTOS mode: class=CMSIS, group=RTOS2, mode=CMSIS_V2, owner=FREERTOS
2025-07-29 13:23:50,870 [INFO] RtosManager:558 - Registered RTOS mode: class=RTOS, group=Core, mode=CMSIS_V1, owner=FREERTOS
2025-07-29 13:23:50,870 [INFO] RtosManager:558 - Registered RTOS mode: class=RTOS, group=Core, mode=CMSIS_V2, owner=FREERTOS
2025-07-29 13:23:50,870 [WARN] ModelIntegratedComponent:184 - Missing modes for component STMicroelectronics:FreeRTOS:0.0.1:STMicroelectronics:RTOS:FreeRTOS:Core:::10.2.0:
2025-07-29 13:23:50,885 [WARN] ModelIntegratedComponent:63 - No mode defined for component null
2025-07-29 13:23:50,885 [WARN] ModelIntegratedComponent:63 - No mode defined for component null
2025-07-29 13:23:50,885 [WARN] ModelIntegratedComponent:63 - No mode defined for component null
2025-07-29 13:23:50,886 [WARN] ModelIntegratedComponent:63 - No mode defined for component null
2025-07-29 13:23:50,886 [WARN] ModelIntegratedComponent:63 - No mode defined for component null
2025-07-29 13:23:50,886 [WARN] ModelIntegratedComponent:63 - No mode defined for component null
2025-07-29 13:23:50,886 [WARN] ModelIntegratedComponent:63 - No mode defined for component null
2025-07-29 13:23:50,886 [WARN] ModelIntegratedComponent:63 - No mode defined for component null
2025-07-29 13:23:50,886 [WARN] ModelIntegratedComponent:63 - No mode defined for component null
2025-07-29 13:23:50,886 [WARN] ModelIntegratedComponent:63 - No mode defined for component null
2025-07-29 13:23:50,886 [WARN] ModelIntegratedComponent:63 - No mode defined for component null
2025-07-29 13:23:50,886 [WARN] ModelIntegratedComponent:63 - No mode defined for component null
2025-07-29 13:23:50,886 [WARN] ModelIntegratedComponent:63 - No mode defined for component null
2025-07-29 13:23:50,886 [WARN] ModelIntegratedComponent:63 - No mode defined for component null
2025-07-29 13:23:50,886 [WARN] ModelIntegratedComponent:63 - No mode defined for component null
2025-07-29 13:23:50,886 [WARN] ModelIntegratedComponent:63 - No mode defined for component null
2025-07-29 13:23:50,886 [WARN] ModelIntegratedComponent:63 - No mode defined for component null
2025-07-29 13:23:50,886 [WARN] ModelIntegratedComponent:63 - No mode defined for component null
2025-07-29 13:23:50,886 [WARN] ModelIntegratedComponent:63 - No mode defined for component null
2025-07-29 13:23:50,887 [WARN] ModelIntegratedComponent:63 - No mode defined for component null
2025-07-29 13:23:50,887 [WARN] ModelIntegratedComponent:63 - No mode defined for component null
2025-07-29 13:23:50,887 [WARN] ModelIntegratedComponent:63 - No mode defined for component null
2025-07-29 13:23:50,887 [WARN] ModelIntegratedComponent:63 - No mode defined for component null
2025-07-29 13:23:50,887 [WARN] ModelIntegratedComponent:63 - No mode defined for component null
2025-07-29 13:23:50,887 [WARN] ModelIntegratedComponent:63 - No mode defined for component null
2025-07-29 13:23:50,887 [WARN] ModelIntegratedComponent:63 - No mode defined for component null
2025-07-29 13:23:50,887 [WARN] ModelIntegratedComponent:63 - No mode defined for component null
2025-07-29 13:23:50,887 [WARN] ModelIntegratedComponent:63 - No mode defined for component null
2025-07-29 13:23:50,887 [WARN] ModelIntegratedComponent:63 - No mode defined for component null
2025-07-29 13:23:50,887 [WARN] ModelIntegratedComponent:63 - No mode defined for component null
2025-07-29 13:23:50,887 [WARN] ModelIntegratedComponent:63 - No mode defined for component null
2025-07-29 13:23:50,887 [WARN] ModelIntegratedComponent:63 - No mode defined for component null
2025-07-29 13:23:50,887 [WARN] ModelIntegratedComponent:63 - No mode defined for component null
2025-07-29 13:23:50,887 [WARN] ModelIntegratedComponent:63 - No mode defined for component null
2025-07-29 13:23:50,887 [WARN] ModelIntegratedComponent:63 - No mode defined for component null
2025-07-29 13:23:50,888 [WARN] ModelPack:524 - Component already loaded: STMicroelectronics:HAL Drivers:0.0.0:STMicroelectronics:Device:STMicro_Driver:XSPI:HAL::0.0.1:HAL_XSPI
2025-07-29 13:23:51,144 [INFO] ThirdPartyModel:298 - Start build external matchings
2025-07-29 13:23:51,957 [INFO] ThirdPartyModel:316 - End build external matchings
2025-07-29 13:23:52,925 [INFO] ApiDb:581 - Connected to CubeFinder SQLite database (C:\Users\guan-ming.dennis-won\.stmcufinder\plugins\mcufinder\mcu\cube-finder-db.db)
2025-07-29 13:23:53,019 [INFO] ApiDb:668 - CubeFinder database Data Model version=2.1
2025-07-29 13:23:53,019 [INFO] ApiDb:669 - CubeFinder database Configuration version=3.0.39
2025-07-29 13:23:53,019 [INFO] ApiDb:670 - CubeFinder database generation date=2025-07-21 (1753107327)
2025-07-29 13:23:53,019 [INFO] ApiDb:671 - CubeFinder database FW Pack versions=[FP-ATR-ASTRA1_V2.0.0, FP-SNS-FLIGHT1_V5.1.0, FP-SNS-MOTENV1_V5.0.0, FP-SNS-MOTENVWB1_V1.4.0, FP-SNS-SMARTAG2_V1.2.0, FP-SNS-STBOX1_V2.0.0, STM32Cube_FW_C0_V1.4.0, STM32Cube_FW_F4_V1.28.2, STM32Cube_FW_F7_V1.17.3, STM32Cube_FW_G0_V1.6.2, STM32Cube_FW_G4_V1.6.1, STM32Cube_FW_H5_V1.5.0, STM32Cube_FW_H7RS_V1.2.0, STM32Cube_FW_H7_V1.12.1, STM32Cube_FW_L0_V1.12.2, STM32Cube_FW_L4_V1.18.1, STM32Cube_FW_L5_V1.5.1, STM32Cube_FW_N6_V1.2.0, STM32Cube_FW_U0_V1.3.0, STM32Cube_FW_U3_V1.2.0, STM32Cube_FW_U5_V1.8.0, STM32Cube_FW_WB0_V1.3.0, STM32Cube_FW_WBA_V1.7.0, STM32Cube_FW_WB_V1.23.0, STM32Cube_FW_WL3_V1.2.0, STM32Cube_FW_WL_V1.3.1, X-CUBE-ALGOBUILD_V1.4.0, X-CUBE-ALS_V1.0.2, X-CUBE-AZRTOS-F4_V1.1.0, X-CUBE-AZRTOS-F7_V1.1.0, X-CUBE-AZRTOS-G0_V1.1.0, X-CUBE-AZRTOS-G4_V2.0.0, X-CUBE-AZRTOS-H7RS_V1.1.0, X-CUBE-AZRTOS-H7_V3.3.0, X-CUBE-AZRTOS-L4_V2.0.0, X-CUBE-AZRTOS-L5_V2.0.0, X-CUBE-AZRTOS-WB_V2.0.0, X-CUBE-AZRTOS-WL_V2.0.0, X-CUBE-BLE1_V7.1.0, X-CUBE-BLE2_V3.3.0, X-CUBE-BLEMGR_V4.0.0, X-CUBE-EEPRMA1_V5.1.0, X-CUBE-FREERTOS_V1.3.1, X-CUBE-GNSS1_V6.0.0, X-CUBE-MEMS1_V11.3.0, X-CUBE-NFC4_V3.0.0, X-CUBE-NFC7_V2.0.0, X-CUBE-SFXS2LP1_V4.0.0, X-CUBE-SUBG2_V5.0.0, X-CUBE-TOF1_V3.4.3]
2025-07-29 13:23:53,170 [INFO] DbBoardsSqlite:226 - include board P-NUCLEO-WB55-NUCLEO as a kit item of type 'Nucleo-64'
2025-07-29 13:23:53,170 [INFO] DbBoardsSqlite:226 - include board P-NUCLEO-WB55-USBDONGLE as a kit item of type 'Nucleo USB Dongle'
2025-07-29 13:23:53,171 [INFO] DbBoardsSqlite:226 - include board STEVAL-IDP005V1 as a kit item of type 'Evaluation Board'
2025-07-29 13:23:53,172 [INFO] DbBoardsSqlite:226 - include board STEVAL-IDP005V2 as a kit item of type 'Evaluation Board'
2025-07-29 13:23:53,815 [INFO] ApiDb:240 - Found 880 in-development CPN: [B-G473E-ZEST1S, B-WB1M-WPAN1, B-WBA5M-WPAN, B-WL5M-SUBG1, NUCLEO-C031C6, NUCLEO-C051C8, NUCLEO-C071RB, NUCLEO-C092RC, NUCLEO-H503RB, NUCLEO-H533RE, NUCLEO-H563ZI, NUCLEO-H7S3L8, NUCLEO-N657X0-Q, NUCLEO-U031R8, NUCLEO-U083RC, NUCLEO-U385RG-Q, NUCLEO-U545RE-Q, NUCLEO-U5A5ZJ-Q, NUCLEO-WB05KZ, NUCLEO-WB07CC, NUCLEO-WB09KE, NUCLEO-WBA52CG, NUCLEO-WBA55CG, NUCLEO-WL33CC1, NUCLEO-WL33CC2, STEVAL-PROTEUS1, STEVAL-SMARTAG2, STEVAL-STWINBX1, STM320518-EVAL, STM32C0116-DK, STM32C011D6Y3TR, STM32C011D6Y6TR, STM32C011F4P3, STM32C011F4P6, STM32C011F4U3, STM32C011F4U6TR, STM32C011F6P3, STM32C011F6P6, STM32C011F6U3, STM32C011F6U6TR, STM32C011J4M3, STM32C011J4M6, STM32C011J6M3, STM32C011J6M6, STM32C0316-DK, STM32C031C4T3, STM32C031C4T6, STM32C031C4U3, STM32C031C4U6, STM32C031C6T3, STM32C031C6T6, STM32C031C6U3, STM32C031C6U6, STM32C031F4P3, STM32C031F4P6, STM32C031F6P3, STM32C031F6P6, STM32C031G4U3, STM32C031G4U6, STM32C031G6U3, STM32C031G6U6, STM32C031K4T3, STM32C031K4T6, STM32C031K4U3, STM32C031K4U6, STM32C031K6T3, STM32C031K6T6, STM32C031K6U3, STM32C031K6U6, STM32C051C6T6, STM32C051C6U6, STM32C051C8T6, STM32C051C8U6, STM32C051D8Y6TR, STM32C051F6P6, STM32C051F8P6, STM32C051G6U6, STM32C051G8U6, STM32C051K6T6, STM32C051K6U6, STM32C051K8T6, STM32C071C8T6, STM32C071C8T6N, STM32C071C8U6, STM32C071C8U6N, STM32C071CBT6, STM32C071CBT6N, STM32C071CBU6, STM32C071CBU6N, STM32C071F8P6, STM32C071F8P6N, STM32C071FBP6, STM32C071FBP6N, STM32C071FBY6TR, STM32C071G8U6, STM32C071G8U6N, STM32C071GBU6, STM32C071GBU6N, STM32C071K8T6, STM32C071K8T6N, STM32C071K8U6, STM32C071K8U6N, STM32C071KBT6, STM32C071KBT6N, STM32C071KBU6, STM32C071KBU6N, STM32C071R8T6, STM32C071R8T6N, STM32C071RBI6N, STM32C071RBT6, STM32C071RBT6N, STM32C091CBT6, STM32C091CBU6, STM32C091CCT6, STM32C091CCU6, STM32C091ECY6TR, STM32C091FBP6, STM32C091FCP6, STM32C091GBU6, STM32C091GCU6, STM32C091KBT6, STM32C091KBU6, STM32C091KCT6, STM32C091KCU6, STM32C091RBT6, STM32C091RCI6, STM32C091RCT6, STM32C092CBT6, STM32C092CBU6, STM32C092CCT6, STM32C092CCU6, STM32C092ECY6TR, STM32C092FBP6, STM32C092FCP6, STM32C092GBU6, STM32C092GCU6, STM32C092KBT6, STM32C092KBU6, STM32C092KCT6, STM32C092KCU6, STM32C092RBT6, STM32C092RCI6, STM32C092RCT6, STM32G071K8TXN, STM32G071K8UXN, STM32G081GBU6N, STM32G081KBT6N, STM32G081KBUXN, STM32G0B1CCT6N, STM32G0B1KCT6, STM32G0B1NEY6TR, STM32G0B1RCT6N, STM32G0C1CCT6, STM32G0C1CCT6N, STM32G0C1CCU6N, STM32G0C1CET6N, STM32G0C1CEU6N, STM32G0C1KCT6, STM32G0C1NEY6TR, STM32G0C1RCI6N, STM32G0C1RCT6N, STM32G0C1REI6N, STM32G0C1RET6N, STM32G0C1VCI6, STM32G0C1VEI6, STM32G411C6T3, STM32G411C6T6, STM32G411C6U3, STM32G411C6U6, STM32G411C8T3, STM32G411C8T6, STM32G411C8U3, STM32G411C8U6, STM32G411CBT3, STM32G411CBT6, STM32G411CBU3, STM32G411CBU6, STM32G411K6T3, STM32G411K6T6, STM32G411K6U3, STM32G411K6U6, STM32G411K8T3, STM32G411K8T6, STM32G411K8U3, STM32G411K8U6, STM32G411KBT3, STM32G411KBT6, STM32G411KBU3, STM32G411KBU6, STM32G411M6T3, STM32G411M6T6, STM32G411M8T3, STM32G411M8T6, STM32G411MBT3, STM32G411MBT6, STM32G411R6T3, STM32G411R6T6, STM32G411R8T3, STM32G411R8T6, STM32G411RBT3, STM32G411RBT6, STM32G414CBT3, STM32G414CBT6, STM32G414CBU3, STM32G414CBU6, STM32G414CCT3, STM32G414CCT6, STM32G414CCU3, STM32G414CCU6, STM32G414MBT3, STM32G414MBT6, STM32G414MCT3, STM32G414MCT6, STM32G414RBT3, STM32G414RBT6, STM32G414RCT3, STM32G414RCT6, STM32G414VBT3, STM32G414VBT6, STM32G414VCT3, STM32G414VCT6, STM32G431CBT3Z, STM32G431RBT3Z, STM32G471CCT6, STM32G471CCU6, STM32G471CET3, STM32G471CET6, STM32G471CEU3, STM32G471CEU6, STM32G471MCT6, STM32G471MET3, STM32G471MET6, STM32G471MEY6TR, STM32G471QCT6, STM32G471QET3, STM32G471RCT6, STM32G471RET3, STM32G471RET6, STM32G471VCH6, STM32G471VCI6, STM32G471VCT6, STM32G471VEH3, STM32G471VEH6, STM32G471VEI3, STM32G471VEI6, STM32G471VET3, STM32G471VET6, STM32G473QET3Z, STM32G473RET3Z, STM32G474CCT6, STM32G491RET3Z, STM32H503CBT6, STM32H503CBU6, STM32H503EBY6TR, STM32H503KBU6, STM32H503RBT6, STM32H523CCT6, STM32H523CCU6, STM32H523CET6, STM32H523CEU6, STM32H523HEY6TR, STM32H523RCT6, STM32H523RET6, STM32H523VCI6, STM32H523VCT6, STM32H523VEI6, STM32H523VET6, STM32H523ZCJ6, STM32H523ZCT6, STM32H523ZEJ6, STM32H523ZET6, STM32H533CET6, STM32H533CEU6, STM32H533HEY6TR, STM32H533RET6, STM32H533VEI6, STM32H533VET6, STM32H533ZEJ6, STM32H533ZET6, STM32H562AGI6, STM32H562AII6, STM32H562IGK6, STM32H562IGT6, STM32H562IIK6, STM32H562IIT6, STM32H562RGT6, STM32H562RGV6, STM32H562RIT6, STM32H562RIV6, STM32H562VGT6, STM32H562VIT6, STM32H562ZGT6, STM32H562ZIT6, STM32H563AGI6, STM32H563AII3Q, STM32H563AII6, STM32H563IGK6, STM32H563IGT6, STM32H563IIK3Q, STM32H563IIK6, STM32H563IIT3Q, STM32H563IIT6, STM32H563MIY3QTR, STM32H563RGT6, STM32H563RGV6, STM32H563RIT6, STM32H563RIV6, STM32H563VGT6, STM32H563VIT3Q, STM32H563VIT6, STM32H563ZGT6, STM32H563ZIT3Q, STM32H563ZIT6, STM32H573AII3Q, STM32H573AII6, STM32H573I-DK, STM32H573IIK3Q, STM32H573IIK6, STM32H573IIT3Q, STM32H573IIT6, STM32H573MIY3QTR, STM32H573RIT6, STM32H573RIV6, STM32H573VIT3Q, STM32H573VIT6, STM32H573ZIT3Q, STM32H573ZIT6, STM32H7R3A8I6, STM32H7R3I8K6, STM32H7R3I8T6, STM32H7R3L8H6, STM32H7R3L8H6H, STM32H7R3R8V6, STM32H7R3V8H6, STM32H7R3V8T6, STM32H7R3V8Y6TR, STM32H7R3Z8J6, STM32H7R3Z8T6, STM32H7R7A8I6, STM32H7R7I8K6, STM32H7R7I8T6, STM32H7R7L8H6, STM32H7R7L8H6H, STM32H7R7Z8J6, STM32H7S3A8I6, STM32H7S3I8K6, STM32H7S3I8T6, STM32H7S3L8H6, STM32H7S3L8H6H, STM32H7S3R8V6, STM32H7S3V8H6, STM32H7S3V8T6, STM32H7S3V8Y6TR, STM32H7S3Z8J6, STM32H7S3Z8T6, STM32H7S78-DK, STM32H7S7A8I6, STM32H7S7I8K6, STM32H7S7I8T6, STM32H7S7L8H6, STM32H7S7L8H6H, STM32H7S7Z8J6, STM32L4R5QGI6STR, STM32MP131AAE3, STM32MP131AAF3, STM32MP131AAG3, STM32MP131CAE3, STM32MP131CAF3, STM32MP131CAG3, STM32MP131DAE7, STM32MP131DAF7, STM32MP131DAG7, STM32MP131FAE7, STM32MP131FAF7, STM32MP131FAG7, STM32MP133AAE3, STM32MP133AAF3, STM32MP133AAG3, STM32MP133CAE3, STM32MP133CAF3, STM32MP133CAG3, STM32MP133DAE7, STM32MP133DAF7, STM32MP133DAG7, STM32MP133FAE7, STM32MP133FAF7, STM32MP133FAG7, STM32MP135AAE3, STM32MP135AAF3, STM32MP135AAG3, STM32MP135CAE3, STM32MP135CAF3, STM32MP135CAG3, STM32MP135DAE7, STM32MP135DAF7, STM32MP135DAG7, STM32MP135F-DK, STM32MP135FAE7, STM32MP135FAF7, STM32MP135FAF7T, STM32MP135FAF7U, STM32MP135FAG7, STM32MP211AAL3, STM32MP211AAM3, STM32MP211AAN3, STM32MP211AAO3, STM32MP211CAL3, STM32MP211CAM3, STM32MP211CAN3, STM32MP211CAO3, STM32MP211DAL3, STM32MP211DAM3, STM32MP211DAN3, STM32MP211DAO3, STM32MP211FAL3, STM32MP211FAM3, STM32MP211FAN3, STM32MP211FAO3, STM32MP213AAL3, STM32MP213AAM3, STM32MP213AAN3, STM32MP213AAO3, STM32MP213CAL3, STM32MP213CAM3, STM32MP213CAN3, STM32MP213CAO3, STM32MP213DAL3, STM32MP213DAM3, STM32MP213DAN3, STM32MP213DAO3, STM32MP213FAL3, STM32MP213FAM3, STM32MP213FAN3, STM32MP213FAO3, STM32MP215AAL3, STM32MP215AAM3, STM32MP215AAN3, STM32MP215AAO3, STM32MP215CAL3, STM32MP215CAM3, STM32MP215CAN3, STM32MP215CAO3, STM32MP215DAL3, STM32MP215DAM3, STM32MP215DAN3, STM32MP215DAO3, STM32MP215F-DK, STM32MP215FAL3, STM32MP215FAM3, STM32MP215FAN3, STM32MP215FAO3, STM32MP231AAJ3, STM32MP231AAK3, STM32MP231AAL3, STM32MP231CAJ3, STM32MP231CAK3, STM32MP231CAL3, STM32MP231DAJ3, STM32MP231DAK3, STM32MP231DAL3, STM32MP231FAJ3, STM32MP231FAK3, STM32MP231FAL3, STM32MP233AAJ3, STM32MP233AAK3, STM32MP233AAL3, STM32MP233CAJ3, STM32MP233CAK3, STM32MP233CAL3, STM32MP233DAJ3, STM32MP233DAK3, STM32MP233DAL3, STM32MP233FAJ3, STM32MP233FAK3, STM32MP233FAL3, STM32MP235AAJ3, STM32MP235AAK3, STM32MP235AAL3, STM32MP235CAJ3, STM32MP235CAK3, STM32MP235CAL3, STM32MP235DAJ3, STM32MP235DAK3, STM32MP235DAL3, STM32MP235FAJ3, STM32MP235FAK3, STM32MP235FAL3, STM32MP251AAI3, STM32MP251AAK3, STM32MP251AAL3, STM32MP251CAI3, STM32MP251CAK3, STM32MP251CAL3, STM32MP251DAI3, STM32MP251DAK3, STM32MP251DAL3, STM32MP251FAI3, STM32MP251FAK3, STM32MP251FAL3, STM32MP253AAI3, STM32MP253AAK3, STM32MP253AAL3, STM32MP253CAI3, STM32MP253CAK3, STM32MP253CAL3, STM32MP253DAI3, STM32MP253DAK3, STM32MP253DAL3, STM32MP253FAI3, STM32MP253FAK3, STM32MP253FAL3, STM32MP255AAI3, STM32MP255AAK3, STM32MP255AAL3, STM32MP255CAI3, STM32MP255CAK3, STM32MP255CAL3, STM32MP255DAI3, STM32MP255DAK3, STM32MP255DAL3, STM32MP255FAI3, STM32MP255FAK3, STM32MP255FAL3, STM32MP257AAI3, STM32MP257AAK3, STM32MP257AAL3, STM32MP257CAI3, STM32MP257CAK3, STM32MP257CAL3, STM32MP257DAI3, STM32MP257DAK3, STM32MP257DAL3, STM32MP257F-DK, STM32MP257F-EV1, STM32MP257FAI3, STM32MP257FAK3, STM32MP257FAL3, STM32N645A0H3Q, STM32N645B0H3Q, STM32N645I0H3Q, STM32N645L0H3Q, STM32N645X0H3Q, STM32N645Z0H3Q, STM32N647A0H3Q, STM32N647B0H3Q, STM32N647I0H3Q, STM32N647L0H3Q, STM32N647X0H3Q, STM32N647Z0H3Q, STM32N655A0H3Q, STM32N655B0H3Q, STM32N655I0H3Q, STM32N655L0H3Q, STM32N655X0H3Q, STM32N655Z0H3Q, STM32N6570-DK, STM32N657A0H3Q, STM32N657B0H3Q, STM32N657I0H3Q, STM32N657L0H3Q, STM32N657X0H3Q, STM32N657Z0H3Q, STM32U031C6T6, STM32U031C6U6, STM32U031C8T6, STM32U031C8U6, STM32U031F4P6, STM32U031F6P6, STM32U031F8P6, STM32U031G6Y6TR, STM32U031G8Y6TR, STM32U031K4U6, STM32U031K6U6, STM32U031K8U6, STM32U031R6I6, STM32U031R6T6, STM32U031R8I6, STM32U031R8T6, STM32U073C8T6, STM32U073C8U6, STM32U073CBT6, STM32U073CBU6, STM32U073CCT6, STM32U073CCU6, STM32U073H8Y6TR, STM32U073HBY6TR, STM32U073HCY6TR, STM32U073K8U6, STM32U073KBU6, STM32U073KCU6, STM32U073M8I6, STM32U073M8T6, STM32U073MBI6, STM32U073MBT6, STM32U073MCI6, STM32U073MCT6, STM32U073R8I6, STM32U073R8T6, STM32U073RBI6, STM32U073RBT6, STM32U073RCI6, STM32U073RCT6, STM32U083C-DK, STM32U083CCT6, STM32U083CCU6, STM32U083HCY6TR, STM32U083KCU6, STM32U083MCI6, STM32U083MCT6, STM32U083RCI6, STM32U083RCT6, STM32U375CET6, STM32U375CET6Q, STM32U375CEU6, STM32U375CEU6Q, STM32U375CEY6QTR, STM32U375CGT6, STM32U375CGT6Q, STM32U375CGU6, STM32U375CGU6Q, STM32U375CGY6QTR, STM32U375KEU6, STM32U375KGU6, STM32U375REI6, STM32U375REI6Q, STM32U375RET6, STM32U375RET6Q, STM32U375REY6GTR, STM32U375REY6QTR, STM32U375RGI6, STM32U375RGI6Q, STM32U375RGT6, STM32U375RGT6Q, STM32U375RGY6GTR, STM32U375RGY6QTR, STM32U375VEI6, STM32U375VEI6Q, STM32U375VET6, STM32U375VET6Q, STM32U375VGI6, STM32U375VGI6Q, STM32U375VGT6, STM32U375VGT6Q, STM32U385CGT6, STM32U385CGT6Q, STM32U385CGU6, STM32U385CGU6Q, STM32U385CGY6QTR, STM32U385KGU6, STM32U385RGI6, STM32U385RGI6Q, STM32U385RGT6, STM32U385RGT6Q, STM32U385RGY6GTR, STM32U385RGY6QTR, STM32U385VGI6, STM32U385VGI6Q, STM32U385VGT6, STM32U385VGT6Q, STM32U535CBT6, STM32U535CBT6Q, STM32U535CBU6, STM32U535CBU6Q, STM32U535CCT6, STM32U535CCT6Q, STM32U535CCU6, STM32U535CCU6Q, STM32U535CET6, STM32U535CET6Q, STM32U535CEU6, STM32U535CEU6Q, STM32U535JEY6QTR, STM32U535NCY6QTR, STM32U535NEY6QTR, STM32U535RBI6, STM32U535RBI6Q, STM32U535RBT6, STM32U535RBT6Q, STM32U535RCI6, STM32U535RCI6Q, STM32U535RCT6, STM32U535RCT6Q, STM32U535REI6, STM32U535REI6Q, STM32U535RET6, STM32U535RET6Q, STM32U535VCI6, STM32U535VCI6Q, STM32U535VCT6, STM32U535VCT6Q, STM32U535VEI6, STM32U535VEI6Q, STM32U535VET6, STM32U535VET6Q, STM32U545CET6, STM32U545CET6Q, STM32U545CEU6, STM32U545CEU6Q, STM32U545JEY6QTR, STM32U545NEY6QTR, STM32U545REI6, STM32U545REI6Q, STM32U545RET6, STM32U545RET6Q, STM32U545VEI6, STM32U545VEI6Q, STM32U545VET6, STM32U545VET6Q, STM32U595AIH6, STM32U595AIH6Q, STM32U595AJH6, STM32U595AJH6Q, STM32U595QII6, STM32U595QII6Q, STM32U595QJI6, STM32U595QJI6Q, STM32U595RIT6, STM32U595RIT6Q, STM32U595RJT6, STM32U595RJT6Q, STM32U595VIT6, STM32U595VIT6Q, STM32U595VJT6, STM32U595VJT6Q, STM32U595ZIT6, STM32U595ZIT6Q, STM32U595ZIY6QTR, STM32U595ZJT6, STM32U595ZJT6Q, STM32U595ZJY6QTR, STM32U599BJY6QTR, STM32U599NIH6Q, STM32U599NJH6Q, STM32U599VIT6Q, STM32U599VJT6, STM32U599VJT6Q, STM32U599ZIT6Q, STM32U599ZIY6QTR, STM32U599ZJT6Q, STM32U599ZJY6QTR, STM32U5A5AJH6, STM32U5A5AJH6Q, STM32U5A5QII3Q , STM32U5A5QJI6, STM32U5A5QJI6Q, STM32U5A5RJT6, STM32U5A5RJT6Q, STM32U5A5VJT6, STM32U5A5VJT6Q, STM32U5A5ZJT6, STM32U5A5ZJT6Q, STM32U5A5ZJY6QTR, STM32U5A9BJY6QTR, STM32U5A9J-DK, STM32U5A9NJH6Q, STM32U5A9VJT6Q, STM32U5A9ZJT6Q, STM32U5A9ZJY6QTR, STM32U5F7VIT6, STM32U5F7VIT6Q, STM32U5F7VJT6, STM32U5F7VJT6Q, STM32U5F9BJY6QTR, STM32U5F9NJH6Q, STM32U5F9VIT6Q, STM32U5F9VJT6Q, STM32U5F9ZIJ6QTR, STM32U5F9ZIT6Q, STM32U5F9ZJJ6QTR, STM32U5F9ZJT6Q, STM32U5G7VJT6, STM32U5G7VJT6Q, STM32U5G9BJY6QTR, STM32U5G9J-DK1, STM32U5G9J-DK2, STM32U5G9NJH6Q, STM32U5G9VJT6Q, STM32U5G9ZJJ6QTR, STM32U5G9ZJT6Q, STM32WB05KZV6TR, STM32WB05KZV7TR, STM32WB05TZF6TR, STM32WB05TZF7TR, STM32WB06CCF6TR, STM32WB06CCF7TR, STM32WB06CCV6TR, STM32WB06CCV7TR, STM32WB06KCV6TR, STM32WB06KCV7TR, STM32WB07CCF6TR, STM32WB07CCF7TR, STM32WB07CCV6TR, STM32WB07CCV7TR, STM32WB07KCV6TR, STM32WB07KCV7TR, STM32WB09KEV6TR, STM32WB09KEV7TR, STM32WB09TEF6TR, STM32WB09TEF7TR, STM32WB1MMCH6, STM32WBA50KGU6, STM32WBA50KGU6TR, STM32WBA52CEU6, STM32WBA52CEU6TR, STM32WBA52CEU7, STM32WBA52CEU7TR, STM32WBA52CGU6, STM32WBA52CGU6TR, STM32WBA52CGU6U, STM32WBA52CGU7, STM32WBA52CGU7TR, STM32WBA52KEU6, STM32WBA52KEU6TR, STM32WBA52KGU6, STM32WBA52KGU6TR, STM32WBA54CEU6, STM32WBA54CEU6TR, STM32WBA54CEU7, STM32WBA54CEU7TR, STM32WBA54CGU6, STM32WBA54CGU6TR, STM32WBA54CGU7, STM32WBA54CGU7TR, STM32WBA54KEU6, STM32WBA54KEU6TR, STM32WBA54KEU7, STM32WBA54KEU7TR, STM32WBA54KGU6, STM32WBA54KGU6TR, STM32WBA54KGU7, STM32WBA54KGU7TR, STM32WBA55CEU6, STM32WBA55CEU6TR, STM32WBA55CEU7, STM32WBA55CEU7TR, STM32WBA55CGU6, STM32WBA55CGU6TR, STM32WBA55CGU6U, STM32WBA55CGU7, STM32WBA55CGU7TR, STM32WBA55G-DK1, STM32WBA55HEF6, STM32WBA55HEF7, STM32WBA55HGF6, STM32WBA55HGF7, STM32WBA55UEI6, STM32WBA55UEI6TR, STM32WBA55UEI7, STM32WBA55UEI7TR, STM32WBA55UGI6, STM32WBA55UGI6TR, STM32WBA55UGI7, STM32WBA55UGI7TR, STM32WBA5MMGH6TR, STM32WBA62MGF6, STM32WBA62MIF6, STM32WBA65MGF7, STM32WBA65MIF6, STM32WBA65MIF7, STM32WL30K8V6, STM32WL30KBV6, STM32WL31C8V6, STM32WL31CBV6, STM32WL31K8V6, STM32WL31KBV6, STM32WL33C8V6, STM32WL33C8V6X, STM32WL33CBV6, STM32WL33CBV6X, STM32WL33CCV6, STM32WL33CCV6A, STM32WL33CCV6X, STM32WL33K8V7, STM32WL33K8V7X, STM32WL33KBV7 , STM32WL33KBV7X, STM32WL33KCV7, STM32WL33KCV7X, STM32WL5MOCH6, STM32WL5MOCH6TR]
2025-07-29 13:23:54,140 [INFO] BoardInfo:889 - No configuration file found for board P-NUCLEO-WB55
2025-07-29 13:23:54,141 [INFO] DbBoards:161 - Kit is not supported: P-NUCLEO-WB55
2025-07-29 13:23:54,152 [INFO] BoardInfo:889 - No configuration file found for board STEVAL-BFA001V1B
2025-07-29 13:23:54,154 [INFO] DbBoards:161 - Kit is not supported: STEVAL-BFA001V1B
2025-07-29 13:23:54,156 [INFO] BoardInfo:889 - No configuration file found for board STEVAL-BFA001V2B
2025-07-29 13:23:54,158 [INFO] DbBoards:161 - Kit is not supported: STEVAL-BFA001V2B
2025-07-29 13:23:54,476 [INFO] DbBoards:168 - Found 212 boards, 209 are supported
2025-07-29 13:23:54,476 [INFO] DbBoards:169 - Found 212 boards, 43 of them is supported for  Bsp
2025-07-29 13:23:54,482 [INFO] ApiDb:668 - CubeFinder database Data Model version=2.1
2025-07-29 13:23:54,482 [INFO] ApiDb:669 - CubeFinder database Configuration version=3.0.39
2025-07-29 13:23:54,482 [INFO] ApiDb:670 - CubeFinder database generation date=2025-07-21 (1753107327)
2025-07-29 13:23:54,483 [INFO] ApiDb:671 - CubeFinder database FW Pack versions=[FP-ATR-ASTRA1_V2.0.0, FP-SNS-FLIGHT1_V5.1.0, FP-SNS-MOTENV1_V5.0.0, FP-SNS-MOTENVWB1_V1.4.0, FP-SNS-SMARTAG2_V1.2.0, FP-SNS-STBOX1_V2.0.0, STM32Cube_FW_C0_V1.4.0, STM32Cube_FW_F4_V1.28.2, STM32Cube_FW_F7_V1.17.3, STM32Cube_FW_G0_V1.6.2, STM32Cube_FW_G4_V1.6.1, STM32Cube_FW_H5_V1.5.0, STM32Cube_FW_H7RS_V1.2.0, STM32Cube_FW_H7_V1.12.1, STM32Cube_FW_L0_V1.12.2, STM32Cube_FW_L4_V1.18.1, STM32Cube_FW_L5_V1.5.1, STM32Cube_FW_N6_V1.2.0, STM32Cube_FW_U0_V1.3.0, STM32Cube_FW_U3_V1.2.0, STM32Cube_FW_U5_V1.8.0, STM32Cube_FW_WB0_V1.3.0, STM32Cube_FW_WBA_V1.7.0, STM32Cube_FW_WB_V1.23.0, STM32Cube_FW_WL3_V1.2.0, STM32Cube_FW_WL_V1.3.1, X-CUBE-ALGOBUILD_V1.4.0, X-CUBE-ALS_V1.0.2, X-CUBE-AZRTOS-F4_V1.1.0, X-CUBE-AZRTOS-F7_V1.1.0, X-CUBE-AZRTOS-G0_V1.1.0, X-CUBE-AZRTOS-G4_V2.0.0, X-CUBE-AZRTOS-H7RS_V1.1.0, X-CUBE-AZRTOS-H7_V3.3.0, X-CUBE-AZRTOS-L4_V2.0.0, X-CUBE-AZRTOS-L5_V2.0.0, X-CUBE-AZRTOS-WB_V2.0.0, X-CUBE-AZRTOS-WL_V2.0.0, X-CUBE-BLE1_V7.1.0, X-CUBE-BLE2_V3.3.0, X-CUBE-BLEMGR_V4.0.0, X-CUBE-EEPRMA1_V5.1.0, X-CUBE-FREERTOS_V1.3.1, X-CUBE-GNSS1_V6.0.0, X-CUBE-MEMS1_V11.3.0, X-CUBE-NFC4_V3.0.0, X-CUBE-NFC7_V2.0.0, X-CUBE-SFXS2LP1_V4.0.0, X-CUBE-SUBG2_V5.0.0, X-CUBE-TOF1_V3.4.3]
2025-07-29 13:23:56,754 [INFO] ApiDb:240 - Found 880 in-development CPN: [B-G473E-ZEST1S, B-WB1M-WPAN1, B-WBA5M-WPAN, B-WL5M-SUBG1, NUCLEO-C031C6, NUCLEO-C051C8, NUCLEO-C071RB, NUCLEO-C092RC, NUCLEO-H503RB, NUCLEO-H533RE, NUCLEO-H563ZI, NUCLEO-H7S3L8, NUCLEO-N657X0-Q, NUCLEO-U031R8, NUCLEO-U083RC, NUCLEO-U385RG-Q, NUCLEO-U545RE-Q, NUCLEO-U5A5ZJ-Q, NUCLEO-WB05KZ, NUCLEO-WB07CC, NUCLEO-WB09KE, NUCLEO-WBA52CG, NUCLEO-WBA55CG, NUCLEO-WL33CC1, NUCLEO-WL33CC2, STEVAL-PROTEUS1, STEVAL-SMARTAG2, STEVAL-STWINBX1, STM320518-EVAL, STM32C0116-DK, STM32C011D6Y3TR, STM32C011D6Y6TR, STM32C011F4P3, STM32C011F4P6, STM32C011F4U3, STM32C011F4U6TR, STM32C011F6P3, STM32C011F6P6, STM32C011F6U3, STM32C011F6U6TR, STM32C011J4M3, STM32C011J4M6, STM32C011J6M3, STM32C011J6M6, STM32C0316-DK, STM32C031C4T3, STM32C031C4T6, STM32C031C4U3, STM32C031C4U6, STM32C031C6T3, STM32C031C6T6, STM32C031C6U3, STM32C031C6U6, STM32C031F4P3, STM32C031F4P6, STM32C031F6P3, STM32C031F6P6, STM32C031G4U3, STM32C031G4U6, STM32C031G6U3, STM32C031G6U6, STM32C031K4T3, STM32C031K4T6, STM32C031K4U3, STM32C031K4U6, STM32C031K6T3, STM32C031K6T6, STM32C031K6U3, STM32C031K6U6, STM32C051C6T6, STM32C051C6U6, STM32C051C8T6, STM32C051C8U6, STM32C051D8Y6TR, STM32C051F6P6, STM32C051F8P6, STM32C051G6U6, STM32C051G8U6, STM32C051K6T6, STM32C051K6U6, STM32C051K8T6, STM32C071C8T6, STM32C071C8T6N, STM32C071C8U6, STM32C071C8U6N, STM32C071CBT6, STM32C071CBT6N, STM32C071CBU6, STM32C071CBU6N, STM32C071F8P6, STM32C071F8P6N, STM32C071FBP6, STM32C071FBP6N, STM32C071FBY6TR, STM32C071G8U6, STM32C071G8U6N, STM32C071GBU6, STM32C071GBU6N, STM32C071K8T6, STM32C071K8T6N, STM32C071K8U6, STM32C071K8U6N, STM32C071KBT6, STM32C071KBT6N, STM32C071KBU6, STM32C071KBU6N, STM32C071R8T6, STM32C071R8T6N, STM32C071RBI6N, STM32C071RBT6, STM32C071RBT6N, STM32C091CBT6, STM32C091CBU6, STM32C091CCT6, STM32C091CCU6, STM32C091ECY6TR, STM32C091FBP6, STM32C091FCP6, STM32C091GBU6, STM32C091GCU6, STM32C091KBT6, STM32C091KBU6, STM32C091KCT6, STM32C091KCU6, STM32C091RBT6, STM32C091RCI6, STM32C091RCT6, STM32C092CBT6, STM32C092CBU6, STM32C092CCT6, STM32C092CCU6, STM32C092ECY6TR, STM32C092FBP6, STM32C092FCP6, STM32C092GBU6, STM32C092GCU6, STM32C092KBT6, STM32C092KBU6, STM32C092KCT6, STM32C092KCU6, STM32C092RBT6, STM32C092RCI6, STM32C092RCT6, STM32G071K8TXN, STM32G071K8UXN, STM32G081GBU6N, STM32G081KBT6N, STM32G081KBUXN, STM32G0B1CCT6N, STM32G0B1KCT6, STM32G0B1NEY6TR, STM32G0B1RCT6N, STM32G0C1CCT6, STM32G0C1CCT6N, STM32G0C1CCU6N, STM32G0C1CET6N, STM32G0C1CEU6N, STM32G0C1KCT6, STM32G0C1NEY6TR, STM32G0C1RCI6N, STM32G0C1RCT6N, STM32G0C1REI6N, STM32G0C1RET6N, STM32G0C1VCI6, STM32G0C1VEI6, STM32G411C6T3, STM32G411C6T6, STM32G411C6U3, STM32G411C6U6, STM32G411C8T3, STM32G411C8T6, STM32G411C8U3, STM32G411C8U6, STM32G411CBT3, STM32G411CBT6, STM32G411CBU3, STM32G411CBU6, STM32G411K6T3, STM32G411K6T6, STM32G411K6U3, STM32G411K6U6, STM32G411K8T3, STM32G411K8T6, STM32G411K8U3, STM32G411K8U6, STM32G411KBT3, STM32G411KBT6, STM32G411KBU3, STM32G411KBU6, STM32G411M6T3, STM32G411M6T6, STM32G411M8T3, STM32G411M8T6, STM32G411MBT3, STM32G411MBT6, STM32G411R6T3, STM32G411R6T6, STM32G411R8T3, STM32G411R8T6, STM32G411RBT3, STM32G411RBT6, STM32G414CBT3, STM32G414CBT6, STM32G414CBU3, STM32G414CBU6, STM32G414CCT3, STM32G414CCT6, STM32G414CCU3, STM32G414CCU6, STM32G414MBT3, STM32G414MBT6, STM32G414MCT3, STM32G414MCT6, STM32G414RBT3, STM32G414RBT6, STM32G414RCT3, STM32G414RCT6, STM32G414VBT3, STM32G414VBT6, STM32G414VCT3, STM32G414VCT6, STM32G431CBT3Z, STM32G431RBT3Z, STM32G471CCT6, STM32G471CCU6, STM32G471CET3, STM32G471CET6, STM32G471CEU3, STM32G471CEU6, STM32G471MCT6, STM32G471MET3, STM32G471MET6, STM32G471MEY6TR, STM32G471QCT6, STM32G471QET3, STM32G471RCT6, STM32G471RET3, STM32G471RET6, STM32G471VCH6, STM32G471VCI6, STM32G471VCT6, STM32G471VEH3, STM32G471VEH6, STM32G471VEI3, STM32G471VEI6, STM32G471VET3, STM32G471VET6, STM32G473QET3Z, STM32G473RET3Z, STM32G474CCT6, STM32G491RET3Z, STM32H503CBT6, STM32H503CBU6, STM32H503EBY6TR, STM32H503KBU6, STM32H503RBT6, STM32H523CCT6, STM32H523CCU6, STM32H523CET6, STM32H523CEU6, STM32H523HEY6TR, STM32H523RCT6, STM32H523RET6, STM32H523VCI6, STM32H523VCT6, STM32H523VEI6, STM32H523VET6, STM32H523ZCJ6, STM32H523ZCT6, STM32H523ZEJ6, STM32H523ZET6, STM32H533CET6, STM32H533CEU6, STM32H533HEY6TR, STM32H533RET6, STM32H533VEI6, STM32H533VET6, STM32H533ZEJ6, STM32H533ZET6, STM32H562AGI6, STM32H562AII6, STM32H562IGK6, STM32H562IGT6, STM32H562IIK6, STM32H562IIT6, STM32H562RGT6, STM32H562RGV6, STM32H562RIT6, STM32H562RIV6, STM32H562VGT6, STM32H562VIT6, STM32H562ZGT6, STM32H562ZIT6, STM32H563AGI6, STM32H563AII3Q, STM32H563AII6, STM32H563IGK6, STM32H563IGT6, STM32H563IIK3Q, STM32H563IIK6, STM32H563IIT3Q, STM32H563IIT6, STM32H563MIY3QTR, STM32H563RGT6, STM32H563RGV6, STM32H563RIT6, STM32H563RIV6, STM32H563VGT6, STM32H563VIT3Q, STM32H563VIT6, STM32H563ZGT6, STM32H563ZIT3Q, STM32H563ZIT6, STM32H573AII3Q, STM32H573AII6, STM32H573I-DK, STM32H573IIK3Q, STM32H573IIK6, STM32H573IIT3Q, STM32H573IIT6, STM32H573MIY3QTR, STM32H573RIT6, STM32H573RIV6, STM32H573VIT3Q, STM32H573VIT6, STM32H573ZIT3Q, STM32H573ZIT6, STM32H7R3A8I6, STM32H7R3I8K6, STM32H7R3I8T6, STM32H7R3L8H6, STM32H7R3L8H6H, STM32H7R3R8V6, STM32H7R3V8H6, STM32H7R3V8T6, STM32H7R3V8Y6TR, STM32H7R3Z8J6, STM32H7R3Z8T6, STM32H7R7A8I6, STM32H7R7I8K6, STM32H7R7I8T6, STM32H7R7L8H6, STM32H7R7L8H6H, STM32H7R7Z8J6, STM32H7S3A8I6, STM32H7S3I8K6, STM32H7S3I8T6, STM32H7S3L8H6, STM32H7S3L8H6H, STM32H7S3R8V6, STM32H7S3V8H6, STM32H7S3V8T6, STM32H7S3V8Y6TR, STM32H7S3Z8J6, STM32H7S3Z8T6, STM32H7S78-DK, STM32H7S7A8I6, STM32H7S7I8K6, STM32H7S7I8T6, STM32H7S7L8H6, STM32H7S7L8H6H, STM32H7S7Z8J6, STM32L4R5QGI6STR, STM32MP131AAE3, STM32MP131AAF3, STM32MP131AAG3, STM32MP131CAE3, STM32MP131CAF3, STM32MP131CAG3, STM32MP131DAE7, STM32MP131DAF7, STM32MP131DAG7, STM32MP131FAE7, STM32MP131FAF7, STM32MP131FAG7, STM32MP133AAE3, STM32MP133AAF3, STM32MP133AAG3, STM32MP133CAE3, STM32MP133CAF3, STM32MP133CAG3, STM32MP133DAE7, STM32MP133DAF7, STM32MP133DAG7, STM32MP133FAE7, STM32MP133FAF7, STM32MP133FAG7, STM32MP135AAE3, STM32MP135AAF3, STM32MP135AAG3, STM32MP135CAE3, STM32MP135CAF3, STM32MP135CAG3, STM32MP135DAE7, STM32MP135DAF7, STM32MP135DAG7, STM32MP135F-DK, STM32MP135FAE7, STM32MP135FAF7, STM32MP135FAF7T, STM32MP135FAF7U, STM32MP135FAG7, STM32MP211AAL3, STM32MP211AAM3, STM32MP211AAN3, STM32MP211AAO3, STM32MP211CAL3, STM32MP211CAM3, STM32MP211CAN3, STM32MP211CAO3, STM32MP211DAL3, STM32MP211DAM3, STM32MP211DAN3, STM32MP211DAO3, STM32MP211FAL3, STM32MP211FAM3, STM32MP211FAN3, STM32MP211FAO3, STM32MP213AAL3, STM32MP213AAM3, STM32MP213AAN3, STM32MP213AAO3, STM32MP213CAL3, STM32MP213CAM3, STM32MP213CAN3, STM32MP213CAO3, STM32MP213DAL3, STM32MP213DAM3, STM32MP213DAN3, STM32MP213DAO3, STM32MP213FAL3, STM32MP213FAM3, STM32MP213FAN3, STM32MP213FAO3, STM32MP215AAL3, STM32MP215AAM3, STM32MP215AAN3, STM32MP215AAO3, STM32MP215CAL3, STM32MP215CAM3, STM32MP215CAN3, STM32MP215CAO3, STM32MP215DAL3, STM32MP215DAM3, STM32MP215DAN3, STM32MP215DAO3, STM32MP215F-DK, STM32MP215FAL3, STM32MP215FAM3, STM32MP215FAN3, STM32MP215FAO3, STM32MP231AAJ3, STM32MP231AAK3, STM32MP231AAL3, STM32MP231CAJ3, STM32MP231CAK3, STM32MP231CAL3, STM32MP231DAJ3, STM32MP231DAK3, STM32MP231DAL3, STM32MP231FAJ3, STM32MP231FAK3, STM32MP231FAL3, STM32MP233AAJ3, STM32MP233AAK3, STM32MP233AAL3, STM32MP233CAJ3, STM32MP233CAK3, STM32MP233CAL3, STM32MP233DAJ3, STM32MP233DAK3, STM32MP233DAL3, STM32MP233FAJ3, STM32MP233FAK3, STM32MP233FAL3, STM32MP235AAJ3, STM32MP235AAK3, STM32MP235AAL3, STM32MP235CAJ3, STM32MP235CAK3, STM32MP235CAL3, STM32MP235DAJ3, STM32MP235DAK3, STM32MP235DAL3, STM32MP235FAJ3, STM32MP235FAK3, STM32MP235FAL3, STM32MP251AAI3, STM32MP251AAK3, STM32MP251AAL3, STM32MP251CAI3, STM32MP251CAK3, STM32MP251CAL3, STM32MP251DAI3, STM32MP251DAK3, STM32MP251DAL3, STM32MP251FAI3, STM32MP251FAK3, STM32MP251FAL3, STM32MP253AAI3, STM32MP253AAK3, STM32MP253AAL3, STM32MP253CAI3, STM32MP253CAK3, STM32MP253CAL3, STM32MP253DAI3, STM32MP253DAK3, STM32MP253DAL3, STM32MP253FAI3, STM32MP253FAK3, STM32MP253FAL3, STM32MP255AAI3, STM32MP255AAK3, STM32MP255AAL3, STM32MP255CAI3, STM32MP255CAK3, STM32MP255CAL3, STM32MP255DAI3, STM32MP255DAK3, STM32MP255DAL3, STM32MP255FAI3, STM32MP255FAK3, STM32MP255FAL3, STM32MP257AAI3, STM32MP257AAK3, STM32MP257AAL3, STM32MP257CAI3, STM32MP257CAK3, STM32MP257CAL3, STM32MP257DAI3, STM32MP257DAK3, STM32MP257DAL3, STM32MP257F-DK, STM32MP257F-EV1, STM32MP257FAI3, STM32MP257FAK3, STM32MP257FAL3, STM32N645A0H3Q, STM32N645B0H3Q, STM32N645I0H3Q, STM32N645L0H3Q, STM32N645X0H3Q, STM32N645Z0H3Q, STM32N647A0H3Q, STM32N647B0H3Q, STM32N647I0H3Q, STM32N647L0H3Q, STM32N647X0H3Q, STM32N647Z0H3Q, STM32N655A0H3Q, STM32N655B0H3Q, STM32N655I0H3Q, STM32N655L0H3Q, STM32N655X0H3Q, STM32N655Z0H3Q, STM32N6570-DK, STM32N657A0H3Q, STM32N657B0H3Q, STM32N657I0H3Q, STM32N657L0H3Q, STM32N657X0H3Q, STM32N657Z0H3Q, STM32U031C6T6, STM32U031C6U6, STM32U031C8T6, STM32U031C8U6, STM32U031F4P6, STM32U031F6P6, STM32U031F8P6, STM32U031G6Y6TR, STM32U031G8Y6TR, STM32U031K4U6, STM32U031K6U6, STM32U031K8U6, STM32U031R6I6, STM32U031R6T6, STM32U031R8I6, STM32U031R8T6, STM32U073C8T6, STM32U073C8U6, STM32U073CBT6, STM32U073CBU6, STM32U073CCT6, STM32U073CCU6, STM32U073H8Y6TR, STM32U073HBY6TR, STM32U073HCY6TR, STM32U073K8U6, STM32U073KBU6, STM32U073KCU6, STM32U073M8I6, STM32U073M8T6, STM32U073MBI6, STM32U073MBT6, STM32U073MCI6, STM32U073MCT6, STM32U073R8I6, STM32U073R8T6, STM32U073RBI6, STM32U073RBT6, STM32U073RCI6, STM32U073RCT6, STM32U083C-DK, STM32U083CCT6, STM32U083CCU6, STM32U083HCY6TR, STM32U083KCU6, STM32U083MCI6, STM32U083MCT6, STM32U083RCI6, STM32U083RCT6, STM32U375CET6, STM32U375CET6Q, STM32U375CEU6, STM32U375CEU6Q, STM32U375CEY6QTR, STM32U375CGT6, STM32U375CGT6Q, STM32U375CGU6, STM32U375CGU6Q, STM32U375CGY6QTR, STM32U375KEU6, STM32U375KGU6, STM32U375REI6, STM32U375REI6Q, STM32U375RET6, STM32U375RET6Q, STM32U375REY6GTR, STM32U375REY6QTR, STM32U375RGI6, STM32U375RGI6Q, STM32U375RGT6, STM32U375RGT6Q, STM32U375RGY6GTR, STM32U375RGY6QTR, STM32U375VEI6, STM32U375VEI6Q, STM32U375VET6, STM32U375VET6Q, STM32U375VGI6, STM32U375VGI6Q, STM32U375VGT6, STM32U375VGT6Q, STM32U385CGT6, STM32U385CGT6Q, STM32U385CGU6, STM32U385CGU6Q, STM32U385CGY6QTR, STM32U385KGU6, STM32U385RGI6, STM32U385RGI6Q, STM32U385RGT6, STM32U385RGT6Q, STM32U385RGY6GTR, STM32U385RGY6QTR, STM32U385VGI6, STM32U385VGI6Q, STM32U385VGT6, STM32U385VGT6Q, STM32U535CBT6, STM32U535CBT6Q, STM32U535CBU6, STM32U535CBU6Q, STM32U535CCT6, STM32U535CCT6Q, STM32U535CCU6, STM32U535CCU6Q, STM32U535CET6, STM32U535CET6Q, STM32U535CEU6, STM32U535CEU6Q, STM32U535JEY6QTR, STM32U535NCY6QTR, STM32U535NEY6QTR, STM32U535RBI6, STM32U535RBI6Q, STM32U535RBT6, STM32U535RBT6Q, STM32U535RCI6, STM32U535RCI6Q, STM32U535RCT6, STM32U535RCT6Q, STM32U535REI6, STM32U535REI6Q, STM32U535RET6, STM32U535RET6Q, STM32U535VCI6, STM32U535VCI6Q, STM32U535VCT6, STM32U535VCT6Q, STM32U535VEI6, STM32U535VEI6Q, STM32U535VET6, STM32U535VET6Q, STM32U545CET6, STM32U545CET6Q, STM32U545CEU6, STM32U545CEU6Q, STM32U545JEY6QTR, STM32U545NEY6QTR, STM32U545REI6, STM32U545REI6Q, STM32U545RET6, STM32U545RET6Q, STM32U545VEI6, STM32U545VEI6Q, STM32U545VET6, STM32U545VET6Q, STM32U595AIH6, STM32U595AIH6Q, STM32U595AJH6, STM32U595AJH6Q, STM32U595QII6, STM32U595QII6Q, STM32U595QJI6, STM32U595QJI6Q, STM32U595RIT6, STM32U595RIT6Q, STM32U595RJT6, STM32U595RJT6Q, STM32U595VIT6, STM32U595VIT6Q, STM32U595VJT6, STM32U595VJT6Q, STM32U595ZIT6, STM32U595ZIT6Q, STM32U595ZIY6QTR, STM32U595ZJT6, STM32U595ZJT6Q, STM32U595ZJY6QTR, STM32U599BJY6QTR, STM32U599NIH6Q, STM32U599NJH6Q, STM32U599VIT6Q, STM32U599VJT6, STM32U599VJT6Q, STM32U599ZIT6Q, STM32U599ZIY6QTR, STM32U599ZJT6Q, STM32U599ZJY6QTR, STM32U5A5AJH6, STM32U5A5AJH6Q, STM32U5A5QII3Q , STM32U5A5QJI6, STM32U5A5QJI6Q, STM32U5A5RJT6, STM32U5A5RJT6Q, STM32U5A5VJT6, STM32U5A5VJT6Q, STM32U5A5ZJT6, STM32U5A5ZJT6Q, STM32U5A5ZJY6QTR, STM32U5A9BJY6QTR, STM32U5A9J-DK, STM32U5A9NJH6Q, STM32U5A9VJT6Q, STM32U5A9ZJT6Q, STM32U5A9ZJY6QTR, STM32U5F7VIT6, STM32U5F7VIT6Q, STM32U5F7VJT6, STM32U5F7VJT6Q, STM32U5F9BJY6QTR, STM32U5F9NJH6Q, STM32U5F9VIT6Q, STM32U5F9VJT6Q, STM32U5F9ZIJ6QTR, STM32U5F9ZIT6Q, STM32U5F9ZJJ6QTR, STM32U5F9ZJT6Q, STM32U5G7VJT6, STM32U5G7VJT6Q, STM32U5G9BJY6QTR, STM32U5G9J-DK1, STM32U5G9J-DK2, STM32U5G9NJH6Q, STM32U5G9VJT6Q, STM32U5G9ZJJ6QTR, STM32U5G9ZJT6Q, STM32WB05KZV6TR, STM32WB05KZV7TR, STM32WB05TZF6TR, STM32WB05TZF7TR, STM32WB06CCF6TR, STM32WB06CCF7TR, STM32WB06CCV6TR, STM32WB06CCV7TR, STM32WB06KCV6TR, STM32WB06KCV7TR, STM32WB07CCF6TR, STM32WB07CCF7TR, STM32WB07CCV6TR, STM32WB07CCV7TR, STM32WB07KCV6TR, STM32WB07KCV7TR, STM32WB09KEV6TR, STM32WB09KEV7TR, STM32WB09TEF6TR, STM32WB09TEF7TR, STM32WB1MMCH6, STM32WBA50KGU6, STM32WBA50KGU6TR, STM32WBA52CEU6, STM32WBA52CEU6TR, STM32WBA52CEU7, STM32WBA52CEU7TR, STM32WBA52CGU6, STM32WBA52CGU6TR, STM32WBA52CGU6U, STM32WBA52CGU7, STM32WBA52CGU7TR, STM32WBA52KEU6, STM32WBA52KEU6TR, STM32WBA52KGU6, STM32WBA52KGU6TR, STM32WBA54CEU6, STM32WBA54CEU6TR, STM32WBA54CEU7, STM32WBA54CEU7TR, STM32WBA54CGU6, STM32WBA54CGU6TR, STM32WBA54CGU7, STM32WBA54CGU7TR, STM32WBA54KEU6, STM32WBA54KEU6TR, STM32WBA54KEU7, STM32WBA54KEU7TR, STM32WBA54KGU6, STM32WBA54KGU6TR, STM32WBA54KGU7, STM32WBA54KGU7TR, STM32WBA55CEU6, STM32WBA55CEU6TR, STM32WBA55CEU7, STM32WBA55CEU7TR, STM32WBA55CGU6, STM32WBA55CGU6TR, STM32WBA55CGU6U, STM32WBA55CGU7, STM32WBA55CGU7TR, STM32WBA55G-DK1, STM32WBA55HEF6, STM32WBA55HEF7, STM32WBA55HGF6, STM32WBA55HGF7, STM32WBA55UEI6, STM32WBA55UEI6TR, STM32WBA55UEI7, STM32WBA55UEI7TR, STM32WBA55UGI6, STM32WBA55UGI6TR, STM32WBA55UGI7, STM32WBA55UGI7TR, STM32WBA5MMGH6TR, STM32WBA62MGF6, STM32WBA62MIF6, STM32WBA65MGF7, STM32WBA65MIF6, STM32WBA65MIF7, STM32WL30K8V6, STM32WL30KBV6, STM32WL31C8V6, STM32WL31CBV6, STM32WL31K8V6, STM32WL31KBV6, STM32WL33C8V6, STM32WL33C8V6X, STM32WL33CBV6, STM32WL33CBV6X, STM32WL33CCV6, STM32WL33CCV6A, STM32WL33CCV6X, STM32WL33K8V7, STM32WL33K8V7X, STM32WL33KBV7 , STM32WL33KBV7X, STM32WL33KCV7, STM32WL33KCV7X, STM32WL5MOCH6, STM32WL5MOCH6TR]
2025-07-29 13:23:56,759 [INFO] DbMcus:218 - Found 4801 MCUs, 4801 are supported
2025-07-29 13:23:56,760 [INFO] ApiDb:423 - Load user favorites file C:\Users\guan-ming.dennis-won/.stm32cubeide/favorites.mcus.txt: 0 item(s)
2025-07-29 13:23:56,760 [INFO] ApiDb:427 - User favorites MCUs=[]
2025-07-29 13:23:56,760 [INFO] DbMcus:224 - Set 0 / 0 favorites MCUs
2025-07-29 13:23:57,193 [INFO] ApiDb:423 - Load user favorites file C:\Users\guan-ming.dennis-won/.stm32cubeide/favorites.boards.txt: 0 item(s)
2025-07-29 13:23:57,193 [INFO] ApiDb:427 - User favorites Boards=[]
2025-07-29 13:23:57,193 [INFO] DbBoards:198 - Set 0 / 0 favorites Boards
2025-07-29 13:23:57,236 [INFO] UtilMem:75 - End LoadConfig() Used Memory: 445933008 Bytes (565182464)
2025-07-29 13:23:57,363 [WARN] ThirdParty:833 - waiting for thirdparty lock release [change project]
2025-07-29 13:23:57,363 [INFO] ThirdParty:835 - entering critical section [change project]
2025-07-29 13:23:57,363 [INFO] ThirdParty:1030 - CMSIS Pack Vendor :STMicroelectronics X-CUBE-PM33A1 1.0.0
2025-07-29 13:23:57,363 [INFO] ThirdParty:1030 - CMSIS Pack Vendor :STMicroelectronics USBPD 4.1
2025-07-29 13:23:57,363 [INFO] ThirdParty:1030 - CMSIS Pack Vendor :STMicroelectronics USB_HOST 2.0.0
2025-07-29 13:23:57,363 [INFO] ThirdParty:1030 - CMSIS Pack Vendor :STMicroelectronics FP-SNS-MOTENVWB1 1.4.0
2025-07-29 13:23:57,363 [INFO] ThirdParty:1030 - CMSIS Pack Vendor :STMicroelectronics X-CUBE-AZRTOS-F4 1.1.0
2025-07-29 13:23:57,363 [INFO] ThirdParty:1030 - CMSIS Pack Vendor :STMicroelectronics LIBJPEG 8.0.0
2025-07-29 13:23:57,363 [INFO] ThirdParty:1030 - CMSIS Pack Vendor :STMicroelectronics FP-ATR-ASTRA1 2.0.2
2025-07-29 13:23:57,363 [INFO] ThirdParty:1030 - CMSIS Pack Vendor :STMicroelectronics FP-ATR-ASTRA1 2.0.1
2025-07-29 13:23:57,363 [INFO] ThirdParty:1030 - CMSIS Pack Vendor :Avnet-IotConnect X-CUBE-IoTC-DA16k-PMOD 1.0.0
2025-07-29 13:23:57,363 [INFO] ThirdParty:1030 - CMSIS Pack Vendor :STMicroelectronics X-CUBE-SMBUS 2.1.0
2025-07-29 13:23:57,364 [INFO] ThirdParty:1030 - CMSIS Pack Vendor :STMicroelectronics X-CUBE-WB05N 1.1.0
2025-07-29 13:23:57,364 [INFO] ThirdParty:1030 - CMSIS Pack Vendor :STMicroelectronics X-CUBE-ISPU 2.1.0
2025-07-29 13:23:57,364 [INFO] ThirdParty:1030 - CMSIS Pack Vendor :STMicroelectronics X-CUBE-ST60 1.0.0
2025-07-29 13:23:57,364 [INFO] ThirdParty:1030 - CMSIS Pack Vendor :STMicroelectronics X-CUBE-NFC12 1.0.0
2025-07-29 13:23:57,364 [INFO] ThirdParty:1030 - CMSIS Pack Vendor :STMicroelectronics X-CUBE-AZRTOS-F7 1.1.0
2025-07-29 13:23:57,364 [INFO] ThirdParty:1030 - CMSIS Pack Vendor :STMicroelectronics X-CUBE-AZRTOS-L5 2.0.0
2025-07-29 13:23:57,364 [INFO] ThirdParty:1030 - CMSIS Pack Vendor :STMicroelectronics USB_DEVICE 2.0.0
2025-07-29 13:23:57,364 [INFO] ThirdParty:1030 - CMSIS Pack Vendor :STMicroelectronics X-CUBE-NFC6 3.1.0
2025-07-29 13:23:57,364 [INFO] ThirdParty:1030 - CMSIS Pack Vendor :STMicroelectronics FreeRTOS 0.0.1
2025-07-29 13:23:57,364 [INFO] ThirdParty:1030 - CMSIS Pack Vendor :STMicroelectronics X-CUBE-DPower 1.2.0
2025-07-29 13:23:57,364 [INFO] ThirdParty:1030 - CMSIS Pack Vendor :STMicroelectronics FP-SNS-FLIGHT1 5.0.2
2025-07-29 13:23:57,364 [INFO] ThirdParty:1030 - CMSIS Pack Vendor :Infineon AIROC-Wi-Fi-Bluetooth-STM32 1.7.0
2025-07-29 13:23:57,364 [INFO] ThirdParty:1030 - CMSIS Pack Vendor :STMicroelectronics X-CUBE-AI 9.0.0
2025-07-29 13:23:57,364 [INFO] ThirdParty:1030 - CMSIS Pack Vendor :STMicroelectronics PDM2PCM 3.3.0
2025-07-29 13:23:57,364 [INFO] ThirdParty:1030 - CMSIS Pack Vendor :STMicroelectronics X-CUBE-AZRTOS-H7 3.4.0
2025-07-29 13:23:57,364 [INFO] ThirdParty:1030 - CMSIS Pack Vendor :STMicroelectronics X-CUBE-DISPLAY 3.0.0
2025-07-29 13:23:57,364 [INFO] ThirdParty:1030 - CMSIS Pack Vendor :STMicroelectronics X-CUBE-BLE1 7.0.0
2025-07-29 13:23:57,364 [INFO] ThirdParty:1030 - CMSIS Pack Vendor :STMicroelectronics X-CUBE-NFC10 1.0.0
2025-07-29 13:23:57,364 [INFO] ThirdParty:1030 - CMSIS Pack Vendor :STMicroelectronics X-CUBE-BLEMGR 4.0.0
2025-07-29 13:23:57,364 [INFO] ThirdParty:1030 - CMSIS Pack Vendor :STMicroelectronics X-CUBE-FREERTOS 1.3.1
2025-07-29 13:23:57,364 [INFO] ThirdParty:1030 - CMSIS Pack Vendor :STMicroelectronics HAL Drivers 0.0.0
2025-07-29 13:23:57,364 [INFO] ThirdParty:1030 - CMSIS Pack Vendor :emotas I-CUBE-CANOPEN 1.3.0
2025-07-29 13:23:57,364 [INFO] ThirdParty:1030 - CMSIS Pack Vendor :STMicroelectronics X-CUBE-FREERTOS 1.3.0
2025-07-29 13:23:57,364 [INFO] ThirdParty:1030 - CMSIS Pack Vendor :STMicroelectronics X-CUBE-NFC7 1.0.1
2025-07-29 13:23:57,365 [INFO] ThirdParty:1030 - CMSIS Pack Vendor :STMicroelectronics MBEDTLS 2.14.1
2025-07-29 13:23:57,365 [INFO] ThirdParty:1030 - CMSIS Pack Vendor :STMicroelectronics X-CUBE-AI 10.0.0
2025-07-29 13:23:57,365 [INFO] ThirdParty:1030 - CMSIS Pack Vendor :STMicroelectronics FP-SNS-STAIOTCFT 1.0.0
2025-07-29 13:23:57,365 [INFO] ThirdParty:1030 - CMSIS Pack Vendor :STMicroelectronics FP-SNS-SMARTAG2 1.2.0
2025-07-29 13:23:57,365 [INFO] ThirdParty:1030 - CMSIS Pack Vendor :STMicroelectronics FP-SNS-FLIGHT1 5.1.0
2025-07-29 13:23:57,365 [INFO] ThirdParty:1030 - CMSIS Pack Vendor :STMicroelectronics X-CUBE-MEMS1 11.1.0
2025-07-29 13:23:57,365 [INFO] ThirdParty:1030 - CMSIS Pack Vendor :STMicroelectronics X-CUBE-AZRTOS-WL 2.0.0
2025-07-29 13:23:57,365 [INFO] ThirdParty:1030 - CMSIS Pack Vendor :STMicroelectronics X-CUBE-DPower 1.3.0
2025-07-29 13:23:57,365 [INFO] ThirdParty:1030 - CMSIS Pack Vendor :STMicroelectronics FP-SNS-MOTENV1 5.0.0
2025-07-29 13:23:57,365 [INFO] ThirdParty:1030 - CMSIS Pack Vendor :STMicroelectronics USB_DEVICE 1.0.0
2025-07-29 13:23:57,365 [INFO] ThirdParty:1030 - CMSIS Pack Vendor :wolfSSL I-CUBE-wolfMQTT 1.19.0
2025-07-29 13:23:57,365 [INFO] ThirdParty:1030 - CMSIS Pack Vendor :STMicroelectronics X-CUBE-AZRTOS-L4 2.0.0
2025-07-29 13:23:57,365 [INFO] ThirdParty:1030 - CMSIS Pack Vendor :STMicroelectronics ThreadX 0.0.2
2025-07-29 13:23:57,365 [INFO] ThirdParty:1030 - CMSIS Pack Vendor :WES I-CUBE-Cesium 1.3.0
2025-07-29 13:23:57,365 [INFO] ThirdParty:1030 - CMSIS Pack Vendor :STMicroelectronics lwIP 2.1.2
2025-07-29 13:23:57,365 [INFO] ThirdParty:1030 - CMSIS Pack Vendor :STMicroelectronics X-CUBE-SFXS2LP1 4.0.0
2025-07-29 13:23:57,365 [INFO] ThirdParty:1030 - CMSIS Pack Vendor :STMicroelectronics X-CUBE-BLE2 3.3.0
2025-07-29 13:23:57,365 [INFO] ThirdParty:1030 - CMSIS Pack Vendor :STMicroelectronics PDM2PCM 3.2.0
2025-07-29 13:23:57,365 [INFO] ThirdParty:1030 - CMSIS Pack Vendor :STMicroelectronics X-CUBE-AZRTOS-H7 3.3.0
2025-07-29 13:23:57,365 [INFO] ThirdParty:1030 - CMSIS Pack Vendor :STMicroelectronics X-CUBE-NFC9 1.0.0
2025-07-29 13:23:57,365 [INFO] ThirdParty:1030 - CMSIS Pack Vendor :STMicroelectronics X-CUBE-BLE1 7.1.0
2025-07-29 13:23:57,365 [INFO] ThirdParty:1030 - CMSIS Pack Vendor :STMicroelectronics USB_DEVICE 3.0.0
2025-07-29 13:23:57,366 [INFO] ThirdParty:1030 - CMSIS Pack Vendor :STMicroelectronics X-CUBE-EEPRMA1 5.2.0
2025-07-29 13:23:57,366 [INFO] ThirdParty:1030 - CMSIS Pack Vendor :STMicroelectronics X-CUBE-BLEMGR 4.1.0
2025-07-29 13:23:57,366 [INFO] ThirdParty:1030 - CMSIS Pack Vendor :STMicroelectronics X-CUBE-AZRTOS-WB 2.0.0
2025-07-29 13:23:57,366 [INFO] ThirdParty:1030 - CMSIS Pack Vendor :STMicroelectronics X-CUBE-GNSS1 7.0.1
2025-07-29 13:23:57,366 [INFO] ThirdParty:1030 - CMSIS Pack Vendor :STMicroelectronics X-CUBE-TOUCHGFX 4.25.0
2025-07-29 13:23:57,366 [INFO] ThirdParty:1030 - CMSIS Pack Vendor :STMicroelectronics X-CUBE-AI 10.1.0
2025-07-29 13:23:57,366 [INFO] ThirdParty:1030 - CMSIS Pack Vendor :STMicroelectronics FP-SNS-STBOX1 2.0.0
2025-07-29 13:23:57,366 [INFO] ThirdParty:1030 - CMSIS Pack Vendor :STMicroelectronics X-CUBE-MEMS1 11.2.0
2025-07-29 13:23:57,366 [INFO] ThirdParty:1030 - CMSIS Pack Vendor :STMicroelectronics X-CUBE-AZRTOS-G0 1.1.0
2025-07-29 13:23:57,366 [INFO] ThirdParty:1030 - CMSIS Pack Vendor :STMicroelectronics X-CUBE-SAFEA1 1.2.2
2025-07-29 13:23:57,366 [INFO] ThirdParty:1030 - CMSIS Pack Vendor :STMicroelectronics X-CUBE-NFC4 3.0.0
2025-07-29 13:23:57,366 [INFO] ThirdParty:1030 - CMSIS Pack Vendor :STMicroelectronics X-CUBE-SUBG2 5.0.0
2025-07-29 13:23:57,366 [INFO] ThirdParty:1030 - CMSIS Pack Vendor :STMicroelectronics X-CUBE-AZRTOS-H7RS 1.1.0
2025-07-29 13:23:57,366 [INFO] ThirdParty:1030 - CMSIS Pack Vendor :STMicroelectronics STM32_WPAN 1.0.0
2025-07-29 13:23:57,366 [INFO] ThirdParty:1030 - CMSIS Pack Vendor :EmbeddedOffice I-CUBE-FS-RTOS 1.0.1
2025-07-29 13:23:57,366 [INFO] ThirdParty:1030 - CMSIS Pack Vendor :STMicroelectronics lwIP 2.0.3
2025-07-29 13:23:57,366 [INFO] ThirdParty:1030 - CMSIS Pack Vendor :Cesanta I-CUBE-Mongoose 7.13.0
2025-07-29 13:23:57,366 [INFO] ThirdParty:1030 - CMSIS Pack Vendor :STMicroelectronics USB_HOST 1.0.0
2025-07-29 13:23:57,366 [INFO] ThirdParty:1030 - CMSIS Pack Vendor :STMicroelectronics X-CUBE-AZRTOS-G4 2.0.0
2025-07-29 13:23:57,366 [INFO] ThirdParty:1030 - CMSIS Pack Vendor :STMicroelectronics X-CUBE-WB05N 2.0.0
2025-07-29 13:23:57,366 [INFO] ThirdParty:1030 - CMSIS Pack Vendor :STMicroelectronics PDM2PCM 3.1.0
2025-07-29 13:23:57,366 [INFO] ThirdParty:1030 - CMSIS Pack Vendor :STMicroelectronics X-CUBE-NFC7 2.0.0
2025-07-29 13:23:57,366 [INFO] ThirdParty:1030 - CMSIS Pack Vendor :STMicroelectronics X-CUBE-TCPP 4.2.0
2025-07-29 13:23:57,366 [INFO] ThirdParty:1030 - CMSIS Pack Vendor :RealThread X-CUBE-RT-Thread_Nano 4.1.1
2025-07-29 13:23:57,366 [INFO] ThirdParty:1030 - CMSIS Pack Vendor :STMicroelectronics FP-ATR-SIGFOX1 3.2.0
2025-07-29 13:23:57,366 [INFO] ThirdParty:1030 - CMSIS Pack Vendor :quantropi X-CUBE-qispace-sdk-base 1.9.3
2025-07-29 13:23:57,366 [INFO] ThirdParty:1030 - CMSIS Pack Vendor :STMicroelectronics X-CUBE-EEPRMA1 5.1.0
2025-07-29 13:23:57,367 [INFO] ThirdParty:1030 - CMSIS Pack Vendor :STMicroelectronics MBEDTLS 2.16.2
2025-07-29 13:23:57,367 [INFO] ThirdParty:1030 - CMSIS Pack Vendor :STMicroelectronics X-CUBE-IPS 3.1.0
2025-07-29 13:23:57,367 [INFO] ThirdParty:1030 - CMSIS Pack Vendor :STMicroelectronics X-CUBE-ALS 1.0.2
2025-07-29 13:23:57,367 [INFO] ThirdParty:1030 - CMSIS Pack Vendor :wolfSSL I-CUBE-wolfSSL 5.7.4
2025-07-29 13:23:57,367 [INFO] ThirdParty:1030 - CMSIS Pack Vendor :ITTIA_DB I-CUBE-ITTIADB 8.9.0
2025-07-29 13:23:57,367 [INFO] ThirdParty:1030 - CMSIS Pack Vendor :STMicroelectronics X-CUBE-TOUCHGFX 4.24.2
2025-07-29 13:23:57,367 [INFO] ThirdParty:1030 - CMSIS Pack Vendor :wolfSSL I-CUBE-wolfTPM 3.4.0
2025-07-29 13:23:57,367 [INFO] ThirdParty:1030 - CMSIS Pack Vendor :portGmbH I-Cube-SoM-uGOAL 1.1.0
2025-07-29 13:23:57,367 [INFO] ThirdParty:1030 - CMSIS Pack Vendor :STMicroelectronics X-CUBE-ST67W61 1.0.0
2025-07-29 13:23:57,367 [INFO] ThirdParty:1030 - CMSIS Pack Vendor :STMicroelectronics ThreadX 1.0.0
2025-07-29 13:23:57,367 [INFO] ThirdParty:1030 - CMSIS Pack Vendor :SEGGER I-CUBE-embOS 1.3.1
2025-07-29 13:23:57,367 [INFO] ThirdParty:1030 - CMSIS Pack Vendor :STMicroelectronics X-CUBE-ALGOBUILD 1.4.0
2025-07-29 13:23:57,367 [INFO] ThirdParty:1030 - CMSIS Pack Vendor :STMicroelectronics X-CUBE-MEMS1 11.3.0
2025-07-29 13:23:57,367 [INFO] ThirdParty:1030 - CMSIS Pack Vendor :STMicroelectronics X-CUBE-AZRTOS-H7RS 1.0.0
2025-07-29 13:23:57,367 [INFO] ThirdParty:1030 - CMSIS Pack Vendor :STMicroelectronics X-CUBE-TOF1 3.4.2
2025-07-29 13:23:57,367 [INFO] ThirdParty:1030 - CMSIS Pack Vendor :STMicroelectronics X-CUBE-TOF1 3.4.3
2025-07-29 13:23:57,367 [INFO] ThirdParty:1030 - CMSIS Pack Vendor :STMicroelectronics X-CUBE-AI 9.1.0
2025-07-29 13:23:57,367 [INFO] ThirdParty:1030 - CMSIS Pack Vendor :wolfSSL I-CUBE-wolfSSH 1.4.17
2025-07-29 13:23:57,367 [INFO] ThirdParty:841 - exiting critical section [change project]
2025-07-29 13:23:58,291 [INFO] PinOutPanel:1589 - setPackage(No Configuration,No Configuration)
2025-07-29 13:23:58,292 [INFO] PinOutPanel:1589 - setPackage(STM32H743ZITx,LQFP144)
2025-07-29 13:23:59,249 [INFO] UtilMem:75 - Before build in PCC Used Memory: 283030536 Bytes (565182464)
2025-07-29 13:24:00,131 [INFO] UtilMem:75 - After build in PCC Used Memory: 385264648 Bytes (565182464)
2025-07-29 13:24:00,200 [INFO] IPUIPlugin:80 - create IPUIPlugin
2025-07-29 13:24:00,200 [INFO] IPUIPlugin:80 - create IPUIPlugin
2025-07-29 13:24:00,200 [INFO] IPUIPlugin:80 - create IPUIPlugin
2025-07-29 13:24:00,200 [INFO] IPUIPlugin:80 - create IPUIPlugin
2025-07-29 13:24:00,200 [INFO] IPUIPlugin:80 - create IPUIPlugin
2025-07-29 13:24:00,200 [INFO] IPUIPlugin:80 - create IPUIPlugin
2025-07-29 13:24:00,200 [INFO] IPUIPlugin:80 - create IPUIPlugin
2025-07-29 13:24:00,201 [INFO] IPUIPlugin:80 - create IPUIPlugin
2025-07-29 13:24:00,201 [INFO] IPUIPlugin:80 - create IPUIPlugin
2025-07-29 13:24:00,201 [INFO] IPUIPlugin:80 - create IPUIPlugin
2025-07-29 13:24:00,201 [INFO] IPUIPlugin:80 - create IPUIPlugin
2025-07-29 13:24:00,201 [INFO] IPUIPlugin:80 - create IPUIPlugin
2025-07-29 13:24:00,201 [INFO] IPUIPlugin:80 - create IPUIPlugin
2025-07-29 13:24:00,202 [INFO] IPUIPlugin:80 - create IPUIPlugin
2025-07-29 13:24:00,202 [INFO] IPUIPlugin:80 - create IPUIPlugin
2025-07-29 13:24:00,202 [INFO] IPUIPlugin:80 - create IPUIPlugin
2025-07-29 13:24:00,202 [INFO] IPUIPlugin:80 - create IPUIPlugin
2025-07-29 13:24:00,202 [INFO] IPUIPlugin:80 - create IPUIPlugin
2025-07-29 13:24:00,202 [INFO] IPUIPlugin:80 - create IPUIPlugin
2025-07-29 13:24:00,202 [INFO] IPUIPlugin:80 - create IPUIPlugin
2025-07-29 13:24:00,202 [INFO] IPUIPlugin:80 - create IPUIPlugin
2025-07-29 13:24:00,203 [INFO] IPUIPlugin:80 - create IPUIPlugin
2025-07-29 13:24:00,203 [INFO] IPUIPlugin:80 - create IPUIPlugin
2025-07-29 13:24:00,203 [INFO] IPUIPlugin:80 - create IPUIPlugin
2025-07-29 13:24:00,203 [INFO] IPUIPlugin:80 - create IPUIPlugin
2025-07-29 13:24:00,203 [INFO] IPUIPlugin:80 - create IPUIPlugin
2025-07-29 13:24:00,203 [INFO] IPUIPlugin:80 - create IPUIPlugin
2025-07-29 13:24:00,205 [INFO] IPUIPlugin:80 - create IPUIPlugin
2025-07-29 13:24:00,205 [INFO] IPUIPlugin:80 - create IPUIPlugin
2025-07-29 13:24:00,205 [INFO] IPUIPlugin:80 - create IPUIPlugin
2025-07-29 13:24:00,205 [INFO] IPUIPlugin:80 - create IPUIPlugin
2025-07-29 13:24:00,205 [INFO] IPUIPlugin:80 - create IPUIPlugin
2025-07-29 13:24:00,206 [INFO] IPUIPlugin:80 - create IPUIPlugin
2025-07-29 13:24:00,206 [INFO] IPUIPlugin:80 - create IPUIPlugin
2025-07-29 13:24:00,206 [INFO] IPUIPlugin:80 - create IPUIPlugin
2025-07-29 13:24:00,206 [INFO] IPUIPlugin:80 - create IPUIPlugin
2025-07-29 13:24:00,206 [INFO] IPUIPlugin:80 - create IPUIPlugin
2025-07-29 13:24:00,206 [INFO] IPUIPlugin:80 - create IPUIPlugin
2025-07-29 13:24:00,207 [INFO] IPUIPlugin:80 - create IPUIPlugin
2025-07-29 13:24:00,207 [INFO] IPUIPlugin:80 - create IPUIPlugin
2025-07-29 13:24:00,207 [INFO] IPUIPlugin:80 - create IPUIPlugin
2025-07-29 13:24:00,207 [INFO] IPUIPlugin:80 - create IPUIPlugin
2025-07-29 13:24:00,207 [INFO] IPUIPlugin:80 - create IPUIPlugin
2025-07-29 13:24:00,207 [INFO] IPUIPlugin:80 - create IPUIPlugin
2025-07-29 13:24:00,208 [INFO] IPUIPlugin:80 - create IPUIPlugin
2025-07-29 13:24:00,208 [INFO] IPUIPlugin:80 - create IPUIPlugin
2025-07-29 13:24:00,208 [INFO] IPUIPlugin:80 - create IPUIPlugin
2025-07-29 13:24:00,208 [INFO] IPUIPlugin:80 - create IPUIPlugin
2025-07-29 13:24:00,209 [INFO] IPUIPlugin:80 - create IPUIPlugin
2025-07-29 13:24:00,209 [INFO] IPUIPlugin:80 - create IPUIPlugin
2025-07-29 13:24:00,209 [INFO] IPUIPlugin:80 - create IPUIPlugin
2025-07-29 13:24:00,210 [INFO] IPUIPlugin:80 - create IPUIPlugin
2025-07-29 13:24:00,210 [INFO] IPUIPlugin:80 - create IPUIPlugin
2025-07-29 13:24:00,210 [INFO] IPUIPlugin:80 - create IPUIPlugin
2025-07-29 13:24:00,210 [INFO] IPUIPlugin:80 - create IPUIPlugin
2025-07-29 13:24:00,211 [INFO] IPUIPlugin:80 - create IPUIPlugin
2025-07-29 13:24:00,211 [INFO] IPUIPlugin:80 - create IPUIPlugin
2025-07-29 13:24:00,211 [INFO] IPUIPlugin:80 - create IPUIPlugin
2025-07-29 13:24:00,211 [INFO] IPUIPlugin:80 - create IPUIPlugin
2025-07-29 13:24:00,212 [INFO] IPUIPlugin:80 - create IPUIPlugin
2025-07-29 13:24:00,212 [INFO] IPUIPlugin:80 - create IPUIPlugin
2025-07-29 13:24:00,212 [INFO] IPUIPlugin:80 - create IPUIPlugin
2025-07-29 13:24:00,213 [INFO] IPUIPlugin:80 - create IPUIPlugin
2025-07-29 13:24:00,213 [INFO] IPUIPlugin:80 - create IPUIPlugin
2025-07-29 13:24:00,213 [INFO] IPUIPlugin:80 - create IPUIPlugin
2025-07-29 13:24:00,213 [INFO] IPUIPlugin:80 - create IPUIPlugin
2025-07-29 13:24:00,213 [INFO] IPUIPlugin:80 - create IPUIPlugin
2025-07-29 13:24:00,214 [INFO] IPUIPlugin:80 - create IPUIPlugin
2025-07-29 13:24:00,214 [INFO] IPUIPlugin:80 - create IPUIPlugin
2025-07-29 13:24:00,214 [INFO] IPUIPlugin:80 - create IPUIPlugin
2025-07-29 13:24:00,215 [INFO] IPUIPlugin:80 - create IPUIPlugin
2025-07-29 13:24:00,216 [INFO] IPUIPlugin:80 - create IPUIPlugin
2025-07-29 13:24:00,216 [INFO] IPUIPlugin:80 - create IPUIPlugin
2025-07-29 13:24:00,216 [INFO] IPUIPlugin:80 - create IPUIPlugin
2025-07-29 13:24:00,216 [INFO] IPUIPlugin:80 - create IPUIPlugin
2025-07-29 13:24:00,217 [INFO] IPUIPlugin:80 - create IPUIPlugin
2025-07-29 13:24:00,217 [INFO] IPUIPlugin:80 - create IPUIPlugin
2025-07-29 13:24:00,217 [INFO] IPUIPlugin:80 - create IPUIPlugin
2025-07-29 13:24:00,218 [INFO] IPUIPlugin:80 - create IPUIPlugin
2025-07-29 13:24:00,218 [INFO] IPUIPlugin:80 - create IPUIPlugin
2025-07-29 13:24:00,218 [INFO] IPUIPlugin:80 - create IPUIPlugin
2025-07-29 13:24:00,219 [INFO] IPUIPlugin:80 - create IPUIPlugin
2025-07-29 13:24:00,219 [INFO] IPUIPlugin:80 - create IPUIPlugin
2025-07-29 13:24:00,219 [INFO] IPUIPlugin:80 - create IPUIPlugin
2025-07-29 13:24:00,219 [INFO] IPUIPlugin:80 - create IPUIPlugin
2025-07-29 13:24:00,220 [INFO] IPUIPlugin:80 - create IPUIPlugin
2025-07-29 13:24:00,220 [INFO] IPUIPlugin:80 - create IPUIPlugin
2025-07-29 13:24:00,220 [INFO] IPUIPlugin:80 - create IPUIPlugin
2025-07-29 13:24:00,221 [INFO] IPUIPlugin:80 - create IPUIPlugin
2025-07-29 13:24:00,221 [INFO] IPUIPlugin:80 - create IPUIPlugin
2025-07-29 13:24:00,222 [INFO] IPUIPlugin:80 - create IPUIPlugin
2025-07-29 13:24:00,222 [INFO] IPUIPlugin:80 - create IPUIPlugin
2025-07-29 13:24:00,223 [INFO] IPUIPlugin:80 - create IPUIPlugin
2025-07-29 13:24:00,223 [INFO] IPUIPlugin:80 - create IPUIPlugin
2025-07-29 13:24:00,223 [INFO] IPUIPlugin:80 - create IPUIPlugin
2025-07-29 13:24:00,224 [INFO] IPUIPlugin:80 - create IPUIPlugin
2025-07-29 13:24:00,224 [INFO] IPUIPlugin:80 - create IPUIPlugin
2025-07-29 13:24:00,225 [INFO] IPUIPlugin:80 - create IPUIPlugin
2025-07-29 13:24:00,279 [INFO] ApiDbMcu:532 - Load IP Config File for PDM2PCM
2025-07-29 13:24:00,605 [INFO] CADModel:165 - CPN selected for project levelSTM32H743ZIT6
2025-07-29 13:24:00,605 [INFO] CADModel:114 - Register for checkConnection events
2025-07-29 13:24:00,649 [INFO] OpenFileManager:386 - Restore cursor
2025-07-29 13:34:16,862 [INFO] WebApp:194 - Connection lost
2025-07-29 13:34:16,999 [INFO] WebApp:191 - Connection restablished
2025-07-29 13:35:04,863 [INFO] WebApp:194 - Connection lost
2025-07-29 13:35:04,990 [INFO] WebApp:191 - Connection restablished
2025-07-29 13:35:21,561 [INFO] WebApp:194 - Connection lost
2025-07-29 13:35:21,689 [INFO] WebApp:191 - Connection restablished
2025-07-29 13:35:26,346 [INFO] WebApp:194 - Connection lost
2025-07-29 13:35:26,496 [INFO] WebApp:191 - Connection restablished
2025-07-29 13:42:35,650 [ERROR] LogOutputStream:75 - [STDERR_REDIRECT] 
