Analysis & Synthesis report for My_First_NIOS_II
Fri Mar 14 16:40:35 2025
Quartus Prime Version 18.1.0 Build 625 09/12/2018 SJ Lite Edition


---------------------
; Table of Contents ;
---------------------
  1. Legal Notice
  2. Analysis & Synthesis Summary
  3. Analysis & Synthesis Settings
  4. Parallel Compilation
  5. Analysis & Synthesis Source Files Read
  6. Analysis & Synthesis Resource Usage Summary
  7. Analysis & Synthesis Resource Utilization by Entity
  8. Analysis & Synthesis RAM Summary
  9. Analysis & Synthesis IP Cores Summary
 10. State Machine - |My_First_NIOS_II|adc_interface:adc_uut1|presentState
 11. Registers Removed During Synthesis
 12. General Register Statistics
 13. Inverted Register Statistics
 14. Multiplexer Restructuring Statistics (Restructuring Performed)
 15. Source assignments for sld_signaltap:auto_signaltap_0
 16. Parameter Settings for Inferred Entity Instance: sld_signaltap:auto_signaltap_0
 17. Signal Tap Logic Analyzer Settings
 18. Post-Synthesis Netlist Statistics for Top Partition
 19. Elapsed Time Per Partition
 20. Connections to In-System Debugging Instance "auto_signaltap_0"
 21. Analysis & Synthesis Messages
 22. Analysis & Synthesis Suppressed Messages



----------------
; Legal Notice ;
----------------
Copyright (C) 2018  Intel Corporation. All rights reserved.
Your use of Intel Corporation's design tools, logic functions 
and other software and tools, and its AMPP partner logic 
functions, and any output files from any of the foregoing 
(including device programming or simulation files), and any 
associated documentation or information are expressly subject 
to the terms and conditions of the Intel Program License 
Subscription Agreement, the Intel Quartus Prime License Agreement,
the Intel FPGA IP License Agreement, or other applicable license
agreement, including, without limitation, that your use is for
the sole purpose of programming logic devices manufactured by
Intel and sold by Intel or its authorized distributors.  Please
refer to the applicable agreement for further details.



+----------------------------------------------------------------------------------+
; Analysis & Synthesis Summary                                                     ;
+------------------------------------+---------------------------------------------+
; Analysis & Synthesis Status        ; Successful - Fri Mar 14 16:40:35 2025       ;
; Quartus Prime Version              ; 18.1.0 Build 625 09/12/2018 SJ Lite Edition ;
; Revision Name                      ; My_First_NIOS_II                            ;
; Top-level Entity Name              ; My_First_NIOS_II                            ;
; Family                             ; Cyclone 10 LP                               ;
; Total logic elements               ; 677                                         ;
;     Total combinational functions  ; 499                                         ;
;     Dedicated logic registers      ; 476                                         ;
; Total registers                    ; 476                                         ;
; Total pins                         ; 33                                          ;
; Total virtual pins                 ; 0                                           ;
; Total memory bits                  ; 768                                         ;
; Embedded Multiplier 9-bit elements ; 0                                           ;
; Total PLLs                         ; 0                                           ;
+------------------------------------+---------------------------------------------+


+------------------------------------------------------------------------------------------------------------+
; Analysis & Synthesis Settings                                                                              ;
+------------------------------------------------------------------+--------------------+--------------------+
; Option                                                           ; Setting            ; Default Value      ;
+------------------------------------------------------------------+--------------------+--------------------+
; Device                                                           ; 10CL025YU256I7G    ;                    ;
; Top-level entity name                                            ; My_First_NIOS_II   ; My_First_NIOS_II   ;
; Family name                                                      ; Cyclone 10 LP      ; Cyclone V          ;
; Use smart compilation                                            ; Off                ; Off                ;
; Enable parallel Assembler and Timing Analyzer during compilation ; On                 ; On                 ;
; Enable compact report table                                      ; Off                ; Off                ;
; Restructure Multiplexers                                         ; Auto               ; Auto               ;
; Create Debugging Nodes for IP Cores                              ; Off                ; Off                ;
; Preserve fewer node names                                        ; On                 ; On                 ;
; Intel FPGA IP Evaluation Mode                                    ; Enable             ; Enable             ;
; Verilog Version                                                  ; Verilog_2001       ; Verilog_2001       ;
; VHDL Version                                                     ; VHDL_1993          ; VHDL_1993          ;
; State Machine Processing                                         ; Auto               ; Auto               ;
; Safe State Machine                                               ; Off                ; Off                ;
; Extract Verilog State Machines                                   ; On                 ; On                 ;
; Extract VHDL State Machines                                      ; On                 ; On                 ;
; Ignore Verilog initial constructs                                ; Off                ; Off                ;
; Iteration limit for constant Verilog loops                       ; 5000               ; 5000               ;
; Iteration limit for non-constant Verilog loops                   ; 250                ; 250                ;
; Add Pass-Through Logic to Inferred RAMs                          ; On                 ; On                 ;
; Infer RAMs from Raw Logic                                        ; On                 ; On                 ;
; Parallel Synthesis                                               ; On                 ; On                 ;
; DSP Block Balancing                                              ; Auto               ; Auto               ;
; NOT Gate Push-Back                                               ; On                 ; On                 ;
; Power-Up Don't Care                                              ; On                 ; On                 ;
; Remove Redundant Logic Cells                                     ; Off                ; Off                ;
; Remove Duplicate Registers                                       ; On                 ; On                 ;
; Ignore CARRY Buffers                                             ; Off                ; Off                ;
; Ignore CASCADE Buffers                                           ; Off                ; Off                ;
; Ignore GLOBAL Buffers                                            ; Off                ; Off                ;
; Ignore ROW GLOBAL Buffers                                        ; Off                ; Off                ;
; Ignore LCELL Buffers                                             ; Off                ; Off                ;
; Ignore SOFT Buffers                                              ; On                 ; On                 ;
; Limit AHDL Integers to 32 Bits                                   ; Off                ; Off                ;
; Optimization Technique                                           ; Balanced           ; Balanced           ;
; Carry Chain Length                                               ; 70                 ; 70                 ;
; Auto Carry Chains                                                ; On                 ; On                 ;
; Auto Open-Drain Pins                                             ; On                 ; On                 ;
; Perform WYSIWYG Primitive Resynthesis                            ; Off                ; Off                ;
; Auto ROM Replacement                                             ; On                 ; On                 ;
; Auto RAM Replacement                                             ; On                 ; On                 ;
; Auto DSP Block Replacement                                       ; On                 ; On                 ;
; Auto Shift Register Replacement                                  ; Auto               ; Auto               ;
; Allow Shift Register Merging across Hierarchies                  ; Auto               ; Auto               ;
; Auto Clock Enable Replacement                                    ; On                 ; On                 ;
; Strict RAM Replacement                                           ; Off                ; Off                ;
; Allow Synchronous Control Signals                                ; On                 ; On                 ;
; Force Use of Synchronous Clear Signals                           ; Off                ; Off                ;
; Auto RAM Block Balancing                                         ; On                 ; On                 ;
; Auto RAM to Logic Cell Conversion                                ; Off                ; Off                ;
; Auto Resource Sharing                                            ; Off                ; Off                ;
; Allow Any RAM Size For Recognition                               ; Off                ; Off                ;
; Allow Any ROM Size For Recognition                               ; Off                ; Off                ;
; Allow Any Shift Register Size For Recognition                    ; Off                ; Off                ;
; Use LogicLock Constraints during Resource Balancing              ; On                 ; On                 ;
; Ignore translate_off and synthesis_off directives                ; Off                ; Off                ;
; Timing-Driven Synthesis                                          ; On                 ; On                 ;
; Report Parameter Settings                                        ; On                 ; On                 ;
; Report Source Assignments                                        ; On                 ; On                 ;
; Report Connectivity Checks                                       ; On                 ; On                 ;
; Ignore Maximum Fan-Out Assignments                               ; Off                ; Off                ;
; Synchronization Register Chain Length                            ; 2                  ; 2                  ;
; Power Optimization During Synthesis                              ; Normal compilation ; Normal compilation ;
; HDL message level                                                ; Level2             ; Level2             ;
; Suppress Register Optimization Related Messages                  ; Off                ; Off                ;
; Number of Removed Registers Reported in Synthesis Report         ; 5000               ; 5000               ;
; Number of Swept Nodes Reported in Synthesis Report               ; 5000               ; 5000               ;
; Number of Inverted Registers Reported in Synthesis Report        ; 100                ; 100                ;
; Clock MUX Protection                                             ; On                 ; On                 ;
; Auto Gated Clock Conversion                                      ; Off                ; Off                ;
; Block Design Naming                                              ; Auto               ; Auto               ;
; SDC constraint protection                                        ; Off                ; Off                ;
; Synthesis Effort                                                 ; Auto               ; Auto               ;
; Shift Register Replacement - Allow Asynchronous Clear Signal     ; On                 ; On                 ;
; Pre-Mapping Resynthesis Optimization                             ; Off                ; Off                ;
; Analysis & Synthesis Message Level                               ; Medium             ; Medium             ;
; Disable Register Merging Across Hierarchies                      ; Auto               ; Auto               ;
; Resource Aware Inference For Block RAM                           ; On                 ; On                 ;
+------------------------------------------------------------------+--------------------+--------------------+


+------------------------------------------+
; Parallel Compilation                     ;
+----------------------------+-------------+
; Processors                 ; Number      ;
+----------------------------+-------------+
; Number detected on machine ; 8           ;
; Maximum allowed            ; 4           ;
;                            ;             ;
; Average used               ; 1.00        ;
; Maximum used               ; 4           ;
;                            ;             ;
; Usage by Processor         ; % Time Used ;
;     Processor 1            ; 100.0%      ;
;     Processors 2-4         ;   0.0%      ;
+----------------------------+-------------+


+------------------------------------------------------------------------------------------------------------------------------------------------------------------------------------------------------------------------------------------------------------------------------------------------------------------------------------------------------------------------------------------------------+
; Analysis & Synthesis Source Files Read                                                                                                                                                                                                                                                                                                                                                               ;
+----------------------------------------------------------------------------------------------------+-----------------+----------------------------------------------+-------------------------------------------------------------------------------------------------------------------------------------------------------------------------------------------+------------------------------------+
; File Name with User-Entered Path                                                                   ; Used in Netlist ; File Type                                    ; File Name with Absolute Path                                                                                                                                                              ; Library                            ;
+----------------------------------------------------------------------------------------------------+-----------------+----------------------------------------------+-------------------------------------------------------------------------------------------------------------------------------------------------------------------------------------------+------------------------------------+
; My_First_NIOS_II_Platform_Designer/synthesis/submodules/My_First_NIOS_II_Platform_Designer_DEBUG.v ; yes             ; User Verilog HDL File                        ; C:/Users/guan-ming.dennis-won/Documents/Code/Workspace/Workspace/Cyclone_10_LP/NIOS_II/My_First_NIOS_II_Platform_Designer/synthesis/submodules/My_First_NIOS_II_Platform_Designer_DEBUG.v ; My_First_NIOS_II_Platform_Designer ;
; My_First_NIOS_II.v                                                                                 ; yes             ; User Verilog HDL File                        ; C:/Users/guan-ming.dennis-won/Documents/Code/Workspace/Workspace/Cyclone_10_LP/NIOS_II/My_First_NIOS_II.v                                                                                 ;                                    ;
; adc_interface.v                                                                                    ; yes             ; User Verilog HDL File                        ; C:/Users/guan-ming.dennis-won/Documents/Code/Workspace/Workspace/Cyclone_10_LP/NIOS_II/adc_interface.v                                                                                    ;                                    ;
; sld_signaltap.vhd                                                                                  ; yes             ; Megafunction                                 ; c:/intelfpga_lite/18.1/quartus/libraries/megafunctions/sld_signaltap.vhd                                                                                                                  ;                                    ;
; sld_signaltap_impl.vhd                                                                             ; yes             ; Encrypted Megafunction                       ; c:/intelfpga_lite/18.1/quartus/libraries/megafunctions/sld_signaltap_impl.vhd                                                                                                             ;                                    ;
; sld_ela_control.vhd                                                                                ; yes             ; Encrypted Megafunction                       ; c:/intelfpga_lite/18.1/quartus/libraries/megafunctions/sld_ela_control.vhd                                                                                                                ;                                    ;
; lpm_shiftreg.tdf                                                                                   ; yes             ; Megafunction                                 ; c:/intelfpga_lite/18.1/quartus/libraries/megafunctions/lpm_shiftreg.tdf                                                                                                                   ;                                    ;
; lpm_constant.inc                                                                                   ; yes             ; Megafunction                                 ; c:/intelfpga_lite/18.1/quartus/libraries/megafunctions/lpm_constant.inc                                                                                                                   ;                                    ;
; dffeea.inc                                                                                         ; yes             ; Megafunction                                 ; c:/intelfpga_lite/18.1/quartus/libraries/megafunctions/dffeea.inc                                                                                                                         ;                                    ;
; aglobal181.inc                                                                                     ; yes             ; Megafunction                                 ; c:/intelfpga_lite/18.1/quartus/libraries/megafunctions/aglobal181.inc                                                                                                                     ;                                    ;
; sld_mbpmg.vhd                                                                                      ; yes             ; Encrypted Megafunction                       ; c:/intelfpga_lite/18.1/quartus/libraries/megafunctions/sld_mbpmg.vhd                                                                                                                      ;                                    ;
; sld_ela_trigger_flow_mgr.vhd                                                                       ; yes             ; Encrypted Megafunction                       ; c:/intelfpga_lite/18.1/quartus/libraries/megafunctions/sld_ela_trigger_flow_mgr.vhd                                                                                                       ;                                    ;
; sld_buffer_manager.vhd                                                                             ; yes             ; Encrypted Megafunction                       ; c:/intelfpga_lite/18.1/quartus/libraries/megafunctions/sld_buffer_manager.vhd                                                                                                             ;                                    ;
; altsyncram.tdf                                                                                     ; yes             ; Megafunction                                 ; c:/intelfpga_lite/18.1/quartus/libraries/megafunctions/altsyncram.tdf                                                                                                                     ;                                    ;
; stratix_ram_block.inc                                                                              ; yes             ; Megafunction                                 ; c:/intelfpga_lite/18.1/quartus/libraries/megafunctions/stratix_ram_block.inc                                                                                                              ;                                    ;
; lpm_mux.inc                                                                                        ; yes             ; Megafunction                                 ; c:/intelfpga_lite/18.1/quartus/libraries/megafunctions/lpm_mux.inc                                                                                                                        ;                                    ;
; lpm_decode.inc                                                                                     ; yes             ; Megafunction                                 ; c:/intelfpga_lite/18.1/quartus/libraries/megafunctions/lpm_decode.inc                                                                                                                     ;                                    ;
; a_rdenreg.inc                                                                                      ; yes             ; Megafunction                                 ; c:/intelfpga_lite/18.1/quartus/libraries/megafunctions/a_rdenreg.inc                                                                                                                      ;                                    ;
; altrom.inc                                                                                         ; yes             ; Megafunction                                 ; c:/intelfpga_lite/18.1/quartus/libraries/megafunctions/altrom.inc                                                                                                                         ;                                    ;
; altram.inc                                                                                         ; yes             ; Megafunction                                 ; c:/intelfpga_lite/18.1/quartus/libraries/megafunctions/altram.inc                                                                                                                         ;                                    ;
; altdpram.inc                                                                                       ; yes             ; Megafunction                                 ; c:/intelfpga_lite/18.1/quartus/libraries/megafunctions/altdpram.inc                                                                                                                       ;                                    ;
; db/altsyncram_r124.tdf                                                                             ; yes             ; Auto-Generated Megafunction                  ; C:/Users/guan-ming.dennis-won/Documents/Code/Workspace/Workspace/Cyclone_10_LP/NIOS_II/db/altsyncram_r124.tdf                                                                             ;                                    ;
; altdpram.tdf                                                                                       ; yes             ; Megafunction                                 ; c:/intelfpga_lite/18.1/quartus/libraries/megafunctions/altdpram.tdf                                                                                                                       ;                                    ;
; memmodes.inc                                                                                       ; yes             ; Megafunction                                 ; c:/intelfpga_lite/18.1/quartus/libraries/others/maxplus2/memmodes.inc                                                                                                                     ;                                    ;
; a_hdffe.inc                                                                                        ; yes             ; Megafunction                                 ; c:/intelfpga_lite/18.1/quartus/libraries/megafunctions/a_hdffe.inc                                                                                                                        ;                                    ;
; alt_le_rden_reg.inc                                                                                ; yes             ; Megafunction                                 ; c:/intelfpga_lite/18.1/quartus/libraries/megafunctions/alt_le_rden_reg.inc                                                                                                                ;                                    ;
; altsyncram.inc                                                                                     ; yes             ; Megafunction                                 ; c:/intelfpga_lite/18.1/quartus/libraries/megafunctions/altsyncram.inc                                                                                                                     ;                                    ;
; lpm_mux.tdf                                                                                        ; yes             ; Megafunction                                 ; c:/intelfpga_lite/18.1/quartus/libraries/megafunctions/lpm_mux.tdf                                                                                                                        ;                                    ;
; muxlut.inc                                                                                         ; yes             ; Megafunction                                 ; c:/intelfpga_lite/18.1/quartus/libraries/megafunctions/muxlut.inc                                                                                                                         ;                                    ;
; bypassff.inc                                                                                       ; yes             ; Megafunction                                 ; c:/intelfpga_lite/18.1/quartus/libraries/megafunctions/bypassff.inc                                                                                                                       ;                                    ;
; altshift.inc                                                                                       ; yes             ; Megafunction                                 ; c:/intelfpga_lite/18.1/quartus/libraries/megafunctions/altshift.inc                                                                                                                       ;                                    ;
; db/mux_lsc.tdf                                                                                     ; yes             ; Auto-Generated Megafunction                  ; C:/Users/guan-ming.dennis-won/Documents/Code/Workspace/Workspace/Cyclone_10_LP/NIOS_II/db/mux_lsc.tdf                                                                                     ;                                    ;
; lpm_decode.tdf                                                                                     ; yes             ; Megafunction                                 ; c:/intelfpga_lite/18.1/quartus/libraries/megafunctions/lpm_decode.tdf                                                                                                                     ;                                    ;
; declut.inc                                                                                         ; yes             ; Megafunction                                 ; c:/intelfpga_lite/18.1/quartus/libraries/megafunctions/declut.inc                                                                                                                         ;                                    ;
; lpm_compare.inc                                                                                    ; yes             ; Megafunction                                 ; c:/intelfpga_lite/18.1/quartus/libraries/megafunctions/lpm_compare.inc                                                                                                                    ;                                    ;
; db/decode_6vf.tdf                                                                                  ; yes             ; Auto-Generated Megafunction                  ; C:/Users/guan-ming.dennis-won/Documents/Code/Workspace/Workspace/Cyclone_10_LP/NIOS_II/db/decode_6vf.tdf                                                                                  ;                                    ;
; lpm_counter.tdf                                                                                    ; yes             ; Megafunction                                 ; c:/intelfpga_lite/18.1/quartus/libraries/megafunctions/lpm_counter.tdf                                                                                                                    ;                                    ;
; lpm_add_sub.inc                                                                                    ; yes             ; Megafunction                                 ; c:/intelfpga_lite/18.1/quartus/libraries/megafunctions/lpm_add_sub.inc                                                                                                                    ;                                    ;
; cmpconst.inc                                                                                       ; yes             ; Megafunction                                 ; c:/intelfpga_lite/18.1/quartus/libraries/megafunctions/cmpconst.inc                                                                                                                       ;                                    ;
; lpm_counter.inc                                                                                    ; yes             ; Megafunction                                 ; c:/intelfpga_lite/18.1/quartus/libraries/megafunctions/lpm_counter.inc                                                                                                                    ;                                    ;
; alt_counter_stratix.inc                                                                            ; yes             ; Megafunction                                 ; c:/intelfpga_lite/18.1/quartus/libraries/megafunctions/alt_counter_stratix.inc                                                                                                            ;                                    ;
; db/cntr_mei.tdf                                                                                    ; yes             ; Auto-Generated Megafunction                  ; C:/Users/guan-ming.dennis-won/Documents/Code/Workspace/Workspace/Cyclone_10_LP/NIOS_II/db/cntr_mei.tdf                                                                                    ;                                    ;
; db/cmpr_igc.tdf                                                                                    ; yes             ; Auto-Generated Megafunction                  ; C:/Users/guan-ming.dennis-won/Documents/Code/Workspace/Workspace/Cyclone_10_LP/NIOS_II/db/cmpr_igc.tdf                                                                                    ;                                    ;
; db/cntr_b6j.tdf                                                                                    ; yes             ; Auto-Generated Megafunction                  ; C:/Users/guan-ming.dennis-won/Documents/Code/Workspace/Workspace/Cyclone_10_LP/NIOS_II/db/cntr_b6j.tdf                                                                                    ;                                    ;
; db/cntr_7gi.tdf                                                                                    ; yes             ; Auto-Generated Megafunction                  ; C:/Users/guan-ming.dennis-won/Documents/Code/Workspace/Workspace/Cyclone_10_LP/NIOS_II/db/cntr_7gi.tdf                                                                                    ;                                    ;
; db/cmpr_jgc.tdf                                                                                    ; yes             ; Auto-Generated Megafunction                  ; C:/Users/guan-ming.dennis-won/Documents/Code/Workspace/Workspace/Cyclone_10_LP/NIOS_II/db/cmpr_jgc.tdf                                                                                    ;                                    ;
; db/cntr_r2j.tdf                                                                                    ; yes             ; Auto-Generated Megafunction                  ; C:/Users/guan-ming.dennis-won/Documents/Code/Workspace/Workspace/Cyclone_10_LP/NIOS_II/db/cntr_r2j.tdf                                                                                    ;                                    ;
; db/cmpr_ggc.tdf                                                                                    ; yes             ; Auto-Generated Megafunction                  ; C:/Users/guan-ming.dennis-won/Documents/Code/Workspace/Workspace/Cyclone_10_LP/NIOS_II/db/cmpr_ggc.tdf                                                                                    ;                                    ;
; sld_rom_sr.vhd                                                                                     ; yes             ; Encrypted Megafunction                       ; c:/intelfpga_lite/18.1/quartus/libraries/megafunctions/sld_rom_sr.vhd                                                                                                                     ;                                    ;
; sld_jtag_endpoint_adapter.vhd                                                                      ; yes             ; Encrypted Megafunction                       ; c:/intelfpga_lite/18.1/quartus/libraries/megafunctions/sld_jtag_endpoint_adapter.vhd                                                                                                      ;                                    ;
; sld_jtag_endpoint_adapter_impl.sv                                                                  ; yes             ; Encrypted Megafunction                       ; c:/intelfpga_lite/18.1/quartus/libraries/megafunctions/sld_jtag_endpoint_adapter_impl.sv                                                                                                  ;                                    ;
; sld_hub.vhd                                                                                        ; yes             ; Encrypted Megafunction                       ; c:/intelfpga_lite/18.1/quartus/libraries/megafunctions/sld_hub.vhd                                                                                                                        ; altera_sld                         ;
; db/ip/sld4f5a1263/alt_sld_fab.v                                                                    ; yes             ; Encrypted Auto-Found Verilog HDL File        ; C:/Users/guan-ming.dennis-won/Documents/Code/Workspace/Workspace/Cyclone_10_LP/NIOS_II/db/ip/sld4f5a1263/alt_sld_fab.v                                                                    ; alt_sld_fab                        ;
; db/ip/sld4f5a1263/submodules/alt_sld_fab_alt_sld_fab.v                                             ; yes             ; Encrypted Auto-Found Verilog HDL File        ; C:/Users/guan-ming.dennis-won/Documents/Code/Workspace/Workspace/Cyclone_10_LP/NIOS_II/db/ip/sld4f5a1263/submodules/alt_sld_fab_alt_sld_fab.v                                             ; alt_sld_fab                        ;
; db/ip/sld4f5a1263/submodules/alt_sld_fab_alt_sld_fab_ident.sv                                      ; yes             ; Auto-Found SystemVerilog HDL File            ; C:/Users/guan-ming.dennis-won/Documents/Code/Workspace/Workspace/Cyclone_10_LP/NIOS_II/db/ip/sld4f5a1263/submodules/alt_sld_fab_alt_sld_fab_ident.sv                                      ; alt_sld_fab                        ;
; db/ip/sld4f5a1263/submodules/alt_sld_fab_alt_sld_fab_presplit.sv                                   ; yes             ; Encrypted Auto-Found SystemVerilog HDL File  ; C:/Users/guan-ming.dennis-won/Documents/Code/Workspace/Workspace/Cyclone_10_LP/NIOS_II/db/ip/sld4f5a1263/submodules/alt_sld_fab_alt_sld_fab_presplit.sv                                   ; alt_sld_fab                        ;
; db/ip/sld4f5a1263/submodules/alt_sld_fab_alt_sld_fab_sldfabric.vhd                                 ; yes             ; Encrypted Auto-Found VHDL File               ; C:/Users/guan-ming.dennis-won/Documents/Code/Workspace/Workspace/Cyclone_10_LP/NIOS_II/db/ip/sld4f5a1263/submodules/alt_sld_fab_alt_sld_fab_sldfabric.vhd                                 ; alt_sld_fab                        ;
; db/ip/sld4f5a1263/submodules/alt_sld_fab_alt_sld_fab_splitter.sv                                   ; yes             ; Encrypted Auto-Found SystemVerilog HDL File  ; C:/Users/guan-ming.dennis-won/Documents/Code/Workspace/Workspace/Cyclone_10_LP/NIOS_II/db/ip/sld4f5a1263/submodules/alt_sld_fab_alt_sld_fab_splitter.sv                                   ; alt_sld_fab                        ;
; sld_jtag_hub.vhd                                                                                   ; yes             ; Encrypted Megafunction                       ; c:/intelfpga_lite/18.1/quartus/libraries/megafunctions/sld_jtag_hub.vhd                                                                                                                   ;                                    ;
+----------------------------------------------------------------------------------------------------+-----------------+----------------------------------------------+-------------------------------------------------------------------------------------------------------------------------------------------------------------------------------------------+------------------------------------+


+------------------------------------------------------------------------+
; Analysis & Synthesis Resource Usage Summary                            ;
+---------------------------------------------+--------------------------+
; Resource                                    ; Usage                    ;
+---------------------------------------------+--------------------------+
; Estimated Total logic elements              ; 677                      ;
;                                             ;                          ;
; Total combinational functions               ; 499                      ;
; Logic element usage by number of LUT inputs ;                          ;
;     -- 4 input functions                    ; 204                      ;
;     -- 3 input functions                    ; 139                      ;
;     -- <=2 input functions                  ; 156                      ;
;                                             ;                          ;
; Logic elements by mode                      ;                          ;
;     -- normal mode                          ; 406                      ;
;     -- arithmetic mode                      ; 93                       ;
;                                             ;                          ;
; Total registers                             ; 476                      ;
;     -- Dedicated logic registers            ; 476                      ;
;     -- I/O registers                        ; 0                        ;
;                                             ;                          ;
; I/O pins                                    ; 33                       ;
; Total memory bits                           ; 768                      ;
;                                             ;                          ;
; Embedded Multiplier 9-bit elements          ; 0                        ;
;                                             ;                          ;
; Maximum fan-out node                        ; altera_internal_jtag~TDO ;
; Maximum fan-out                             ; 315                      ;
; Total fan-out                               ; 3244                     ;
; Average fan-out                             ; 3.07                     ;
+---------------------------------------------+--------------------------+


+--------------------------------------------------------------------------------------------------------------------------------------------------------------------------------------------------------------------------------------------------------------------------------------------------------------------------------------------------------------------------------------------------------------------------------------------------------------------------------------------------------------------------------------------------------------------------------------------------------------------------------------------------------------------------------------+
; Analysis & Synthesis Resource Utilization by Entity                                                                                                                                                                                                                                                                                                                                                                                                                                                                                                                                                                                                                                  ;
+-----------------------------------------------------------------------------------------------------------------------------------------+---------------------+---------------------------+-------------+--------------+---------+-----------+------+--------------+--------------------------------------------------------------------------------------------------------------------------------------------------------------------------------------------------------------------------------------------------------------------------------------------------------------------------------------------------------------+-----------------------------------+--------------+
; Compilation Hierarchy Node                                                                                                              ; Combinational ALUTs ; Dedicated Logic Registers ; Memory Bits ; DSP Elements ; DSP 9x9 ; DSP 18x18 ; Pins ; Virtual Pins ; Full Hierarchy Name                                                                                                                                                                                                                                                                                                                                          ; Entity Name                       ; Library Name ;
+-----------------------------------------------------------------------------------------------------------------------------------------+---------------------+---------------------------+-------------+--------------+---------+-----------+------+--------------+--------------------------------------------------------------------------------------------------------------------------------------------------------------------------------------------------------------------------------------------------------------------------------------------------------------------------------------------------------------+-----------------------------------+--------------+
; |My_First_NIOS_II                                                                                                                       ; 499 (0)             ; 476 (0)                   ; 768         ; 0            ; 0       ; 0         ; 33   ; 0            ; |My_First_NIOS_II                                                                                                                                                                                                                                                                                                                                            ; My_First_NIOS_II                  ; work         ;
;    |adc_interface:adc_uut1|                                                                                                             ; 65 (65)             ; 43 (43)                   ; 0           ; 0            ; 0       ; 0         ; 0    ; 0            ; |My_First_NIOS_II|adc_interface:adc_uut1                                                                                                                                                                                                                                                                                                                     ; adc_interface                     ; work         ;
;    |sld_hub:auto_hub|                                                                                                                   ; 126 (1)             ; 91 (0)                    ; 0           ; 0            ; 0       ; 0         ; 0    ; 0            ; |My_First_NIOS_II|sld_hub:auto_hub                                                                                                                                                                                                                                                                                                                           ; sld_hub                           ; altera_sld   ;
;       |alt_sld_fab_with_jtag_input:\instrumentation_fabric_with_node_gen:fabric_gen_new_way:with_jtag_input_gen:instrumentation_fabric| ; 125 (0)             ; 91 (0)                    ; 0           ; 0            ; 0       ; 0         ; 0    ; 0            ; |My_First_NIOS_II|sld_hub:auto_hub|alt_sld_fab_with_jtag_input:\instrumentation_fabric_with_node_gen:fabric_gen_new_way:with_jtag_input_gen:instrumentation_fabric                                                                                                                                                                                           ; alt_sld_fab_with_jtag_input       ; altera_sld   ;
;          |alt_sld_fab:instrumentation_fabric|                                                                                           ; 125 (0)             ; 91 (0)                    ; 0           ; 0            ; 0       ; 0         ; 0    ; 0            ; |My_First_NIOS_II|sld_hub:auto_hub|alt_sld_fab_with_jtag_input:\instrumentation_fabric_with_node_gen:fabric_gen_new_way:with_jtag_input_gen:instrumentation_fabric|alt_sld_fab:instrumentation_fabric                                                                                                                                                        ; alt_sld_fab                       ; alt_sld_fab  ;
;             |alt_sld_fab_alt_sld_fab:alt_sld_fab|                                                                                       ; 125 (1)             ; 91 (5)                    ; 0           ; 0            ; 0       ; 0         ; 0    ; 0            ; |My_First_NIOS_II|sld_hub:auto_hub|alt_sld_fab_with_jtag_input:\instrumentation_fabric_with_node_gen:fabric_gen_new_way:with_jtag_input_gen:instrumentation_fabric|alt_sld_fab:instrumentation_fabric|alt_sld_fab_alt_sld_fab:alt_sld_fab                                                                                                                    ; alt_sld_fab_alt_sld_fab           ; alt_sld_fab  ;
;                |alt_sld_fab_alt_sld_fab_sldfabric:sldfabric|                                                                            ; 124 (0)             ; 86 (0)                    ; 0           ; 0            ; 0       ; 0         ; 0    ; 0            ; |My_First_NIOS_II|sld_hub:auto_hub|alt_sld_fab_with_jtag_input:\instrumentation_fabric_with_node_gen:fabric_gen_new_way:with_jtag_input_gen:instrumentation_fabric|alt_sld_fab:instrumentation_fabric|alt_sld_fab_alt_sld_fab:alt_sld_fab|alt_sld_fab_alt_sld_fab_sldfabric:sldfabric                                                                        ; alt_sld_fab_alt_sld_fab_sldfabric ; alt_sld_fab  ;
;                   |sld_jtag_hub:\jtag_hub_gen:real_sld_jtag_hub|                                                                        ; 124 (85)            ; 86 (58)                   ; 0           ; 0            ; 0       ; 0         ; 0    ; 0            ; |My_First_NIOS_II|sld_hub:auto_hub|alt_sld_fab_with_jtag_input:\instrumentation_fabric_with_node_gen:fabric_gen_new_way:with_jtag_input_gen:instrumentation_fabric|alt_sld_fab:instrumentation_fabric|alt_sld_fab_alt_sld_fab:alt_sld_fab|alt_sld_fab_alt_sld_fab_sldfabric:sldfabric|sld_jtag_hub:\jtag_hub_gen:real_sld_jtag_hub                           ; sld_jtag_hub                      ; work         ;
;                      |sld_rom_sr:hub_info_reg|                                                                                          ; 21 (21)             ; 9 (9)                     ; 0           ; 0            ; 0       ; 0         ; 0    ; 0            ; |My_First_NIOS_II|sld_hub:auto_hub|alt_sld_fab_with_jtag_input:\instrumentation_fabric_with_node_gen:fabric_gen_new_way:with_jtag_input_gen:instrumentation_fabric|alt_sld_fab:instrumentation_fabric|alt_sld_fab_alt_sld_fab:alt_sld_fab|alt_sld_fab_alt_sld_fab_sldfabric:sldfabric|sld_jtag_hub:\jtag_hub_gen:real_sld_jtag_hub|sld_rom_sr:hub_info_reg   ; sld_rom_sr                        ; work         ;
;                      |sld_shadow_jsm:shadow_jsm|                                                                                        ; 18 (18)             ; 19 (19)                   ; 0           ; 0            ; 0       ; 0         ; 0    ; 0            ; |My_First_NIOS_II|sld_hub:auto_hub|alt_sld_fab_with_jtag_input:\instrumentation_fabric_with_node_gen:fabric_gen_new_way:with_jtag_input_gen:instrumentation_fabric|alt_sld_fab:instrumentation_fabric|alt_sld_fab_alt_sld_fab:alt_sld_fab|alt_sld_fab_alt_sld_fab_sldfabric:sldfabric|sld_jtag_hub:\jtag_hub_gen:real_sld_jtag_hub|sld_shadow_jsm:shadow_jsm ; sld_shadow_jsm                    ; altera_sld   ;
;    |sld_signaltap:auto_signaltap_0|                                                                                                     ; 308 (2)             ; 342 (12)                  ; 768         ; 0            ; 0       ; 0         ; 0    ; 0            ; |My_First_NIOS_II|sld_signaltap:auto_signaltap_0                                                                                                                                                                                                                                                                                                             ; sld_signaltap                     ; work         ;
;       |sld_signaltap_impl:sld_signaltap_body|                                                                                           ; 306 (0)             ; 330 (0)                   ; 768         ; 0            ; 0       ; 0         ; 0    ; 0            ; |My_First_NIOS_II|sld_signaltap:auto_signaltap_0|sld_signaltap_impl:sld_signaltap_body                                                                                                                                                                                                                                                                       ; sld_signaltap_impl                ; work         ;
;          |sld_signaltap_implb:sld_signaltap_body|                                                                                       ; 306 (88)            ; 330 (98)                  ; 768         ; 0            ; 0       ; 0         ; 0    ; 0            ; |My_First_NIOS_II|sld_signaltap:auto_signaltap_0|sld_signaltap_impl:sld_signaltap_body|sld_signaltap_implb:sld_signaltap_body                                                                                                                                                                                                                                ; sld_signaltap_implb               ; work         ;
;             |altdpram:\stp_non_zero_ram_gen:attribute_mem_gen:attribute_mem|                                                            ; 17 (0)              ; 46 (46)                   ; 0           ; 0            ; 0       ; 0         ; 0    ; 0            ; |My_First_NIOS_II|sld_signaltap:auto_signaltap_0|sld_signaltap_impl:sld_signaltap_body|sld_signaltap_implb:sld_signaltap_body|altdpram:\stp_non_zero_ram_gen:attribute_mem_gen:attribute_mem                                                                                                                                                                 ; altdpram                          ; work         ;
;                |lpm_decode:wdecoder|                                                                                                    ; 2 (0)               ; 0 (0)                     ; 0           ; 0            ; 0       ; 0         ; 0    ; 0            ; |My_First_NIOS_II|sld_signaltap:auto_signaltap_0|sld_signaltap_impl:sld_signaltap_body|sld_signaltap_implb:sld_signaltap_body|altdpram:\stp_non_zero_ram_gen:attribute_mem_gen:attribute_mem|lpm_decode:wdecoder                                                                                                                                             ; lpm_decode                        ; work         ;
;                   |decode_6vf:auto_generated|                                                                                           ; 2 (2)               ; 0 (0)                     ; 0           ; 0            ; 0       ; 0         ; 0    ; 0            ; |My_First_NIOS_II|sld_signaltap:auto_signaltap_0|sld_signaltap_impl:sld_signaltap_body|sld_signaltap_implb:sld_signaltap_body|altdpram:\stp_non_zero_ram_gen:attribute_mem_gen:attribute_mem|lpm_decode:wdecoder|decode_6vf:auto_generated                                                                                                                   ; decode_6vf                        ; work         ;
;                |lpm_mux:mux|                                                                                                            ; 15 (0)              ; 0 (0)                     ; 0           ; 0            ; 0       ; 0         ; 0    ; 0            ; |My_First_NIOS_II|sld_signaltap:auto_signaltap_0|sld_signaltap_impl:sld_signaltap_body|sld_signaltap_implb:sld_signaltap_body|altdpram:\stp_non_zero_ram_gen:attribute_mem_gen:attribute_mem|lpm_mux:mux                                                                                                                                                     ; lpm_mux                           ; work         ;
;                   |mux_lsc:auto_generated|                                                                                              ; 15 (15)             ; 0 (0)                     ; 0           ; 0            ; 0       ; 0         ; 0    ; 0            ; |My_First_NIOS_II|sld_signaltap:auto_signaltap_0|sld_signaltap_impl:sld_signaltap_body|sld_signaltap_implb:sld_signaltap_body|altdpram:\stp_non_zero_ram_gen:attribute_mem_gen:attribute_mem|lpm_mux:mux|mux_lsc:auto_generated                                                                                                                              ; mux_lsc                           ; work         ;
;             |altsyncram:\stp_non_zero_ram_gen:stp_buffer_ram|                                                                           ; 0 (0)               ; 0 (0)                     ; 768         ; 0            ; 0       ; 0         ; 0    ; 0            ; |My_First_NIOS_II|sld_signaltap:auto_signaltap_0|sld_signaltap_impl:sld_signaltap_body|sld_signaltap_implb:sld_signaltap_body|altsyncram:\stp_non_zero_ram_gen:stp_buffer_ram                                                                                                                                                                                ; altsyncram                        ; work         ;
;                |altsyncram_r124:auto_generated|                                                                                         ; 0 (0)               ; 0 (0)                     ; 768         ; 0            ; 0       ; 0         ; 0    ; 0            ; |My_First_NIOS_II|sld_signaltap:auto_signaltap_0|sld_signaltap_impl:sld_signaltap_body|sld_signaltap_implb:sld_signaltap_body|altsyncram:\stp_non_zero_ram_gen:stp_buffer_ram|altsyncram_r124:auto_generated                                                                                                                                                 ; altsyncram_r124                   ; work         ;
;             |lpm_shiftreg:segment_offset_config_deserialize|                                                                            ; 0 (0)               ; 7 (7)                     ; 0           ; 0            ; 0       ; 0         ; 0    ; 0            ; |My_First_NIOS_II|sld_signaltap:auto_signaltap_0|sld_signaltap_impl:sld_signaltap_body|sld_signaltap_implb:sld_signaltap_body|lpm_shiftreg:segment_offset_config_deserialize                                                                                                                                                                                 ; lpm_shiftreg                      ; work         ;
;             |lpm_shiftreg:status_register|                                                                                              ; 17 (17)             ; 17 (17)                   ; 0           ; 0            ; 0       ; 0         ; 0    ; 0            ; |My_First_NIOS_II|sld_signaltap:auto_signaltap_0|sld_signaltap_impl:sld_signaltap_body|sld_signaltap_implb:sld_signaltap_body|lpm_shiftreg:status_register                                                                                                                                                                                                   ; lpm_shiftreg                      ; work         ;
;             |serial_crc_16:\tdo_crc_gen:tdo_crc_calc|                                                                                   ; 14 (14)             ; 13 (13)                   ; 0           ; 0            ; 0       ; 0         ; 0    ; 0            ; |My_First_NIOS_II|sld_signaltap:auto_signaltap_0|sld_signaltap_impl:sld_signaltap_body|sld_signaltap_implb:sld_signaltap_body|serial_crc_16:\tdo_crc_gen:tdo_crc_calc                                                                                                                                                                                        ; serial_crc_16                     ; work         ;
;             |sld_buffer_manager:sld_buffer_manager_inst|                                                                                ; 59 (59)             ; 44 (44)                   ; 0           ; 0            ; 0       ; 0         ; 0    ; 0            ; |My_First_NIOS_II|sld_signaltap:auto_signaltap_0|sld_signaltap_impl:sld_signaltap_body|sld_signaltap_implb:sld_signaltap_body|sld_buffer_manager:sld_buffer_manager_inst                                                                                                                                                                                     ; sld_buffer_manager                ; work         ;
;             |sld_ela_control:ela_control|                                                                                               ; 16 (1)              ; 46 (1)                    ; 0           ; 0            ; 0       ; 0         ; 0    ; 0            ; |My_First_NIOS_II|sld_signaltap:auto_signaltap_0|sld_signaltap_impl:sld_signaltap_body|sld_signaltap_implb:sld_signaltap_body|sld_ela_control:ela_control                                                                                                                                                                                                    ; sld_ela_control                   ; work         ;
;                |lpm_shiftreg:trigger_config_deserialize|                                                                                ; 0 (0)               ; 4 (4)                     ; 0           ; 0            ; 0       ; 0         ; 0    ; 0            ; |My_First_NIOS_II|sld_signaltap:auto_signaltap_0|sld_signaltap_impl:sld_signaltap_body|sld_signaltap_implb:sld_signaltap_body|sld_ela_control:ela_control|lpm_shiftreg:trigger_config_deserialize                                                                                                                                                            ; lpm_shiftreg                      ; work         ;
;                |sld_ela_basic_multi_level_trigger:\basic_multi_level_mbpm_trigger_gen:multi_level_mbpm|                                 ; 12 (0)              ; 30 (0)                    ; 0           ; 0            ; 0       ; 0         ; 0    ; 0            ; |My_First_NIOS_II|sld_signaltap:auto_signaltap_0|sld_signaltap_impl:sld_signaltap_body|sld_signaltap_implb:sld_signaltap_body|sld_ela_control:ela_control|sld_ela_basic_multi_level_trigger:\basic_multi_level_mbpm_trigger_gen:multi_level_mbpm                                                                                                             ; sld_ela_basic_multi_level_trigger ; work         ;
;                   |lpm_shiftreg:trigger_condition_deserialize|                                                                          ; 0 (0)               ; 18 (18)                   ; 0           ; 0            ; 0       ; 0         ; 0    ; 0            ; |My_First_NIOS_II|sld_signaltap:auto_signaltap_0|sld_signaltap_impl:sld_signaltap_body|sld_signaltap_implb:sld_signaltap_body|sld_ela_control:ela_control|sld_ela_basic_multi_level_trigger:\basic_multi_level_mbpm_trigger_gen:multi_level_mbpm|lpm_shiftreg:trigger_condition_deserialize                                                                  ; lpm_shiftreg                      ; work         ;
;                   |sld_mbpmg:\trigger_modules_gen:0:trigger_match|                                                                      ; 12 (0)              ; 12 (0)                    ; 0           ; 0            ; 0       ; 0         ; 0    ; 0            ; |My_First_NIOS_II|sld_signaltap:auto_signaltap_0|sld_signaltap_impl:sld_signaltap_body|sld_signaltap_implb:sld_signaltap_body|sld_ela_control:ela_control|sld_ela_basic_multi_level_trigger:\basic_multi_level_mbpm_trigger_gen:multi_level_mbpm|sld_mbpmg:\trigger_modules_gen:0:trigger_match                                                              ; sld_mbpmg                         ; work         ;
;                      |sld_sbpmg:\gen_sbpmg_pipeline_less_than_two:sm0:0:sm1|                                                            ; 2 (2)               ; 2 (2)                     ; 0           ; 0            ; 0       ; 0         ; 0    ; 0            ; |My_First_NIOS_II|sld_signaltap:auto_signaltap_0|sld_signaltap_impl:sld_signaltap_body|sld_signaltap_implb:sld_signaltap_body|sld_ela_control:ela_control|sld_ela_basic_multi_level_trigger:\basic_multi_level_mbpm_trigger_gen:multi_level_mbpm|sld_mbpmg:\trigger_modules_gen:0:trigger_match|sld_sbpmg:\gen_sbpmg_pipeline_less_than_two:sm0:0:sm1        ; sld_sbpmg                         ; work         ;
;                      |sld_sbpmg:\gen_sbpmg_pipeline_less_than_two:sm0:1:sm1|                                                            ; 2 (2)               ; 2 (2)                     ; 0           ; 0            ; 0       ; 0         ; 0    ; 0            ; |My_First_NIOS_II|sld_signaltap:auto_signaltap_0|sld_signaltap_impl:sld_signaltap_body|sld_signaltap_implb:sld_signaltap_body|sld_ela_control:ela_control|sld_ela_basic_multi_level_trigger:\basic_multi_level_mbpm_trigger_gen:multi_level_mbpm|sld_mbpmg:\trigger_modules_gen:0:trigger_match|sld_sbpmg:\gen_sbpmg_pipeline_less_than_two:sm0:1:sm1        ; sld_sbpmg                         ; work         ;
;                      |sld_sbpmg:\gen_sbpmg_pipeline_less_than_two:sm0:2:sm1|                                                            ; 2 (2)               ; 2 (2)                     ; 0           ; 0            ; 0       ; 0         ; 0    ; 0            ; |My_First_NIOS_II|sld_signaltap:auto_signaltap_0|sld_signaltap_impl:sld_signaltap_body|sld_signaltap_implb:sld_signaltap_body|sld_ela_control:ela_control|sld_ela_basic_multi_level_trigger:\basic_multi_level_mbpm_trigger_gen:multi_level_mbpm|sld_mbpmg:\trigger_modules_gen:0:trigger_match|sld_sbpmg:\gen_sbpmg_pipeline_less_than_two:sm0:2:sm1        ; sld_sbpmg                         ; work         ;
;                      |sld_sbpmg:\gen_sbpmg_pipeline_less_than_two:sm0:3:sm1|                                                            ; 2 (2)               ; 2 (2)                     ; 0           ; 0            ; 0       ; 0         ; 0    ; 0            ; |My_First_NIOS_II|sld_signaltap:auto_signaltap_0|sld_signaltap_impl:sld_signaltap_body|sld_signaltap_implb:sld_signaltap_body|sld_ela_control:ela_control|sld_ela_basic_multi_level_trigger:\basic_multi_level_mbpm_trigger_gen:multi_level_mbpm|sld_mbpmg:\trigger_modules_gen:0:trigger_match|sld_sbpmg:\gen_sbpmg_pipeline_less_than_two:sm0:3:sm1        ; sld_sbpmg                         ; work         ;
;                      |sld_sbpmg:\gen_sbpmg_pipeline_less_than_two:sm0:4:sm1|                                                            ; 2 (2)               ; 2 (2)                     ; 0           ; 0            ; 0       ; 0         ; 0    ; 0            ; |My_First_NIOS_II|sld_signaltap:auto_signaltap_0|sld_signaltap_impl:sld_signaltap_body|sld_signaltap_implb:sld_signaltap_body|sld_ela_control:ela_control|sld_ela_basic_multi_level_trigger:\basic_multi_level_mbpm_trigger_gen:multi_level_mbpm|sld_mbpmg:\trigger_modules_gen:0:trigger_match|sld_sbpmg:\gen_sbpmg_pipeline_less_than_two:sm0:4:sm1        ; sld_sbpmg                         ; work         ;
;                      |sld_sbpmg:\gen_sbpmg_pipeline_less_than_two:sm0:5:sm1|                                                            ; 2 (2)               ; 2 (2)                     ; 0           ; 0            ; 0       ; 0         ; 0    ; 0            ; |My_First_NIOS_II|sld_signaltap:auto_signaltap_0|sld_signaltap_impl:sld_signaltap_body|sld_signaltap_implb:sld_signaltap_body|sld_ela_control:ela_control|sld_ela_basic_multi_level_trigger:\basic_multi_level_mbpm_trigger_gen:multi_level_mbpm|sld_mbpmg:\trigger_modules_gen:0:trigger_match|sld_sbpmg:\gen_sbpmg_pipeline_less_than_two:sm0:5:sm1        ; sld_sbpmg                         ; work         ;
;                |sld_ela_trigger_flow_mgr:\builtin:ela_trigger_flow_mgr_entity|                                                          ; 3 (3)               ; 11 (1)                    ; 0           ; 0            ; 0       ; 0         ; 0    ; 0            ; |My_First_NIOS_II|sld_signaltap:auto_signaltap_0|sld_signaltap_impl:sld_signaltap_body|sld_signaltap_implb:sld_signaltap_body|sld_ela_control:ela_control|sld_ela_trigger_flow_mgr:\builtin:ela_trigger_flow_mgr_entity                                                                                                                                      ; sld_ela_trigger_flow_mgr          ; work         ;
;                   |lpm_shiftreg:trigger_config_deserialize|                                                                             ; 0 (0)               ; 10 (10)                   ; 0           ; 0            ; 0       ; 0         ; 0    ; 0            ; |My_First_NIOS_II|sld_signaltap:auto_signaltap_0|sld_signaltap_impl:sld_signaltap_body|sld_signaltap_implb:sld_signaltap_body|sld_ela_control:ela_control|sld_ela_trigger_flow_mgr:\builtin:ela_trigger_flow_mgr_entity|lpm_shiftreg:trigger_config_deserialize                                                                                              ; lpm_shiftreg                      ; work         ;
;             |sld_offload_buffer_mgr:\stp_non_zero_depth_offload_gen:stp_offload_buff_mgr_inst|                                          ; 65 (8)              ; 51 (0)                    ; 0           ; 0            ; 0       ; 0         ; 0    ; 0            ; |My_First_NIOS_II|sld_signaltap:auto_signaltap_0|sld_signaltap_impl:sld_signaltap_body|sld_signaltap_implb:sld_signaltap_body|sld_offload_buffer_mgr:\stp_non_zero_depth_offload_gen:stp_offload_buff_mgr_inst                                                                                                                                               ; sld_offload_buffer_mgr            ; work         ;
;                |lpm_counter:\adv_point_3_and_more:advance_pointer_counter|                                                              ; 5 (0)               ; 3 (0)                     ; 0           ; 0            ; 0       ; 0         ; 0    ; 0            ; |My_First_NIOS_II|sld_signaltap:auto_signaltap_0|sld_signaltap_impl:sld_signaltap_body|sld_signaltap_implb:sld_signaltap_body|sld_offload_buffer_mgr:\stp_non_zero_depth_offload_gen:stp_offload_buff_mgr_inst|lpm_counter:\adv_point_3_and_more:advance_pointer_counter                                                                                     ; lpm_counter                       ; work         ;
;                   |cntr_mei:auto_generated|                                                                                             ; 5 (5)               ; 3 (3)                     ; 0           ; 0            ; 0       ; 0         ; 0    ; 0            ; |My_First_NIOS_II|sld_signaltap:auto_signaltap_0|sld_signaltap_impl:sld_signaltap_body|sld_signaltap_implb:sld_signaltap_body|sld_offload_buffer_mgr:\stp_non_zero_depth_offload_gen:stp_offload_buff_mgr_inst|lpm_counter:\adv_point_3_and_more:advance_pointer_counter|cntr_mei:auto_generated                                                             ; cntr_mei                          ; work         ;
;                |lpm_counter:read_pointer_counter|                                                                                       ; 7 (0)               ; 7 (0)                     ; 0           ; 0            ; 0       ; 0         ; 0    ; 0            ; |My_First_NIOS_II|sld_signaltap:auto_signaltap_0|sld_signaltap_impl:sld_signaltap_body|sld_signaltap_implb:sld_signaltap_body|sld_offload_buffer_mgr:\stp_non_zero_depth_offload_gen:stp_offload_buff_mgr_inst|lpm_counter:read_pointer_counter                                                                                                              ; lpm_counter                       ; work         ;
;                   |cntr_b6j:auto_generated|                                                                                             ; 7 (7)               ; 7 (7)                     ; 0           ; 0            ; 0       ; 0         ; 0    ; 0            ; |My_First_NIOS_II|sld_signaltap:auto_signaltap_0|sld_signaltap_impl:sld_signaltap_body|sld_signaltap_implb:sld_signaltap_body|sld_offload_buffer_mgr:\stp_non_zero_depth_offload_gen:stp_offload_buff_mgr_inst|lpm_counter:read_pointer_counter|cntr_b6j:auto_generated                                                                                      ; cntr_b6j                          ; work         ;
;                |lpm_counter:status_advance_pointer_counter|                                                                             ; 6 (0)               ; 4 (0)                     ; 0           ; 0            ; 0       ; 0         ; 0    ; 0            ; |My_First_NIOS_II|sld_signaltap:auto_signaltap_0|sld_signaltap_impl:sld_signaltap_body|sld_signaltap_implb:sld_signaltap_body|sld_offload_buffer_mgr:\stp_non_zero_depth_offload_gen:stp_offload_buff_mgr_inst|lpm_counter:status_advance_pointer_counter                                                                                                    ; lpm_counter                       ; work         ;
;                   |cntr_7gi:auto_generated|                                                                                             ; 6 (6)               ; 4 (4)                     ; 0           ; 0            ; 0       ; 0         ; 0    ; 0            ; |My_First_NIOS_II|sld_signaltap:auto_signaltap_0|sld_signaltap_impl:sld_signaltap_body|sld_signaltap_implb:sld_signaltap_body|sld_offload_buffer_mgr:\stp_non_zero_depth_offload_gen:stp_offload_buff_mgr_inst|lpm_counter:status_advance_pointer_counter|cntr_7gi:auto_generated                                                                            ; cntr_7gi                          ; work         ;
;                |lpm_counter:status_read_pointer_counter|                                                                                ; 3 (0)               ; 1 (0)                     ; 0           ; 0            ; 0       ; 0         ; 0    ; 0            ; |My_First_NIOS_II|sld_signaltap:auto_signaltap_0|sld_signaltap_impl:sld_signaltap_body|sld_signaltap_implb:sld_signaltap_body|sld_offload_buffer_mgr:\stp_non_zero_depth_offload_gen:stp_offload_buff_mgr_inst|lpm_counter:status_read_pointer_counter                                                                                                       ; lpm_counter                       ; work         ;
;                   |cntr_r2j:auto_generated|                                                                                             ; 3 (3)               ; 1 (1)                     ; 0           ; 0            ; 0       ; 0         ; 0    ; 0            ; |My_First_NIOS_II|sld_signaltap:auto_signaltap_0|sld_signaltap_impl:sld_signaltap_body|sld_signaltap_implb:sld_signaltap_body|sld_offload_buffer_mgr:\stp_non_zero_depth_offload_gen:stp_offload_buff_mgr_inst|lpm_counter:status_read_pointer_counter|cntr_r2j:auto_generated                                                                               ; cntr_r2j                          ; work         ;
;                |lpm_shiftreg:info_data_shift_out|                                                                                       ; 15 (15)             ; 15 (15)                   ; 0           ; 0            ; 0       ; 0         ; 0    ; 0            ; |My_First_NIOS_II|sld_signaltap:auto_signaltap_0|sld_signaltap_impl:sld_signaltap_body|sld_signaltap_implb:sld_signaltap_body|sld_offload_buffer_mgr:\stp_non_zero_depth_offload_gen:stp_offload_buff_mgr_inst|lpm_shiftreg:info_data_shift_out                                                                                                              ; lpm_shiftreg                      ; work         ;
;                |lpm_shiftreg:ram_data_shift_out|                                                                                        ; 6 (6)               ; 6 (6)                     ; 0           ; 0            ; 0       ; 0         ; 0    ; 0            ; |My_First_NIOS_II|sld_signaltap:auto_signaltap_0|sld_signaltap_impl:sld_signaltap_body|sld_signaltap_implb:sld_signaltap_body|sld_offload_buffer_mgr:\stp_non_zero_depth_offload_gen:stp_offload_buff_mgr_inst|lpm_shiftreg:ram_data_shift_out                                                                                                               ; lpm_shiftreg                      ; work         ;
;                |lpm_shiftreg:status_data_shift_out|                                                                                     ; 15 (15)             ; 15 (15)                   ; 0           ; 0            ; 0       ; 0         ; 0    ; 0            ; |My_First_NIOS_II|sld_signaltap:auto_signaltap_0|sld_signaltap_impl:sld_signaltap_body|sld_signaltap_implb:sld_signaltap_body|sld_offload_buffer_mgr:\stp_non_zero_depth_offload_gen:stp_offload_buff_mgr_inst|lpm_shiftreg:status_data_shift_out                                                                                                            ; lpm_shiftreg                      ; work         ;
;             |sld_rom_sr:crc_rom_sr|                                                                                                     ; 30 (30)             ; 8 (8)                     ; 0           ; 0            ; 0       ; 0         ; 0    ; 0            ; |My_First_NIOS_II|sld_signaltap:auto_signaltap_0|sld_signaltap_impl:sld_signaltap_body|sld_signaltap_implb:sld_signaltap_body|sld_rom_sr:crc_rom_sr                                                                                                                                                                                                          ; sld_rom_sr                        ; work         ;
+-----------------------------------------------------------------------------------------------------------------------------------------+---------------------+---------------------------+-------------+--------------+---------+-----------+------+--------------+--------------------------------------------------------------------------------------------------------------------------------------------------------------------------------------------------------------------------------------------------------------------------------------------------------------------------------------------------------------+-----------------------------------+--------------+
Note: For table entries with two numbers listed, the numbers in parentheses indicate the number of resources of the given type used by the specific entity alone. The numbers listed outside of parentheses indicate the total resources of the given type used by the specific entity and all of its sub-entities in the hierarchy.


+-----------------------------------------------------------------------------------------------------------------------------------------------------------------------------------------------------------------------------------------------------------------------------------------------------------+
; Analysis & Synthesis RAM Summary                                                                                                                                                                                                                                                                          ;
+-------------------------------------------------------------------------------------------------------------------------------------------------------------------------------------------------------+------+------------------+--------------+--------------+--------------+--------------+------+------+
; Name                                                                                                                                                                                                  ; Type ; Mode             ; Port A Depth ; Port A Width ; Port B Depth ; Port B Width ; Size ; MIF  ;
+-------------------------------------------------------------------------------------------------------------------------------------------------------------------------------------------------------+------+------------------+--------------+--------------+--------------+--------------+------+------+
; sld_signaltap:auto_signaltap_0|sld_signaltap_impl:sld_signaltap_body|sld_signaltap_implb:sld_signaltap_body|altsyncram:\stp_non_zero_ram_gen:stp_buffer_ram|altsyncram_r124:auto_generated|ALTSYNCRAM ; AUTO ; Simple Dual Port ; 128          ; 6            ; 128          ; 6            ; 768  ; None ;
+-------------------------------------------------------------------------------------------------------------------------------------------------------------------------------------------------------+------+------------------+--------------+--------------+--------------+--------------+------+------+


+-------------------------------------------------------------------------------------------------------------------------------------------------------------------------------------------------------------------------------------------------------------------------------------------------------------------------------------------------------------------------+
; Analysis & Synthesis IP Cores Summary                                                                                                                                                                                                                                                                                                                                   ;
+--------+--------------+---------+--------------+--------------+---------------------------------------------------------------------------------------------------------------------------------------------------------------------------------------------------------------------------------------------------------------------------------------+-----------------+
; Vendor ; IP Core Name ; Version ; Release Date ; License Type ; Entity Instance                                                                                                                                                                                                                                                                       ; IP Include File ;
+--------+--------------+---------+--------------+--------------+---------------------------------------------------------------------------------------------------------------------------------------------------------------------------------------------------------------------------------------------------------------------------------------+-----------------+
; Altera ; Signal Tap   ; N/A     ; N/A          ; Licensed     ; |My_First_NIOS_II|sld_hub:auto_hub|alt_sld_fab_with_jtag_input:\instrumentation_fabric_with_node_gen:fabric_gen_new_way:with_jtag_input_gen:instrumentation_fabric|alt_sld_fab:instrumentation_fabric                                                                                 ;                 ;
; Altera ; Signal Tap   ; N/A     ; N/A          ; Licensed     ; |My_First_NIOS_II|sld_hub:auto_hub|alt_sld_fab_with_jtag_input:\instrumentation_fabric_with_node_gen:fabric_gen_new_way:with_jtag_input_gen:instrumentation_fabric|alt_sld_fab:instrumentation_fabric|alt_sld_fab_alt_sld_fab:alt_sld_fab                                             ;                 ;
; Altera ; Signal Tap   ; N/A     ; N/A          ; Licensed     ; |My_First_NIOS_II|sld_hub:auto_hub|alt_sld_fab_with_jtag_input:\instrumentation_fabric_with_node_gen:fabric_gen_new_way:with_jtag_input_gen:instrumentation_fabric|alt_sld_fab:instrumentation_fabric|alt_sld_fab_alt_sld_fab:alt_sld_fab|alt_sld_fab_alt_sld_fab_presplit:presplit   ;                 ;
; Altera ; Signal Tap   ; N/A     ; N/A          ; Licensed     ; |My_First_NIOS_II|sld_hub:auto_hub|alt_sld_fab_with_jtag_input:\instrumentation_fabric_with_node_gen:fabric_gen_new_way:with_jtag_input_gen:instrumentation_fabric|alt_sld_fab:instrumentation_fabric|alt_sld_fab_alt_sld_fab:alt_sld_fab|alt_sld_fab_alt_sld_fab_sldfabric:sldfabric ;                 ;
; Altera ; Signal Tap   ; N/A     ; N/A          ; Licensed     ; |My_First_NIOS_II|sld_hub:auto_hub|alt_sld_fab_with_jtag_input:\instrumentation_fabric_with_node_gen:fabric_gen_new_way:with_jtag_input_gen:instrumentation_fabric|alt_sld_fab:instrumentation_fabric|alt_sld_fab_alt_sld_fab:alt_sld_fab|alt_sld_fab_alt_sld_fab_splitter:splitter   ;                 ;
+--------+--------------+---------+--------------+--------------+---------------------------------------------------------------------------------------------------------------------------------------------------------------------------------------------------------------------------------------------------------------------------------------+-----------------+


Encoding Type:  One-Hot
+-----------------------------------------------------------------------------------------------------------------------------------------------------------------------------------------------------------------------------------------------------------------------------------------------+
; State Machine - |My_First_NIOS_II|adc_interface:adc_uut1|presentState                                                                                                                                                                                                                         ;
+-----------------------------------+-----------------------------+----------------------------------+-----------------------------------+-------------------------+---------------------------+----------------------------+-----------------------+--------------------+----------------------+
; Name                              ; presentState.WR_DEASSERT_CS ; presentState.WR_WAIT_DEASSERT_CS ; presentState.WR_WAIT_FALLING_1MHZ ; presentState.WR_PROCESS ; presentState.WR_ASSERT_CS ; presentState.WAIT_FOR_RDWR ; presentState.00000001 ; presentState.RESET ; presentState.DELAY_1 ;
+-----------------------------------+-----------------------------+----------------------------------+-----------------------------------+-------------------------+---------------------------+----------------------------+-----------------------+--------------------+----------------------+
; presentState.RESET                ; 0                           ; 0                                ; 0                                 ; 0                       ; 0                         ; 0                          ; 0                     ; 0                  ; 0                    ;
; presentState.00000001             ; 0                           ; 0                                ; 0                                 ; 0                       ; 0                         ; 0                          ; 1                     ; 1                  ; 0                    ;
; presentState.WAIT_FOR_RDWR        ; 0                           ; 0                                ; 0                                 ; 0                       ; 0                         ; 1                          ; 0                     ; 1                  ; 0                    ;
; presentState.WR_ASSERT_CS         ; 0                           ; 0                                ; 0                                 ; 0                       ; 1                         ; 0                          ; 0                     ; 1                  ; 0                    ;
; presentState.WR_PROCESS           ; 0                           ; 0                                ; 0                                 ; 1                       ; 0                         ; 0                          ; 0                     ; 1                  ; 0                    ;
; presentState.WR_WAIT_FALLING_1MHZ ; 0                           ; 0                                ; 1                                 ; 0                       ; 0                         ; 0                          ; 0                     ; 1                  ; 0                    ;
; presentState.WR_WAIT_DEASSERT_CS  ; 0                           ; 1                                ; 0                                 ; 0                       ; 0                         ; 0                          ; 0                     ; 1                  ; 0                    ;
; presentState.WR_DEASSERT_CS       ; 1                           ; 0                                ; 0                                 ; 0                       ; 0                         ; 0                          ; 0                     ; 1                  ; 0                    ;
; presentState.DELAY_1              ; 0                           ; 0                                ; 0                                 ; 0                       ; 0                         ; 0                          ; 0                     ; 1                  ; 1                    ;
+-----------------------------------+-----------------------------+----------------------------------+-----------------------------------+-------------------------+---------------------------+----------------------------+-----------------------+--------------------+----------------------+


+-------------------------------------------------------------+
; Registers Removed During Synthesis                          ;
+----------------------------------------+--------------------+
; Register name                          ; Reason for Removal ;
+----------------------------------------+--------------------+
; adc_interface:adc_uut1|presentState~4  ; Lost fanout        ;
; adc_interface:adc_uut1|presentState~5  ; Lost fanout        ;
; adc_interface:adc_uut1|presentState~6  ; Lost fanout        ;
; adc_interface:adc_uut1|presentState~8  ; Lost fanout        ;
; adc_interface:adc_uut1|presentState~9  ; Lost fanout        ;
; adc_interface:adc_uut1|presentState~10 ; Lost fanout        ;
; adc_interface:adc_uut1|presentState~11 ; Lost fanout        ;
; Total Number of Removed Registers = 7  ;                    ;
+----------------------------------------+--------------------+


+------------------------------------------------------+
; General Register Statistics                          ;
+----------------------------------------------+-------+
; Statistic                                    ; Value ;
+----------------------------------------------+-------+
; Total registers                              ; 476   ;
; Number of registers using Synchronous Clear  ; 59    ;
; Number of registers using Synchronous Load   ; 61    ;
; Number of registers using Asynchronous Clear ; 162   ;
; Number of registers using Asynchronous Load  ; 0     ;
; Number of registers using Clock Enable       ; 305   ;
; Number of registers using Preset             ; 0     ;
+----------------------------------------------+-------+


+-------------------------------------------------------------------------------------------------------------------------------------------------------------------------------------------------------------------------------------------------------------------------------------------------------------------------------------------+
; Inverted Register Statistics                                                                                                                                                                                                                                                                                                              ;
+---------------------------------------------------------------------------------------------------------------------------------------------------------------------------------------------------------------------------------------------------------------------------------------------------------------------------------+---------+
; Inverted Register                                                                                                                                                                                                                                                                                                               ; Fan out ;
+---------------------------------------------------------------------------------------------------------------------------------------------------------------------------------------------------------------------------------------------------------------------------------------------------------------------------------+---------+
; adc_interface:adc_uut1|ADC_SPI_CS_temp                                                                                                                                                                                                                                                                                          ; 2       ;
; sld_hub:auto_hub|alt_sld_fab_with_jtag_input:\instrumentation_fabric_with_node_gen:fabric_gen_new_way:with_jtag_input_gen:instrumentation_fabric|alt_sld_fab:instrumentation_fabric|alt_sld_fab_alt_sld_fab:alt_sld_fab|alt_sld_fab_alt_sld_fab_sldfabric:sldfabric|sld_jtag_hub:\jtag_hub_gen:real_sld_jtag_hub|jtag_ir_reg[2] ; 2       ;
; sld_hub:auto_hub|alt_sld_fab_with_jtag_input:\instrumentation_fabric_with_node_gen:fabric_gen_new_way:with_jtag_input_gen:instrumentation_fabric|alt_sld_fab:instrumentation_fabric|alt_sld_fab_alt_sld_fab:alt_sld_fab|alt_sld_fab_alt_sld_fab_sldfabric:sldfabric|sld_jtag_hub:\jtag_hub_gen:real_sld_jtag_hub|jtag_ir_reg[1] ; 3       ;
; sld_signaltap:auto_signaltap_0|sld_signaltap_impl:sld_signaltap_body|sld_signaltap_implb:sld_signaltap_body|sld_buffer_manager:sld_buffer_manager_inst|modified_post_count[1]                                                                                                                                                   ; 1       ;
; sld_signaltap:auto_signaltap_0|sld_signaltap_impl:sld_signaltap_body|sld_signaltap_implb:sld_signaltap_body|sld_buffer_manager:sld_buffer_manager_inst|modified_post_count[2]                                                                                                                                                   ; 1       ;
; sld_signaltap:auto_signaltap_0|sld_signaltap_impl:sld_signaltap_body|sld_signaltap_implb:sld_signaltap_body|sld_buffer_manager:sld_buffer_manager_inst|modified_post_count[3]                                                                                                                                                   ; 1       ;
; sld_signaltap:auto_signaltap_0|sld_signaltap_impl:sld_signaltap_body|sld_signaltap_implb:sld_signaltap_body|sld_buffer_manager:sld_buffer_manager_inst|modified_post_count[4]                                                                                                                                                   ; 1       ;
; sld_signaltap:auto_signaltap_0|sld_signaltap_impl:sld_signaltap_body|sld_signaltap_implb:sld_signaltap_body|sld_buffer_manager:sld_buffer_manager_inst|modified_post_count[5]                                                                                                                                                   ; 1       ;
; sld_signaltap:auto_signaltap_0|sld_signaltap_impl:sld_signaltap_body|sld_signaltap_implb:sld_signaltap_body|sld_buffer_manager:sld_buffer_manager_inst|modified_post_count[6]                                                                                                                                                   ; 1       ;
; sld_signaltap:auto_signaltap_0|sld_signaltap_impl:sld_signaltap_body|sld_signaltap_implb:sld_signaltap_body|sld_buffer_manager:sld_buffer_manager_inst|modified_post_count[7]                                                                                                                                                   ; 1       ;
; sld_signaltap:auto_signaltap_0|sld_signaltap_impl:sld_signaltap_body|sld_signaltap_implb:sld_signaltap_body|sld_buffer_manager:sld_buffer_manager_inst|modified_post_count[0]                                                                                                                                                   ; 1       ;
; Total number of inverted registers = 11                                                                                                                                                                                                                                                                                         ;         ;
+---------------------------------------------------------------------------------------------------------------------------------------------------------------------------------------------------------------------------------------------------------------------------------------------------------------------------------+---------+


+--------------------------------------------------------------------------------------------------------------------------------------------------------------------------+
; Multiplexer Restructuring Statistics (Restructuring Performed)                                                                                                           ;
+--------------------+-----------+---------------+----------------------+------------------------+------------+------------------------------------------------------------+
; Multiplexer Inputs ; Bus Width ; Baseline Area ; Area if Restructured ; Saving if Restructured ; Registered ; Example Multiplexer Output                                 ;
+--------------------+-----------+---------------+----------------------+------------------------+------------+------------------------------------------------------------+
; 6:1                ; 11 bits   ; 44 LEs        ; 11 LEs               ; 33 LEs                 ; Yes        ; |My_First_NIOS_II|adc_interface:adc_uut1|delay_counter[10] ;
+--------------------+-----------+---------------+----------------------+------------------------+------------+------------------------------------------------------------+


+-------------------------------------------------------+
; Source assignments for sld_signaltap:auto_signaltap_0 ;
+-----------------+-------+------+----------------------+
; Assignment      ; Value ; From ; To                   ;
+-----------------+-------+------+----------------------+
; MESSAGE_DISABLE ; 13410 ; -    ; -                    ;
+-----------------+-------+------+----------------------+


+------------------------------------------------------------------------------------------------------------+
; Parameter Settings for Inferred Entity Instance: sld_signaltap:auto_signaltap_0                            ;
+-------------------------------------------------+-----------------------------------------+----------------+
; Parameter Name                                  ; Value                                   ; Type           ;
+-------------------------------------------------+-----------------------------------------+----------------+
; lpm_type                                        ; sld_signaltap                           ; String         ;
; sld_node_info                                   ; 805334528                               ; Untyped        ;
; SLD_SECTION_ID                                  ; hdl_signaltap_0                         ; String         ;
; SLD_IP_VERSION                                  ; 6                                       ; Signed Integer ;
; SLD_IP_MINOR_VERSION                            ; 0                                       ; Signed Integer ;
; SLD_COMMON_IP_VERSION                           ; 0                                       ; Signed Integer ;
; sld_data_bits                                   ; 6                                       ; Untyped        ;
; sld_trigger_bits                                ; 6                                       ; Untyped        ;
; SLD_NODE_CRC_BITS                               ; 32                                      ; Signed Integer ;
; SLD_NODE_CRC_HIWORD                             ; 41394                                   ; Signed Integer ;
; SLD_NODE_CRC_LOWORD                             ; 50132                                   ; Signed Integer ;
; sld_incremental_routing                         ; 1                                       ; Untyped        ;
; sld_sample_depth                                ; 128                                     ; Untyped        ;
; sld_segment_size                                ; 128                                     ; Untyped        ;
; sld_ram_block_type                              ; AUTO                                    ; Untyped        ;
; sld_state_bits                                  ; 11                                      ; Untyped        ;
; sld_buffer_full_stop                            ; 1                                       ; Untyped        ;
; SLD_MEM_ADDRESS_BITS                            ; 7                                       ; Signed Integer ;
; SLD_DATA_BIT_CNTR_BITS                          ; 4                                       ; Signed Integer ;
; sld_trigger_level                               ; 1                                       ; Untyped        ;
; sld_trigger_in_enabled                          ; 0                                       ; Untyped        ;
; SLD_HPS_TRIGGER_IN_ENABLED                      ; 0                                       ; Signed Integer ;
; SLD_HPS_TRIGGER_OUT_ENABLED                     ; 0                                       ; Signed Integer ;
; SLD_HPS_EVENT_ENABLED                           ; 0                                       ; Signed Integer ;
; SLD_HPS_EVENT_ID                                ; 0                                       ; Signed Integer ;
; sld_advanced_trigger_entity                     ; basic,1,                                ; Untyped        ;
; sld_trigger_level_pipeline                      ; 1                                       ; Untyped        ;
; sld_trigger_pipeline                            ; 0                                       ; Untyped        ;
; sld_ram_pipeline                                ; 0                                       ; Untyped        ;
; sld_counter_pipeline                            ; 0                                       ; Untyped        ;
; sld_enable_advanced_trigger                     ; 0                                       ; Untyped        ;
; SLD_ADVANCED_TRIGGER_1                          ; NONE                                    ; String         ;
; SLD_ADVANCED_TRIGGER_2                          ; NONE                                    ; String         ;
; SLD_ADVANCED_TRIGGER_3                          ; NONE                                    ; String         ;
; SLD_ADVANCED_TRIGGER_4                          ; NONE                                    ; String         ;
; SLD_ADVANCED_TRIGGER_5                          ; NONE                                    ; String         ;
; SLD_ADVANCED_TRIGGER_6                          ; NONE                                    ; String         ;
; SLD_ADVANCED_TRIGGER_7                          ; NONE                                    ; String         ;
; SLD_ADVANCED_TRIGGER_8                          ; NONE                                    ; String         ;
; SLD_ADVANCED_TRIGGER_9                          ; NONE                                    ; String         ;
; SLD_ADVANCED_TRIGGER_10                         ; NONE                                    ; String         ;
; sld_inversion_mask_length                       ; 39                                      ; Untyped        ;
; sld_inversion_mask                              ; 000000000000000000000000000000000000000 ; Untyped        ;
; sld_power_up_trigger                            ; 0                                       ; Untyped        ;
; SLD_STATE_FLOW_MGR_ENTITY                       ; state_flow_mgr_entity.vhd               ; String         ;
; sld_state_flow_use_generated                    ; 0                                       ; Untyped        ;
; sld_current_resource_width                      ; 1                                       ; Untyped        ;
; sld_attribute_mem_mode                          ; OFF                                     ; Untyped        ;
; sld_storage_qualifier_bits                      ; 6                                       ; Untyped        ;
; SLD_STORAGE_QUALIFIER_GAP_RECORD                ; 0                                       ; Signed Integer ;
; SLD_STORAGE_QUALIFIER_MODE                      ; OFF                                     ; String         ;
; SLD_STORAGE_QUALIFIER_ENABLE_ADVANCED_CONDITION ; 0                                       ; Signed Integer ;
; sld_storage_qualifier_inversion_mask_length     ; 0                                       ; Untyped        ;
; SLD_STORAGE_QUALIFIER_ADVANCED_CONDITION_ENTITY ; basic                                   ; String         ;
; SLD_STORAGE_QUALIFIER_PIPELINE                  ; 0                                       ; Signed Integer ;
; SLD_CREATE_MONITOR_INTERFACE                    ; 0                                       ; Signed Integer ;
; SLD_USE_JTAG_SIGNAL_ADAPTER                     ; 1                                       ; Signed Integer ;
+-------------------------------------------------+-----------------------------------------+----------------+
Note: In order to hide this table in the UI and the text report file, please set the "Show Parameter Settings in Synthesis Report" option in "Analysis and Synthesis Settings -> More Settings" to "Off".


+-------------------------------------------------------------------------------------------------------------------------------------------------------------------------------------------------------------------------------------------------------------------------+
; Signal Tap Logic Analyzer Settings                                                                                                                                                                                                                                      ;
+----------------+------------------+---------------------+------------------+--------------+----------+------------------------+----------------------+--------------------+-----------------------------+-----------------+------------------+--------------------------+
; Instance Index ; Instance Name    ; Trigger Input Width ; Data Input Width ; Sample Depth ; Segments ; Storage Qualifier Type ; Trigger Flow Control ; Trigger Conditions ; Advanced Trigger Conditions ; Trigger In Used ; Trigger Out Used ; Power-Up Trigger Enabled ;
+----------------+------------------+---------------------+------------------+--------------+----------+------------------------+----------------------+--------------------+-----------------------------+-----------------+------------------+--------------------------+
; 0              ; auto_signaltap_0 ; 6                   ; 6                ; 128          ; 1        ; continuous             ; sequential           ; 1                  ; 0                           ; no              ; no               ; no                       ;
+----------------+------------------+---------------------+------------------+--------------+----------+------------------------+----------------------+--------------------+-----------------------------+-----------------+------------------+--------------------------+


+-----------------------------------------------------+
; Post-Synthesis Netlist Statistics for Top Partition ;
+-----------------------+-----------------------------+
; Type                  ; Count                       ;
+-----------------------+-----------------------------+
; boundary_port         ; 33                          ;
; cycloneiii_ff         ; 43                          ;
;     CLR               ; 9                           ;
;     ENA               ; 8                           ;
;     ENA SCLR          ; 11                          ;
;     plain             ; 15                          ;
; cycloneiii_lcell_comb ; 66                          ;
;     arith             ; 21                          ;
;         2 data inputs ; 20                          ;
;         3 data inputs ; 1                           ;
;     normal            ; 45                          ;
;         0 data inputs ; 1                           ;
;         1 data inputs ; 7                           ;
;         2 data inputs ; 2                           ;
;         3 data inputs ; 12                          ;
;         4 data inputs ; 23                          ;
;                       ;                             ;
; Max LUT depth         ; 4.00                        ;
; Average LUT depth     ; 2.35                        ;
+-----------------------+-----------------------------+


+-------------------------------+
; Elapsed Time Per Partition    ;
+----------------+--------------+
; Partition Name ; Elapsed Time ;
+----------------+--------------+
; Top            ; 00:00:00     ;
+----------------+--------------+


+--------------------------------------------------------------------------------------------------------------------------------------------------------------------+
; Connections to In-System Debugging Instance "auto_signaltap_0"                                                                                                     ;
+----------------------+---------------+-----------+--------------------------------+-------------------+--------------------------------------------------+---------+
; Name                 ; Type          ; Status    ; Partition Name                 ; Netlist Type Used ; Actual Connection                                ; Details ;
+----------------------+---------------+-----------+--------------------------------+-------------------+--------------------------------------------------+---------+
; ADC1_CLOCK           ; pre-synthesis ; connected ; Top                            ; post-synthesis    ; adc_interface:adc_uut1|ADC_SPI_SCLK_temp         ; N/A     ;
; ADC1_CLOCK           ; pre-synthesis ; connected ; Top                            ; post-synthesis    ; adc_interface:adc_uut1|ADC_SPI_SCLK_temp         ; N/A     ;
; ADC1_MISO            ; pre-synthesis ; connected ; Top                            ; post-synthesis    ; ADC1_MISO                                        ; N/A     ;
; ADC1_MISO            ; pre-synthesis ; connected ; Top                            ; post-synthesis    ; ADC1_MISO                                        ; N/A     ;
; ADC1_MOSI            ; pre-synthesis ; connected ; Top                            ; post-synthesis    ; adc_interface:adc_uut1|ADC_SPI_MOSI_temp         ; N/A     ;
; ADC1_MOSI            ; pre-synthesis ; connected ; Top                            ; post-synthesis    ; adc_interface:adc_uut1|ADC_SPI_MOSI_temp         ; N/A     ;
; ADC1_SS              ; pre-synthesis ; connected ; Top                            ; post-synthesis    ; adc_interface:adc_uut1|ADC_SPI_CS_temp~_wirecell ; N/A     ;
; ADC1_SS              ; pre-synthesis ; connected ; Top                            ; post-synthesis    ; adc_interface:adc_uut1|ADC_SPI_CS_temp~_wirecell ; N/A     ;
; CLOCK_50             ; pre-synthesis ; connected ; Top                            ; post-synthesis    ; CLOCK_50                                         ; N/A     ;
; RST_N                ; pre-synthesis ; connected ; Top                            ; post-synthesis    ; RST_N                                            ; N/A     ;
; RST_N                ; pre-synthesis ; connected ; Top                            ; post-synthesis    ; RST_N                                            ; N/A     ;
; SPI_WR_TRIG          ; pre-synthesis ; connected ; Top                            ; post-synthesis    ; SPI_WR_TRIG                                      ; N/A     ;
; SPI_WR_TRIG          ; pre-synthesis ; connected ; Top                            ; post-synthesis    ; SPI_WR_TRIG                                      ; N/A     ;
; auto_signaltap_0|gnd ; post-fitting  ; connected ; sld_signaltap:auto_signaltap_0 ; post-synthesis    ; sld_signaltap:auto_signaltap_0|~GND              ; N/A     ;
; auto_signaltap_0|gnd ; post-fitting  ; connected ; sld_signaltap:auto_signaltap_0 ; post-synthesis    ; sld_signaltap:auto_signaltap_0|~GND              ; N/A     ;
; auto_signaltap_0|gnd ; post-fitting  ; connected ; sld_signaltap:auto_signaltap_0 ; post-synthesis    ; sld_signaltap:auto_signaltap_0|~GND              ; N/A     ;
; auto_signaltap_0|gnd ; post-fitting  ; connected ; sld_signaltap:auto_signaltap_0 ; post-synthesis    ; sld_signaltap:auto_signaltap_0|~GND              ; N/A     ;
; auto_signaltap_0|gnd ; post-fitting  ; connected ; sld_signaltap:auto_signaltap_0 ; post-synthesis    ; sld_signaltap:auto_signaltap_0|~GND              ; N/A     ;
; auto_signaltap_0|gnd ; post-fitting  ; connected ; sld_signaltap:auto_signaltap_0 ; post-synthesis    ; sld_signaltap:auto_signaltap_0|~GND              ; N/A     ;
; auto_signaltap_0|gnd ; post-fitting  ; connected ; sld_signaltap:auto_signaltap_0 ; post-synthesis    ; sld_signaltap:auto_signaltap_0|~GND              ; N/A     ;
; auto_signaltap_0|gnd ; post-fitting  ; connected ; sld_signaltap:auto_signaltap_0 ; post-synthesis    ; sld_signaltap:auto_signaltap_0|~GND              ; N/A     ;
; auto_signaltap_0|gnd ; post-fitting  ; connected ; sld_signaltap:auto_signaltap_0 ; post-synthesis    ; sld_signaltap:auto_signaltap_0|~GND              ; N/A     ;
; auto_signaltap_0|gnd ; post-fitting  ; connected ; sld_signaltap:auto_signaltap_0 ; post-synthesis    ; sld_signaltap:auto_signaltap_0|~GND              ; N/A     ;
; auto_signaltap_0|gnd ; post-fitting  ; connected ; sld_signaltap:auto_signaltap_0 ; post-synthesis    ; sld_signaltap:auto_signaltap_0|~GND              ; N/A     ;
; auto_signaltap_0|gnd ; post-fitting  ; connected ; sld_signaltap:auto_signaltap_0 ; post-synthesis    ; sld_signaltap:auto_signaltap_0|~GND              ; N/A     ;
; auto_signaltap_0|gnd ; post-fitting  ; connected ; sld_signaltap:auto_signaltap_0 ; post-synthesis    ; sld_signaltap:auto_signaltap_0|~GND              ; N/A     ;
; auto_signaltap_0|gnd ; post-fitting  ; connected ; sld_signaltap:auto_signaltap_0 ; post-synthesis    ; sld_signaltap:auto_signaltap_0|~GND              ; N/A     ;
; auto_signaltap_0|gnd ; post-fitting  ; connected ; sld_signaltap:auto_signaltap_0 ; post-synthesis    ; sld_signaltap:auto_signaltap_0|~GND              ; N/A     ;
; auto_signaltap_0|gnd ; post-fitting  ; connected ; sld_signaltap:auto_signaltap_0 ; post-synthesis    ; sld_signaltap:auto_signaltap_0|~GND              ; N/A     ;
; auto_signaltap_0|vcc ; post-fitting  ; connected ; sld_signaltap:auto_signaltap_0 ; post-synthesis    ; sld_signaltap:auto_signaltap_0|~VCC              ; N/A     ;
; auto_signaltap_0|vcc ; post-fitting  ; connected ; sld_signaltap:auto_signaltap_0 ; post-synthesis    ; sld_signaltap:auto_signaltap_0|~VCC              ; N/A     ;
; auto_signaltap_0|vcc ; post-fitting  ; connected ; sld_signaltap:auto_signaltap_0 ; post-synthesis    ; sld_signaltap:auto_signaltap_0|~VCC              ; N/A     ;
; auto_signaltap_0|vcc ; post-fitting  ; connected ; sld_signaltap:auto_signaltap_0 ; post-synthesis    ; sld_signaltap:auto_signaltap_0|~VCC              ; N/A     ;
; auto_signaltap_0|vcc ; post-fitting  ; connected ; sld_signaltap:auto_signaltap_0 ; post-synthesis    ; sld_signaltap:auto_signaltap_0|~VCC              ; N/A     ;
; auto_signaltap_0|vcc ; post-fitting  ; connected ; sld_signaltap:auto_signaltap_0 ; post-synthesis    ; sld_signaltap:auto_signaltap_0|~VCC              ; N/A     ;
; auto_signaltap_0|vcc ; post-fitting  ; connected ; sld_signaltap:auto_signaltap_0 ; post-synthesis    ; sld_signaltap:auto_signaltap_0|~VCC              ; N/A     ;
; auto_signaltap_0|vcc ; post-fitting  ; connected ; sld_signaltap:auto_signaltap_0 ; post-synthesis    ; sld_signaltap:auto_signaltap_0|~VCC              ; N/A     ;
; auto_signaltap_0|vcc ; post-fitting  ; connected ; sld_signaltap:auto_signaltap_0 ; post-synthesis    ; sld_signaltap:auto_signaltap_0|~VCC              ; N/A     ;
; auto_signaltap_0|vcc ; post-fitting  ; connected ; sld_signaltap:auto_signaltap_0 ; post-synthesis    ; sld_signaltap:auto_signaltap_0|~VCC              ; N/A     ;
; auto_signaltap_0|vcc ; post-fitting  ; connected ; sld_signaltap:auto_signaltap_0 ; post-synthesis    ; sld_signaltap:auto_signaltap_0|~VCC              ; N/A     ;
; auto_signaltap_0|vcc ; post-fitting  ; connected ; sld_signaltap:auto_signaltap_0 ; post-synthesis    ; sld_signaltap:auto_signaltap_0|~VCC              ; N/A     ;
; auto_signaltap_0|vcc ; post-fitting  ; connected ; sld_signaltap:auto_signaltap_0 ; post-synthesis    ; sld_signaltap:auto_signaltap_0|~VCC              ; N/A     ;
; auto_signaltap_0|vcc ; post-fitting  ; connected ; sld_signaltap:auto_signaltap_0 ; post-synthesis    ; sld_signaltap:auto_signaltap_0|~VCC              ; N/A     ;
; auto_signaltap_0|vcc ; post-fitting  ; connected ; sld_signaltap:auto_signaltap_0 ; post-synthesis    ; sld_signaltap:auto_signaltap_0|~VCC              ; N/A     ;
; auto_signaltap_0|vcc ; post-fitting  ; connected ; sld_signaltap:auto_signaltap_0 ; post-synthesis    ; sld_signaltap:auto_signaltap_0|~VCC              ; N/A     ;
+----------------------+---------------+-----------+--------------------------------+-------------------+--------------------------------------------------+---------+


+-------------------------------+
; Analysis & Synthesis Messages ;
+-------------------------------+
Info: *******************************************************************
Info: Running Quartus Prime Analysis & Synthesis
    Info: Version 18.1.0 Build 625 09/12/2018 SJ Lite Edition
    Info: Processing started: Fri Mar 14 16:40:00 2025
Info: Command: quartus_map --read_settings_files=on --write_settings_files=off My_First_NIOS_II -c My_First_NIOS_II
Warning (18236): Number of processors has not been specified which may cause overloading on shared machines.  Set the global assignment NUM_PARALLEL_PROCESSORS in your QSF to an appropriate value for best performance.
Info (20030): Parallel compilation is enabled and will use 4 of the 4 processors detected
Info (12021): Found 1 design units, including 1 entities, in source file my_first_nios_ii_platform_designer/synthesis/my_first_nios_ii_platform_designer.v
    Info (12023): Found entity 1: My_First_NIOS_II_Platform_Designer File: C:/Users/guan-ming.dennis-won/Documents/Code/Workspace/Workspace/Cyclone_10_LP/NIOS_II/My_First_NIOS_II_Platform_Designer/synthesis/My_First_NIOS_II_Platform_Designer.v Line: 6
Info (12021): Found 1 design units, including 1 entities, in source file my_first_nios_ii_platform_designer/synthesis/submodules/altera_reset_controller.v
    Info (12023): Found entity 1: altera_reset_controller File: C:/Users/guan-ming.dennis-won/Documents/Code/Workspace/Workspace/Cyclone_10_LP/NIOS_II/My_First_NIOS_II_Platform_Designer/synthesis/submodules/altera_reset_controller.v Line: 42
Info (12021): Found 1 design units, including 1 entities, in source file my_first_nios_ii_platform_designer/synthesis/submodules/altera_reset_synchronizer.v
    Info (12023): Found entity 1: altera_reset_synchronizer File: C:/Users/guan-ming.dennis-won/Documents/Code/Workspace/Workspace/Cyclone_10_LP/NIOS_II/My_First_NIOS_II_Platform_Designer/synthesis/submodules/altera_reset_synchronizer.v Line: 24
Info (12021): Found 1 design units, including 1 entities, in source file my_first_nios_ii_platform_designer/synthesis/submodules/my_first_nios_ii_platform_designer_irq_mapper.sv
    Info (12023): Found entity 1: My_First_NIOS_II_Platform_Designer_irq_mapper File: C:/Users/guan-ming.dennis-won/Documents/Code/Workspace/Workspace/Cyclone_10_LP/NIOS_II/My_First_NIOS_II_Platform_Designer/synthesis/submodules/My_First_NIOS_II_Platform_Designer_irq_mapper.sv Line: 31
Info (12021): Found 1 design units, including 1 entities, in source file my_first_nios_ii_platform_designer/synthesis/submodules/my_first_nios_ii_platform_designer_mm_interconnect_0.v
    Info (12023): Found entity 1: My_First_NIOS_II_Platform_Designer_mm_interconnect_0 File: C:/Users/guan-ming.dennis-won/Documents/Code/Workspace/Workspace/Cyclone_10_LP/NIOS_II/My_First_NIOS_II_Platform_Designer/synthesis/submodules/My_First_NIOS_II_Platform_Designer_mm_interconnect_0.v Line: 9
Info (12021): Found 1 design units, including 1 entities, in source file my_first_nios_ii_platform_designer/synthesis/submodules/my_first_nios_ii_platform_designer_mm_interconnect_0_avalon_st_adapter.v
    Info (12023): Found entity 1: My_First_NIOS_II_Platform_Designer_mm_interconnect_0_avalon_st_adapter File: C:/Users/guan-ming.dennis-won/Documents/Code/Workspace/Workspace/Cyclone_10_LP/NIOS_II/My_First_NIOS_II_Platform_Designer/synthesis/submodules/My_First_NIOS_II_Platform_Designer_mm_interconnect_0_avalon_st_adapter.v Line: 9
Info (12021): Found 1 design units, including 1 entities, in source file my_first_nios_ii_platform_designer/synthesis/submodules/my_first_nios_ii_platform_designer_mm_interconnect_0_avalon_st_adapter_error_adapter_0.sv
    Info (12023): Found entity 1: My_First_NIOS_II_Platform_Designer_mm_interconnect_0_avalon_st_adapter_error_adapter_0 File: C:/Users/guan-ming.dennis-won/Documents/Code/Workspace/Workspace/Cyclone_10_LP/NIOS_II/My_First_NIOS_II_Platform_Designer/synthesis/submodules/My_First_NIOS_II_Platform_Designer_mm_interconnect_0_avalon_st_adapter_error_adapter_0.sv Line: 66
Info (12021): Found 1 design units, including 1 entities, in source file my_first_nios_ii_platform_designer/synthesis/submodules/my_first_nios_ii_platform_designer_mm_interconnect_0_rsp_mux_001.sv
    Info (12023): Found entity 1: My_First_NIOS_II_Platform_Designer_mm_interconnect_0_rsp_mux_001 File: C:/Users/guan-ming.dennis-won/Documents/Code/Workspace/Workspace/Cyclone_10_LP/NIOS_II/My_First_NIOS_II_Platform_Designer/synthesis/submodules/My_First_NIOS_II_Platform_Designer_mm_interconnect_0_rsp_mux_001.sv Line: 51
Info (12021): Found 2 design units, including 2 entities, in source file my_first_nios_ii_platform_designer/synthesis/submodules/altera_merlin_arbitrator.sv
    Info (12023): Found entity 1: altera_merlin_arbitrator File: C:/Users/guan-ming.dennis-won/Documents/Code/Workspace/Workspace/Cyclone_10_LP/NIOS_II/My_First_NIOS_II_Platform_Designer/synthesis/submodules/altera_merlin_arbitrator.sv Line: 103
    Info (12023): Found entity 2: altera_merlin_arb_adder File: C:/Users/guan-ming.dennis-won/Documents/Code/Workspace/Workspace/Cyclone_10_LP/NIOS_II/My_First_NIOS_II_Platform_Designer/synthesis/submodules/altera_merlin_arbitrator.sv Line: 228
Info (12021): Found 1 design units, including 1 entities, in source file my_first_nios_ii_platform_designer/synthesis/submodules/my_first_nios_ii_platform_designer_mm_interconnect_0_rsp_mux.sv
    Info (12023): Found entity 1: My_First_NIOS_II_Platform_Designer_mm_interconnect_0_rsp_mux File: C:/Users/guan-ming.dennis-won/Documents/Code/Workspace/Workspace/Cyclone_10_LP/NIOS_II/My_First_NIOS_II_Platform_Designer/synthesis/submodules/My_First_NIOS_II_Platform_Designer_mm_interconnect_0_rsp_mux.sv Line: 51
Info (12021): Found 1 design units, including 1 entities, in source file my_first_nios_ii_platform_designer/synthesis/submodules/my_first_nios_ii_platform_designer_mm_interconnect_0_rsp_demux.sv
    Info (12023): Found entity 1: My_First_NIOS_II_Platform_Designer_mm_interconnect_0_rsp_demux File: C:/Users/guan-ming.dennis-won/Documents/Code/Workspace/Workspace/Cyclone_10_LP/NIOS_II/My_First_NIOS_II_Platform_Designer/synthesis/submodules/My_First_NIOS_II_Platform_Designer_mm_interconnect_0_rsp_demux.sv Line: 43
Info (12021): Found 1 design units, including 1 entities, in source file my_first_nios_ii_platform_designer/synthesis/submodules/my_first_nios_ii_platform_designer_mm_interconnect_0_cmd_mux_001.sv
    Info (12023): Found entity 1: My_First_NIOS_II_Platform_Designer_mm_interconnect_0_cmd_mux_001 File: C:/Users/guan-ming.dennis-won/Documents/Code/Workspace/Workspace/Cyclone_10_LP/NIOS_II/My_First_NIOS_II_Platform_Designer/synthesis/submodules/My_First_NIOS_II_Platform_Designer_mm_interconnect_0_cmd_mux_001.sv Line: 51
Info (12021): Found 1 design units, including 1 entities, in source file my_first_nios_ii_platform_designer/synthesis/submodules/my_first_nios_ii_platform_designer_mm_interconnect_0_cmd_mux.sv
    Info (12023): Found entity 1: My_First_NIOS_II_Platform_Designer_mm_interconnect_0_cmd_mux File: C:/Users/guan-ming.dennis-won/Documents/Code/Workspace/Workspace/Cyclone_10_LP/NIOS_II/My_First_NIOS_II_Platform_Designer/synthesis/submodules/My_First_NIOS_II_Platform_Designer_mm_interconnect_0_cmd_mux.sv Line: 51
Info (12021): Found 1 design units, including 1 entities, in source file my_first_nios_ii_platform_designer/synthesis/submodules/my_first_nios_ii_platform_designer_mm_interconnect_0_cmd_demux_001.sv
    Info (12023): Found entity 1: My_First_NIOS_II_Platform_Designer_mm_interconnect_0_cmd_demux_001 File: C:/Users/guan-ming.dennis-won/Documents/Code/Workspace/Workspace/Cyclone_10_LP/NIOS_II/My_First_NIOS_II_Platform_Designer/synthesis/submodules/My_First_NIOS_II_Platform_Designer_mm_interconnect_0_cmd_demux_001.sv Line: 43
Info (12021): Found 1 design units, including 1 entities, in source file my_first_nios_ii_platform_designer/synthesis/submodules/my_first_nios_ii_platform_designer_mm_interconnect_0_cmd_demux.sv
    Info (12023): Found entity 1: My_First_NIOS_II_Platform_Designer_mm_interconnect_0_cmd_demux File: C:/Users/guan-ming.dennis-won/Documents/Code/Workspace/Workspace/Cyclone_10_LP/NIOS_II/My_First_NIOS_II_Platform_Designer/synthesis/submodules/My_First_NIOS_II_Platform_Designer_mm_interconnect_0_cmd_demux.sv Line: 43
Info (12021): Found 2 design units, including 2 entities, in source file my_first_nios_ii_platform_designer/synthesis/submodules/my_first_nios_ii_platform_designer_mm_interconnect_0_router_003.sv
    Info (12023): Found entity 1: My_First_NIOS_II_Platform_Designer_mm_interconnect_0_router_003_default_decode File: C:/Users/guan-ming.dennis-won/Documents/Code/Workspace/Workspace/Cyclone_10_LP/NIOS_II/My_First_NIOS_II_Platform_Designer/synthesis/submodules/My_First_NIOS_II_Platform_Designer_mm_interconnect_0_router_003.sv Line: 45
    Info (12023): Found entity 2: My_First_NIOS_II_Platform_Designer_mm_interconnect_0_router_003 File: C:/Users/guan-ming.dennis-won/Documents/Code/Workspace/Workspace/Cyclone_10_LP/NIOS_II/My_First_NIOS_II_Platform_Designer/synthesis/submodules/My_First_NIOS_II_Platform_Designer_mm_interconnect_0_router_003.sv Line: 84
Info (12021): Found 2 design units, including 2 entities, in source file my_first_nios_ii_platform_designer/synthesis/submodules/my_first_nios_ii_platform_designer_mm_interconnect_0_router_002.sv
    Info (12023): Found entity 1: My_First_NIOS_II_Platform_Designer_mm_interconnect_0_router_002_default_decode File: C:/Users/guan-ming.dennis-won/Documents/Code/Workspace/Workspace/Cyclone_10_LP/NIOS_II/My_First_NIOS_II_Platform_Designer/synthesis/submodules/My_First_NIOS_II_Platform_Designer_mm_interconnect_0_router_002.sv Line: 45
    Info (12023): Found entity 2: My_First_NIOS_II_Platform_Designer_mm_interconnect_0_router_002 File: C:/Users/guan-ming.dennis-won/Documents/Code/Workspace/Workspace/Cyclone_10_LP/NIOS_II/My_First_NIOS_II_Platform_Designer/synthesis/submodules/My_First_NIOS_II_Platform_Designer_mm_interconnect_0_router_002.sv Line: 84
Info (12021): Found 2 design units, including 2 entities, in source file my_first_nios_ii_platform_designer/synthesis/submodules/my_first_nios_ii_platform_designer_mm_interconnect_0_router_001.sv
    Info (12023): Found entity 1: My_First_NIOS_II_Platform_Designer_mm_interconnect_0_router_001_default_decode File: C:/Users/guan-ming.dennis-won/Documents/Code/Workspace/Workspace/Cyclone_10_LP/NIOS_II/My_First_NIOS_II_Platform_Designer/synthesis/submodules/My_First_NIOS_II_Platform_Designer_mm_interconnect_0_router_001.sv Line: 45
    Info (12023): Found entity 2: My_First_NIOS_II_Platform_Designer_mm_interconnect_0_router_001 File: C:/Users/guan-ming.dennis-won/Documents/Code/Workspace/Workspace/Cyclone_10_LP/NIOS_II/My_First_NIOS_II_Platform_Designer/synthesis/submodules/My_First_NIOS_II_Platform_Designer_mm_interconnect_0_router_001.sv Line: 84
Info (12021): Found 2 design units, including 2 entities, in source file my_first_nios_ii_platform_designer/synthesis/submodules/my_first_nios_ii_platform_designer_mm_interconnect_0_router.sv
    Info (12023): Found entity 1: My_First_NIOS_II_Platform_Designer_mm_interconnect_0_router_default_decode File: C:/Users/guan-ming.dennis-won/Documents/Code/Workspace/Workspace/Cyclone_10_LP/NIOS_II/My_First_NIOS_II_Platform_Designer/synthesis/submodules/My_First_NIOS_II_Platform_Designer_mm_interconnect_0_router.sv Line: 45
    Info (12023): Found entity 2: My_First_NIOS_II_Platform_Designer_mm_interconnect_0_router File: C:/Users/guan-ming.dennis-won/Documents/Code/Workspace/Workspace/Cyclone_10_LP/NIOS_II/My_First_NIOS_II_Platform_Designer/synthesis/submodules/My_First_NIOS_II_Platform_Designer_mm_interconnect_0_router.sv Line: 84
Info (12021): Found 1 design units, including 1 entities, in source file my_first_nios_ii_platform_designer/synthesis/submodules/altera_avalon_sc_fifo.v
    Info (12023): Found entity 1: altera_avalon_sc_fifo File: C:/Users/guan-ming.dennis-won/Documents/Code/Workspace/Workspace/Cyclone_10_LP/NIOS_II/My_First_NIOS_II_Platform_Designer/synthesis/submodules/altera_avalon_sc_fifo.v Line: 21
Info (12021): Found 1 design units, including 1 entities, in source file my_first_nios_ii_platform_designer/synthesis/submodules/altera_merlin_slave_agent.sv
    Info (12023): Found entity 1: altera_merlin_slave_agent File: C:/Users/guan-ming.dennis-won/Documents/Code/Workspace/Workspace/Cyclone_10_LP/NIOS_II/My_First_NIOS_II_Platform_Designer/synthesis/submodules/altera_merlin_slave_agent.sv Line: 34
Info (12021): Found 1 design units, including 1 entities, in source file my_first_nios_ii_platform_designer/synthesis/submodules/altera_merlin_burst_uncompressor.sv
    Info (12023): Found entity 1: altera_merlin_burst_uncompressor File: C:/Users/guan-ming.dennis-won/Documents/Code/Workspace/Workspace/Cyclone_10_LP/NIOS_II/My_First_NIOS_II_Platform_Designer/synthesis/submodules/altera_merlin_burst_uncompressor.sv Line: 40
Info (12021): Found 1 design units, including 1 entities, in source file my_first_nios_ii_platform_designer/synthesis/submodules/altera_merlin_master_agent.sv
    Info (12023): Found entity 1: altera_merlin_master_agent File: C:/Users/guan-ming.dennis-won/Documents/Code/Workspace/Workspace/Cyclone_10_LP/NIOS_II/My_First_NIOS_II_Platform_Designer/synthesis/submodules/altera_merlin_master_agent.sv Line: 28
Info (12021): Found 1 design units, including 1 entities, in source file my_first_nios_ii_platform_designer/synthesis/submodules/altera_merlin_slave_translator.sv
    Info (12023): Found entity 1: altera_merlin_slave_translator File: C:/Users/guan-ming.dennis-won/Documents/Code/Workspace/Workspace/Cyclone_10_LP/NIOS_II/My_First_NIOS_II_Platform_Designer/synthesis/submodules/altera_merlin_slave_translator.sv Line: 35
Info (12021): Found 1 design units, including 1 entities, in source file my_first_nios_ii_platform_designer/synthesis/submodules/altera_merlin_master_translator.sv
    Info (12023): Found entity 1: altera_merlin_master_translator File: C:/Users/guan-ming.dennis-won/Documents/Code/Workspace/Workspace/Cyclone_10_LP/NIOS_II/My_First_NIOS_II_Platform_Designer/synthesis/submodules/altera_merlin_master_translator.sv Line: 32
Info (12021): Found 1 design units, including 1 entities, in source file my_first_nios_ii_platform_designer/synthesis/submodules/my_first_nios_ii_platform_designer_esc_spi.v
    Info (12023): Found entity 1: My_First_NIOS_II_Platform_Designer_esc_spi File: C:/Users/guan-ming.dennis-won/Documents/Code/Workspace/Workspace/Cyclone_10_LP/NIOS_II/My_First_NIOS_II_Platform_Designer/synthesis/submodules/My_First_NIOS_II_Platform_Designer_esc_spi.v Line: 41
Info (12021): Found 1 design units, including 1 entities, in source file my_first_nios_ii_platform_designer/synthesis/submodules/my_first_nios_ii_platform_designer_adc_1_spi.v
    Info (12023): Found entity 1: My_First_NIOS_II_Platform_Designer_adc_1_spi File: C:/Users/guan-ming.dennis-won/Documents/Code/Workspace/Workspace/Cyclone_10_LP/NIOS_II/My_First_NIOS_II_Platform_Designer/synthesis/submodules/My_First_NIOS_II_Platform_Designer_adc_1_spi.v Line: 41
Info (12021): Found 1 design units, including 1 entities, in source file my_first_nios_ii_platform_designer/synthesis/submodules/my_first_nios_ii_platform_designer_timer.v
    Info (12023): Found entity 1: My_First_NIOS_II_Platform_Designer_TIMER File: C:/Users/guan-ming.dennis-won/Documents/Code/Workspace/Workspace/Cyclone_10_LP/NIOS_II/My_First_NIOS_II_Platform_Designer/synthesis/submodules/My_First_NIOS_II_Platform_Designer_TIMER.v Line: 21
Info (12021): Found 1 design units, including 1 entities, in source file my_first_nios_ii_platform_designer/synthesis/submodules/my_first_nios_ii_platform_designer_sram.v
    Info (12023): Found entity 1: My_First_NIOS_II_Platform_Designer_SRAM File: C:/Users/guan-ming.dennis-won/Documents/Code/Workspace/Workspace/Cyclone_10_LP/NIOS_II/My_First_NIOS_II_Platform_Designer/synthesis/submodules/My_First_NIOS_II_Platform_Designer_SRAM.v Line: 21
Info (12021): Found 1 design units, including 1 entities, in source file my_first_nios_ii_platform_designer/synthesis/submodules/my_first_nios_ii_platform_designer_hellonios.v
    Info (12023): Found entity 1: My_First_NIOS_II_Platform_Designer_HelloNios File: C:/Users/guan-ming.dennis-won/Documents/Code/Workspace/Workspace/Cyclone_10_LP/NIOS_II/My_First_NIOS_II_Platform_Designer/synthesis/submodules/My_First_NIOS_II_Platform_Designer_HelloNios.v Line: 9
Info (12021): Found 21 design units, including 21 entities, in source file my_first_nios_ii_platform_designer/synthesis/submodules/my_first_nios_ii_platform_designer_hellonios_cpu.v
    Info (12023): Found entity 1: My_First_NIOS_II_Platform_Designer_HelloNios_cpu_register_bank_a_module File: C:/Users/guan-ming.dennis-won/Documents/Code/Workspace/Workspace/Cyclone_10_LP/NIOS_II/My_First_NIOS_II_Platform_Designer/synthesis/submodules/My_First_NIOS_II_Platform_Designer_HelloNios_cpu.v Line: 21
    Info (12023): Found entity 2: My_First_NIOS_II_Platform_Designer_HelloNios_cpu_register_bank_b_module File: C:/Users/guan-ming.dennis-won/Documents/Code/Workspace/Workspace/Cyclone_10_LP/NIOS_II/My_First_NIOS_II_Platform_Designer/synthesis/submodules/My_First_NIOS_II_Platform_Designer_HelloNios_cpu.v Line: 87
    Info (12023): Found entity 3: My_First_NIOS_II_Platform_Designer_HelloNios_cpu_nios2_oci_debug File: C:/Users/guan-ming.dennis-won/Documents/Code/Workspace/Workspace/Cyclone_10_LP/NIOS_II/My_First_NIOS_II_Platform_Designer/synthesis/submodules/My_First_NIOS_II_Platform_Designer_HelloNios_cpu.v Line: 153
    Info (12023): Found entity 4: My_First_NIOS_II_Platform_Designer_HelloNios_cpu_nios2_oci_break File: C:/Users/guan-ming.dennis-won/Documents/Code/Workspace/Workspace/Cyclone_10_LP/NIOS_II/My_First_NIOS_II_Platform_Designer/synthesis/submodules/My_First_NIOS_II_Platform_Designer_HelloNios_cpu.v Line: 295
    Info (12023): Found entity 5: My_First_NIOS_II_Platform_Designer_HelloNios_cpu_nios2_oci_xbrk File: C:/Users/guan-ming.dennis-won/Documents/Code/Workspace/Workspace/Cyclone_10_LP/NIOS_II/My_First_NIOS_II_Platform_Designer/synthesis/submodules/My_First_NIOS_II_Platform_Designer_HelloNios_cpu.v Line: 588
    Info (12023): Found entity 6: My_First_NIOS_II_Platform_Designer_HelloNios_cpu_nios2_oci_dbrk File: C:/Users/guan-ming.dennis-won/Documents/Code/Workspace/Workspace/Cyclone_10_LP/NIOS_II/My_First_NIOS_II_Platform_Designer/synthesis/submodules/My_First_NIOS_II_Platform_Designer_HelloNios_cpu.v Line: 795
    Info (12023): Found entity 7: My_First_NIOS_II_Platform_Designer_HelloNios_cpu_nios2_oci_itrace File: C:/Users/guan-ming.dennis-won/Documents/Code/Workspace/Workspace/Cyclone_10_LP/NIOS_II/My_First_NIOS_II_Platform_Designer/synthesis/submodules/My_First_NIOS_II_Platform_Designer_HelloNios_cpu.v Line: 982
    Info (12023): Found entity 8: My_First_NIOS_II_Platform_Designer_HelloNios_cpu_nios2_oci_td_mode File: C:/Users/guan-ming.dennis-won/Documents/Code/Workspace/Workspace/Cyclone_10_LP/NIOS_II/My_First_NIOS_II_Platform_Designer/synthesis/submodules/My_First_NIOS_II_Platform_Designer_HelloNios_cpu.v Line: 1115
    Info (12023): Found entity 9: My_First_NIOS_II_Platform_Designer_HelloNios_cpu_nios2_oci_dtrace File: C:/Users/guan-ming.dennis-won/Documents/Code/Workspace/Workspace/Cyclone_10_LP/NIOS_II/My_First_NIOS_II_Platform_Designer/synthesis/submodules/My_First_NIOS_II_Platform_Designer_HelloNios_cpu.v Line: 1183
    Info (12023): Found entity 10: My_First_NIOS_II_Platform_Designer_HelloNios_cpu_nios2_oci_compute_input_tm_cnt File: C:/Users/guan-ming.dennis-won/Documents/Code/Workspace/Workspace/Cyclone_10_LP/NIOS_II/My_First_NIOS_II_Platform_Designer/synthesis/submodules/My_First_NIOS_II_Platform_Designer_HelloNios_cpu.v Line: 1265
    Info (12023): Found entity 11: My_First_NIOS_II_Platform_Designer_HelloNios_cpu_nios2_oci_fifo_wrptr_inc File: C:/Users/guan-ming.dennis-won/Documents/Code/Workspace/Workspace/Cyclone_10_LP/NIOS_II/My_First_NIOS_II_Platform_Designer/synthesis/submodules/My_First_NIOS_II_Platform_Designer_HelloNios_cpu.v Line: 1337
    Info (12023): Found entity 12: My_First_NIOS_II_Platform_Designer_HelloNios_cpu_nios2_oci_fifo_cnt_inc File: C:/Users/guan-ming.dennis-won/Documents/Code/Workspace/Workspace/Cyclone_10_LP/NIOS_II/My_First_NIOS_II_Platform_Designer/synthesis/submodules/My_First_NIOS_II_Platform_Designer_HelloNios_cpu.v Line: 1380
    Info (12023): Found entity 13: My_First_NIOS_II_Platform_Designer_HelloNios_cpu_nios2_oci_fifo File: C:/Users/guan-ming.dennis-won/Documents/Code/Workspace/Workspace/Cyclone_10_LP/NIOS_II/My_First_NIOS_II_Platform_Designer/synthesis/submodules/My_First_NIOS_II_Platform_Designer_HelloNios_cpu.v Line: 1427
    Info (12023): Found entity 14: My_First_NIOS_II_Platform_Designer_HelloNios_cpu_nios2_oci_pib File: C:/Users/guan-ming.dennis-won/Documents/Code/Workspace/Workspace/Cyclone_10_LP/NIOS_II/My_First_NIOS_II_Platform_Designer/synthesis/submodules/My_First_NIOS_II_Platform_Designer_HelloNios_cpu.v Line: 1913
    Info (12023): Found entity 15: My_First_NIOS_II_Platform_Designer_HelloNios_cpu_nios2_oci_im File: C:/Users/guan-ming.dennis-won/Documents/Code/Workspace/Workspace/Cyclone_10_LP/NIOS_II/My_First_NIOS_II_Platform_Designer/synthesis/submodules/My_First_NIOS_II_Platform_Designer_HelloNios_cpu.v Line: 1936
    Info (12023): Found entity 16: My_First_NIOS_II_Platform_Designer_HelloNios_cpu_nios2_performance_monitors File: C:/Users/guan-ming.dennis-won/Documents/Code/Workspace/Workspace/Cyclone_10_LP/NIOS_II/My_First_NIOS_II_Platform_Designer/synthesis/submodules/My_First_NIOS_II_Platform_Designer_HelloNios_cpu.v Line: 2006
    Info (12023): Found entity 17: My_First_NIOS_II_Platform_Designer_HelloNios_cpu_nios2_avalon_reg File: C:/Users/guan-ming.dennis-won/Documents/Code/Workspace/Workspace/Cyclone_10_LP/NIOS_II/My_First_NIOS_II_Platform_Designer/synthesis/submodules/My_First_NIOS_II_Platform_Designer_HelloNios_cpu.v Line: 2023
    Info (12023): Found entity 18: My_First_NIOS_II_Platform_Designer_HelloNios_cpu_ociram_sp_ram_module File: C:/Users/guan-ming.dennis-won/Documents/Code/Workspace/Workspace/Cyclone_10_LP/NIOS_II/My_First_NIOS_II_Platform_Designer/synthesis/submodules/My_First_NIOS_II_Platform_Designer_HelloNios_cpu.v Line: 2116
    Info (12023): Found entity 19: My_First_NIOS_II_Platform_Designer_HelloNios_cpu_nios2_ocimem File: C:/Users/guan-ming.dennis-won/Documents/Code/Workspace/Workspace/Cyclone_10_LP/NIOS_II/My_First_NIOS_II_Platform_Designer/synthesis/submodules/My_First_NIOS_II_Platform_Designer_HelloNios_cpu.v Line: 2181
    Info (12023): Found entity 20: My_First_NIOS_II_Platform_Designer_HelloNios_cpu_nios2_oci File: C:/Users/guan-ming.dennis-won/Documents/Code/Workspace/Workspace/Cyclone_10_LP/NIOS_II/My_First_NIOS_II_Platform_Designer/synthesis/submodules/My_First_NIOS_II_Platform_Designer_HelloNios_cpu.v Line: 2362
    Info (12023): Found entity 21: My_First_NIOS_II_Platform_Designer_HelloNios_cpu File: C:/Users/guan-ming.dennis-won/Documents/Code/Workspace/Workspace/Cyclone_10_LP/NIOS_II/My_First_NIOS_II_Platform_Designer/synthesis/submodules/My_First_NIOS_II_Platform_Designer_HelloNios_cpu.v Line: 2834
Info (12021): Found 1 design units, including 1 entities, in source file my_first_nios_ii_platform_designer/synthesis/submodules/my_first_nios_ii_platform_designer_hellonios_cpu_debug_slave_sysclk.v
    Info (12023): Found entity 1: My_First_NIOS_II_Platform_Designer_HelloNios_cpu_debug_slave_sysclk File: C:/Users/guan-ming.dennis-won/Documents/Code/Workspace/Workspace/Cyclone_10_LP/NIOS_II/My_First_NIOS_II_Platform_Designer/synthesis/submodules/My_First_NIOS_II_Platform_Designer_HelloNios_cpu_debug_slave_sysclk.v Line: 21
Info (12021): Found 1 design units, including 1 entities, in source file my_first_nios_ii_platform_designer/synthesis/submodules/my_first_nios_ii_platform_designer_hellonios_cpu_debug_slave_tck.v
    Info (12023): Found entity 1: My_First_NIOS_II_Platform_Designer_HelloNios_cpu_debug_slave_tck File: C:/Users/guan-ming.dennis-won/Documents/Code/Workspace/Workspace/Cyclone_10_LP/NIOS_II/My_First_NIOS_II_Platform_Designer/synthesis/submodules/My_First_NIOS_II_Platform_Designer_HelloNios_cpu_debug_slave_tck.v Line: 21
Info (12021): Found 1 design units, including 1 entities, in source file my_first_nios_ii_platform_designer/synthesis/submodules/my_first_nios_ii_platform_designer_hellonios_cpu_debug_slave_wrapper.v
    Info (12023): Found entity 1: My_First_NIOS_II_Platform_Designer_HelloNios_cpu_debug_slave_wrapper File: C:/Users/guan-ming.dennis-won/Documents/Code/Workspace/Workspace/Cyclone_10_LP/NIOS_II/My_First_NIOS_II_Platform_Designer/synthesis/submodules/My_First_NIOS_II_Platform_Designer_HelloNios_cpu_debug_slave_wrapper.v Line: 21
Info (12021): Found 1 design units, including 1 entities, in source file my_first_nios_ii_platform_designer/synthesis/submodules/my_first_nios_ii_platform_designer_hellonios_cpu_test_bench.v
    Info (12023): Found entity 1: My_First_NIOS_II_Platform_Designer_HelloNios_cpu_test_bench File: C:/Users/guan-ming.dennis-won/Documents/Code/Workspace/Workspace/Cyclone_10_LP/NIOS_II/My_First_NIOS_II_Platform_Designer/synthesis/submodules/My_First_NIOS_II_Platform_Designer_HelloNios_cpu_test_bench.v Line: 21
Info (12021): Found 1 design units, including 1 entities, in source file my_first_nios_ii_platform_designer/synthesis/submodules/my_first_nios_ii_platform_designer_gpio.v
    Info (12023): Found entity 1: My_First_NIOS_II_Platform_Designer_GPIO File: C:/Users/guan-ming.dennis-won/Documents/Code/Workspace/Workspace/Cyclone_10_LP/NIOS_II/My_First_NIOS_II_Platform_Designer/synthesis/submodules/My_First_NIOS_II_Platform_Designer_GPIO.v Line: 21
Info (12021): Found 5 design units, including 5 entities, in source file my_first_nios_ii_platform_designer/synthesis/submodules/my_first_nios_ii_platform_designer_debug.v
    Info (12023): Found entity 1: My_First_NIOS_II_Platform_Designer_DEBUG_sim_scfifo_w File: C:/Users/guan-ming.dennis-won/Documents/Code/Workspace/Workspace/Cyclone_10_LP/NIOS_II/My_First_NIOS_II_Platform_Designer/synthesis/submodules/My_First_NIOS_II_Platform_Designer_DEBUG.v Line: 21
    Info (12023): Found entity 2: My_First_NIOS_II_Platform_Designer_DEBUG_scfifo_w File: C:/Users/guan-ming.dennis-won/Documents/Code/Workspace/Workspace/Cyclone_10_LP/NIOS_II/My_First_NIOS_II_Platform_Designer/synthesis/submodules/My_First_NIOS_II_Platform_Designer_DEBUG.v Line: 78
    Info (12023): Found entity 3: My_First_NIOS_II_Platform_Designer_DEBUG_sim_scfifo_r File: C:/Users/guan-ming.dennis-won/Documents/Code/Workspace/Workspace/Cyclone_10_LP/NIOS_II/My_First_NIOS_II_Platform_Designer/synthesis/submodules/My_First_NIOS_II_Platform_Designer_DEBUG.v Line: 164
    Info (12023): Found entity 4: My_First_NIOS_II_Platform_Designer_DEBUG_scfifo_r File: C:/Users/guan-ming.dennis-won/Documents/Code/Workspace/Workspace/Cyclone_10_LP/NIOS_II/My_First_NIOS_II_Platform_Designer/synthesis/submodules/My_First_NIOS_II_Platform_Designer_DEBUG.v Line: 243
    Info (12023): Found entity 5: My_First_NIOS_II_Platform_Designer_DEBUG File: C:/Users/guan-ming.dennis-won/Documents/Code/Workspace/Workspace/Cyclone_10_LP/NIOS_II/My_First_NIOS_II_Platform_Designer/synthesis/submodules/My_First_NIOS_II_Platform_Designer_DEBUG.v Line: 331
Info (12021): Found 1 design units, including 1 entities, in source file my_first_nios_ii.v
    Info (12023): Found entity 1: My_First_NIOS_II File: C:/Users/guan-ming.dennis-won/Documents/Code/Workspace/Workspace/Cyclone_10_LP/NIOS_II/My_First_NIOS_II.v Line: 2
Info (12021): Found 1 design units, including 1 entities, in source file tb_my_first_nios_ii.v
    Info (12023): Found entity 1: tb_My_First_NIOS_II File: C:/Users/guan-ming.dennis-won/Documents/Code/Workspace/Workspace/Cyclone_10_LP/NIOS_II/tb_My_First_NIOS_II.v Line: 3
Info (12021): Found 1 design units, including 1 entities, in source file adc_interface.v
    Info (12023): Found entity 1: adc_interface File: C:/Users/guan-ming.dennis-won/Documents/Code/Workspace/Workspace/Cyclone_10_LP/NIOS_II/adc_interface.v Line: 10
Warning (10236): Verilog HDL Implicit Net warning at adc_interface.v(255): created implicit net for "SPI_BUSY" File: C:/Users/guan-ming.dennis-won/Documents/Code/Workspace/Workspace/Cyclone_10_LP/NIOS_II/adc_interface.v Line: 255
Info (12127): Elaborating entity "My_First_NIOS_II" for the top level hierarchy
Warning (10034): Output port "LEDG" at My_First_NIOS_II.v(5) has no driver File: C:/Users/guan-ming.dennis-won/Documents/Code/Workspace/Workspace/Cyclone_10_LP/NIOS_II/My_First_NIOS_II.v Line: 5
Warning (10034): Output port "RESET_ADC" at My_First_NIOS_II.v(7) has no driver File: C:/Users/guan-ming.dennis-won/Documents/Code/Workspace/Workspace/Cyclone_10_LP/NIOS_II/My_First_NIOS_II.v Line: 7
Warning (10034): Output port "SPI_MOSI" at My_First_NIOS_II.v(18) has no driver File: C:/Users/guan-ming.dennis-won/Documents/Code/Workspace/Workspace/Cyclone_10_LP/NIOS_II/My_First_NIOS_II.v Line: 18
Warning (10034): Output port "SPI_CLOCK" at My_First_NIOS_II.v(19) has no driver File: C:/Users/guan-ming.dennis-won/Documents/Code/Workspace/Workspace/Cyclone_10_LP/NIOS_II/My_First_NIOS_II.v Line: 19
Warning (10034): Output port "SPI_SS" at My_First_NIOS_II.v(20) has no driver File: C:/Users/guan-ming.dennis-won/Documents/Code/Workspace/Workspace/Cyclone_10_LP/NIOS_II/My_First_NIOS_II.v Line: 20
Warning (10034): Output port "ADC0_RESET" at My_First_NIOS_II.v(21) has no driver File: C:/Users/guan-ming.dennis-won/Documents/Code/Workspace/Workspace/Cyclone_10_LP/NIOS_II/My_First_NIOS_II.v Line: 21
Warning (10034): Output port "esc_spi_external_MOSI" at My_First_NIOS_II.v(24) has no driver File: C:/Users/guan-ming.dennis-won/Documents/Code/Workspace/Workspace/Cyclone_10_LP/NIOS_II/My_First_NIOS_II.v Line: 24
Warning (10034): Output port "esc_spi_external_SCLK" at My_First_NIOS_II.v(25) has no driver File: C:/Users/guan-ming.dennis-won/Documents/Code/Workspace/Workspace/Cyclone_10_LP/NIOS_II/My_First_NIOS_II.v Line: 25
Warning (10034): Output port "esc_spi_external_SS_n" at My_First_NIOS_II.v(27) has no driver File: C:/Users/guan-ming.dennis-won/Documents/Code/Workspace/Workspace/Cyclone_10_LP/NIOS_II/My_First_NIOS_II.v Line: 27
Info (12128): Elaborating entity "adc_interface" for hierarchy "adc_interface:adc_uut1" File: C:/Users/guan-ming.dennis-won/Documents/Code/Workspace/Workspace/Cyclone_10_LP/NIOS_II/My_First_NIOS_II.v Line: 59
Warning (10036): Verilog HDL or VHDL warning at adc_interface.v(255): object "SPI_BUSY" assigned a value but never read File: C:/Users/guan-ming.dennis-won/Documents/Code/Workspace/Workspace/Cyclone_10_LP/NIOS_II/adc_interface.v Line: 255
Warning (10036): Verilog HDL or VHDL warning at adc_interface.v(45): object "stop_tx" assigned a value but never read File: C:/Users/guan-ming.dennis-won/Documents/Code/Workspace/Workspace/Cyclone_10_LP/NIOS_II/adc_interface.v Line: 45
Warning (10036): Verilog HDL or VHDL warning at adc_interface.v(55): object "tx_buffer_0" assigned a value but never read File: C:/Users/guan-ming.dennis-won/Documents/Code/Workspace/Workspace/Cyclone_10_LP/NIOS_II/adc_interface.v Line: 55
Warning (10036): Verilog HDL or VHDL warning at adc_interface.v(59): object "asserted_low" assigned a value but never read File: C:/Users/guan-ming.dennis-won/Documents/Code/Workspace/Workspace/Cyclone_10_LP/NIOS_II/adc_interface.v Line: 59
Warning (10036): Verilog HDL or VHDL warning at adc_interface.v(60): object "last_bit" assigned a value but never read File: C:/Users/guan-ming.dennis-won/Documents/Code/Workspace/Workspace/Cyclone_10_LP/NIOS_II/adc_interface.v Line: 60
Warning (10230): Verilog HDL assignment warning at adc_interface.v(93): truncated value with size 32 to match size of target (5) File: C:/Users/guan-ming.dennis-won/Documents/Code/Workspace/Workspace/Cyclone_10_LP/NIOS_II/adc_interface.v Line: 93
Warning (10230): Verilog HDL assignment warning at adc_interface.v(107): truncated value with size 32 to match size of target (9) File: C:/Users/guan-ming.dennis-won/Documents/Code/Workspace/Workspace/Cyclone_10_LP/NIOS_II/adc_interface.v Line: 107
Warning (10230): Verilog HDL assignment warning at adc_interface.v(148): truncated value with size 32 to match size of target (11) File: C:/Users/guan-ming.dennis-won/Documents/Code/Workspace/Workspace/Cyclone_10_LP/NIOS_II/adc_interface.v Line: 148
Warning (10230): Verilog HDL assignment warning at adc_interface.v(163): truncated value with size 32 to match size of target (11) File: C:/Users/guan-ming.dennis-won/Documents/Code/Workspace/Workspace/Cyclone_10_LP/NIOS_II/adc_interface.v Line: 163
Warning (10230): Verilog HDL assignment warning at adc_interface.v(168): truncated value with size 32 to match size of target (11) File: C:/Users/guan-ming.dennis-won/Documents/Code/Workspace/Workspace/Cyclone_10_LP/NIOS_II/adc_interface.v Line: 168
Warning (10230): Verilog HDL assignment warning at adc_interface.v(173): truncated value with size 32 to match size of target (11) File: C:/Users/guan-ming.dennis-won/Documents/Code/Workspace/Workspace/Cyclone_10_LP/NIOS_II/adc_interface.v Line: 173
Warning (10034): Output port "ADC_RESET" at adc_interface.v(20) has no driver File: C:/Users/guan-ming.dennis-won/Documents/Code/Workspace/Workspace/Cyclone_10_LP/NIOS_II/adc_interface.v Line: 20
Info (12021): Found 1 design units, including 1 entities, in source file db/altsyncram_r124.tdf
    Info (12023): Found entity 1: altsyncram_r124 File: C:/Users/guan-ming.dennis-won/Documents/Code/Workspace/Workspace/Cyclone_10_LP/NIOS_II/db/altsyncram_r124.tdf Line: 27
Info (12021): Found 1 design units, including 1 entities, in source file db/mux_lsc.tdf
    Info (12023): Found entity 1: mux_lsc File: C:/Users/guan-ming.dennis-won/Documents/Code/Workspace/Workspace/Cyclone_10_LP/NIOS_II/db/mux_lsc.tdf Line: 22
Info (12021): Found 1 design units, including 1 entities, in source file db/decode_6vf.tdf
    Info (12023): Found entity 1: decode_6vf File: C:/Users/guan-ming.dennis-won/Documents/Code/Workspace/Workspace/Cyclone_10_LP/NIOS_II/db/decode_6vf.tdf Line: 22
Info (12021): Found 1 design units, including 1 entities, in source file db/cntr_mei.tdf
    Info (12023): Found entity 1: cntr_mei File: C:/Users/guan-ming.dennis-won/Documents/Code/Workspace/Workspace/Cyclone_10_LP/NIOS_II/db/cntr_mei.tdf Line: 27
Info (12021): Found 1 design units, including 1 entities, in source file db/cmpr_igc.tdf
    Info (12023): Found entity 1: cmpr_igc File: C:/Users/guan-ming.dennis-won/Documents/Code/Workspace/Workspace/Cyclone_10_LP/NIOS_II/db/cmpr_igc.tdf Line: 22
Info (12021): Found 1 design units, including 1 entities, in source file db/cntr_b6j.tdf
    Info (12023): Found entity 1: cntr_b6j File: C:/Users/guan-ming.dennis-won/Documents/Code/Workspace/Workspace/Cyclone_10_LP/NIOS_II/db/cntr_b6j.tdf Line: 25
Info (12021): Found 1 design units, including 1 entities, in source file db/cntr_7gi.tdf
    Info (12023): Found entity 1: cntr_7gi File: C:/Users/guan-ming.dennis-won/Documents/Code/Workspace/Workspace/Cyclone_10_LP/NIOS_II/db/cntr_7gi.tdf Line: 27
Info (12021): Found 1 design units, including 1 entities, in source file db/cmpr_jgc.tdf
    Info (12023): Found entity 1: cmpr_jgc File: C:/Users/guan-ming.dennis-won/Documents/Code/Workspace/Workspace/Cyclone_10_LP/NIOS_II/db/cmpr_jgc.tdf Line: 22
Info (12021): Found 1 design units, including 1 entities, in source file db/cntr_r2j.tdf
    Info (12023): Found entity 1: cntr_r2j File: C:/Users/guan-ming.dennis-won/Documents/Code/Workspace/Workspace/Cyclone_10_LP/NIOS_II/db/cntr_r2j.tdf Line: 27
Info (12021): Found 1 design units, including 1 entities, in source file db/cmpr_ggc.tdf
    Info (12023): Found entity 1: cmpr_ggc File: C:/Users/guan-ming.dennis-won/Documents/Code/Workspace/Workspace/Cyclone_10_LP/NIOS_II/db/cmpr_ggc.tdf Line: 22
Info (12033): Analysis and Synthesis generated Signal Tap or debug node instance "auto_signaltap_0"
Info (11170): Starting IP generation for the debug fabric: alt_sld_fab.
Info (11172): 2025.03.14.16:40:22 Progress: Loading sld4f5a1263/alt_sld_fab_wrapper_hw.tcl
Info (11172): Alt_sld_fab.alt_sld_fab: SLD fabric agents which did not specify prefer_host were connected to JTAG
Info (11172): Alt_sld_fab: Generating alt_sld_fab "alt_sld_fab" for QUARTUS_SYNTH
Info (11172): Alt_sld_fab: "alt_sld_fab" instantiated alt_sld_fab "alt_sld_fab"
Info (11172): Presplit: "alt_sld_fab" instantiated altera_super_splitter "presplit"
Info (11172): Splitter: "alt_sld_fab" instantiated altera_sld_splitter "splitter"
Info (11172): Sldfabric: "alt_sld_fab" instantiated altera_sld_jtag_hub "sldfabric"
Info (11172): Ident: "alt_sld_fab" instantiated altera_connection_identification_hub "ident"
Info (11172): Alt_sld_fab: Done "alt_sld_fab" with 6 modules, 6 files
Info (11171): Finished IP generation for the debug fabric: alt_sld_fab.
Info (12021): Found 1 design units, including 1 entities, in source file db/ip/sld4f5a1263/alt_sld_fab.v
    Info (12023): Found entity 1: alt_sld_fab File: C:/Users/guan-ming.dennis-won/Documents/Code/Workspace/Workspace/Cyclone_10_LP/NIOS_II/db/ip/sld4f5a1263/alt_sld_fab.v Line: 9
Info (12021): Found 1 design units, including 1 entities, in source file db/ip/sld4f5a1263/submodules/alt_sld_fab_alt_sld_fab.v
    Info (12023): Found entity 1: alt_sld_fab_alt_sld_fab File: C:/Users/guan-ming.dennis-won/Documents/Code/Workspace/Workspace/Cyclone_10_LP/NIOS_II/db/ip/sld4f5a1263/submodules/alt_sld_fab_alt_sld_fab.v Line: 9
Info (12021): Found 1 design units, including 1 entities, in source file db/ip/sld4f5a1263/submodules/alt_sld_fab_alt_sld_fab_ident.sv
    Info (12023): Found entity 1: alt_sld_fab_alt_sld_fab_ident File: C:/Users/guan-ming.dennis-won/Documents/Code/Workspace/Workspace/Cyclone_10_LP/NIOS_II/db/ip/sld4f5a1263/submodules/alt_sld_fab_alt_sld_fab_ident.sv Line: 33
Info (12021): Found 1 design units, including 1 entities, in source file db/ip/sld4f5a1263/submodules/alt_sld_fab_alt_sld_fab_presplit.sv
    Info (12023): Found entity 1: alt_sld_fab_alt_sld_fab_presplit File: C:/Users/guan-ming.dennis-won/Documents/Code/Workspace/Workspace/Cyclone_10_LP/NIOS_II/db/ip/sld4f5a1263/submodules/alt_sld_fab_alt_sld_fab_presplit.sv Line: 3
Info (12021): Found 2 design units, including 1 entities, in source file db/ip/sld4f5a1263/submodules/alt_sld_fab_alt_sld_fab_sldfabric.vhd
    Info (12022): Found design unit 1: alt_sld_fab_alt_sld_fab_sldfabric-rtl File: C:/Users/guan-ming.dennis-won/Documents/Code/Workspace/Workspace/Cyclone_10_LP/NIOS_II/db/ip/sld4f5a1263/submodules/alt_sld_fab_alt_sld_fab_sldfabric.vhd Line: 102
    Info (12023): Found entity 1: alt_sld_fab_alt_sld_fab_sldfabric File: C:/Users/guan-ming.dennis-won/Documents/Code/Workspace/Workspace/Cyclone_10_LP/NIOS_II/db/ip/sld4f5a1263/submodules/alt_sld_fab_alt_sld_fab_sldfabric.vhd Line: 11
Info (12021): Found 1 design units, including 1 entities, in source file db/ip/sld4f5a1263/submodules/alt_sld_fab_alt_sld_fab_splitter.sv
    Info (12023): Found entity 1: alt_sld_fab_alt_sld_fab_splitter File: C:/Users/guan-ming.dennis-won/Documents/Code/Workspace/Workspace/Cyclone_10_LP/NIOS_II/db/ip/sld4f5a1263/submodules/alt_sld_fab_alt_sld_fab_splitter.sv Line: 3
Warning (13024): Output pins are stuck at VCC or GND
    Warning (13410): Pin "LEDG[0]" is stuck at GND File: C:/Users/guan-ming.dennis-won/Documents/Code/Workspace/Workspace/Cyclone_10_LP/NIOS_II/My_First_NIOS_II.v Line: 5
    Warning (13410): Pin "LEDG[1]" is stuck at GND File: C:/Users/guan-ming.dennis-won/Documents/Code/Workspace/Workspace/Cyclone_10_LP/NIOS_II/My_First_NIOS_II.v Line: 5
    Warning (13410): Pin "LEDG[2]" is stuck at GND File: C:/Users/guan-ming.dennis-won/Documents/Code/Workspace/Workspace/Cyclone_10_LP/NIOS_II/My_First_NIOS_II.v Line: 5
    Warning (13410): Pin "LEDG[3]" is stuck at GND File: C:/Users/guan-ming.dennis-won/Documents/Code/Workspace/Workspace/Cyclone_10_LP/NIOS_II/My_First_NIOS_II.v Line: 5
    Warning (13410): Pin "LEDG[4]" is stuck at GND File: C:/Users/guan-ming.dennis-won/Documents/Code/Workspace/Workspace/Cyclone_10_LP/NIOS_II/My_First_NIOS_II.v Line: 5
    Warning (13410): Pin "LEDG[5]" is stuck at GND File: C:/Users/guan-ming.dennis-won/Documents/Code/Workspace/Workspace/Cyclone_10_LP/NIOS_II/My_First_NIOS_II.v Line: 5
    Warning (13410): Pin "LEDG[6]" is stuck at GND File: C:/Users/guan-ming.dennis-won/Documents/Code/Workspace/Workspace/Cyclone_10_LP/NIOS_II/My_First_NIOS_II.v Line: 5
    Warning (13410): Pin "LEDG[7]" is stuck at GND File: C:/Users/guan-ming.dennis-won/Documents/Code/Workspace/Workspace/Cyclone_10_LP/NIOS_II/My_First_NIOS_II.v Line: 5
    Warning (13410): Pin "RESET_ADC[0]" is stuck at GND File: C:/Users/guan-ming.dennis-won/Documents/Code/Workspace/Workspace/Cyclone_10_LP/NIOS_II/My_First_NIOS_II.v Line: 7
    Warning (13410): Pin "RESET_ADC[1]" is stuck at GND File: C:/Users/guan-ming.dennis-won/Documents/Code/Workspace/Workspace/Cyclone_10_LP/NIOS_II/My_First_NIOS_II.v Line: 7
    Warning (13410): Pin "RESET_ADC[2]" is stuck at GND File: C:/Users/guan-ming.dennis-won/Documents/Code/Workspace/Workspace/Cyclone_10_LP/NIOS_II/My_First_NIOS_II.v Line: 7
    Warning (13410): Pin "RESET_ADC[3]" is stuck at GND File: C:/Users/guan-ming.dennis-won/Documents/Code/Workspace/Workspace/Cyclone_10_LP/NIOS_II/My_First_NIOS_II.v Line: 7
    Warning (13410): Pin "RESET_ADC[4]" is stuck at GND File: C:/Users/guan-ming.dennis-won/Documents/Code/Workspace/Workspace/Cyclone_10_LP/NIOS_II/My_First_NIOS_II.v Line: 7
    Warning (13410): Pin "RESET_ADC[5]" is stuck at GND File: C:/Users/guan-ming.dennis-won/Documents/Code/Workspace/Workspace/Cyclone_10_LP/NIOS_II/My_First_NIOS_II.v Line: 7
    Warning (13410): Pin "RESET_ADC[6]" is stuck at GND File: C:/Users/guan-ming.dennis-won/Documents/Code/Workspace/Workspace/Cyclone_10_LP/NIOS_II/My_First_NIOS_II.v Line: 7
    Warning (13410): Pin "RESET_ADC[7]" is stuck at GND File: C:/Users/guan-ming.dennis-won/Documents/Code/Workspace/Workspace/Cyclone_10_LP/NIOS_II/My_First_NIOS_II.v Line: 7
    Warning (13410): Pin "ADC1_RESET" is stuck at GND File: C:/Users/guan-ming.dennis-won/Documents/Code/Workspace/Workspace/Cyclone_10_LP/NIOS_II/My_First_NIOS_II.v Line: 15
    Warning (13410): Pin "SPI_MOSI" is stuck at GND File: C:/Users/guan-ming.dennis-won/Documents/Code/Workspace/Workspace/Cyclone_10_LP/NIOS_II/My_First_NIOS_II.v Line: 18
    Warning (13410): Pin "SPI_CLOCK" is stuck at GND File: C:/Users/guan-ming.dennis-won/Documents/Code/Workspace/Workspace/Cyclone_10_LP/NIOS_II/My_First_NIOS_II.v Line: 19
    Warning (13410): Pin "SPI_SS" is stuck at GND File: C:/Users/guan-ming.dennis-won/Documents/Code/Workspace/Workspace/Cyclone_10_LP/NIOS_II/My_First_NIOS_II.v Line: 20
    Warning (13410): Pin "ADC0_RESET" is stuck at GND File: C:/Users/guan-ming.dennis-won/Documents/Code/Workspace/Workspace/Cyclone_10_LP/NIOS_II/My_First_NIOS_II.v Line: 21
    Warning (13410): Pin "esc_spi_external_MOSI" is stuck at GND File: C:/Users/guan-ming.dennis-won/Documents/Code/Workspace/Workspace/Cyclone_10_LP/NIOS_II/My_First_NIOS_II.v Line: 24
    Warning (13410): Pin "esc_spi_external_SCLK" is stuck at GND File: C:/Users/guan-ming.dennis-won/Documents/Code/Workspace/Workspace/Cyclone_10_LP/NIOS_II/My_First_NIOS_II.v Line: 25
    Warning (13410): Pin "esc_spi_external_SS_n" is stuck at GND File: C:/Users/guan-ming.dennis-won/Documents/Code/Workspace/Workspace/Cyclone_10_LP/NIOS_II/My_First_NIOS_II.v Line: 27
Info (286031): Timing-Driven Synthesis is running on partition "Top"
Info (17049): 7 registers lost all their fanouts during netlist optimizations.
Warning (20013): Ignored 19 assignments for entity "My_First_NIOS_II_Platform_Designer" -- entity does not exist in design
Warning (20013): Ignored 24 assignments for entity "My_First_NIOS_II_Platform_Designer_DEBUG" -- entity does not exist in design
Warning (20013): Ignored 22 assignments for entity "My_First_NIOS_II_Platform_Designer_GPIO" -- entity does not exist in design
Warning (20013): Ignored 149 assignments for entity "My_First_NIOS_II_Platform_Designer_HelloNios" -- entity does not exist in design
Warning (20013): Ignored 179 assignments for entity "My_First_NIOS_II_Platform_Designer_HelloNios_cpu" -- entity does not exist in design
Warning (20013): Ignored 38 assignments for entity "My_First_NIOS_II_Platform_Designer_SRAM" -- entity does not exist in design
Warning (20013): Ignored 26 assignments for entity "My_First_NIOS_II_Platform_Designer_TIMER" -- entity does not exist in design
Warning (20013): Ignored 24 assignments for entity "My_First_NIOS_II_Platform_Designer_adc_1_spi" -- entity does not exist in design
Warning (20013): Ignored 24 assignments for entity "My_First_NIOS_II_Platform_Designer_esc_spi" -- entity does not exist in design
Warning (20013): Ignored 14 assignments for entity "My_First_NIOS_II_Platform_Designer_irq_mapper" -- entity does not exist in design
Warning (20013): Ignored 12 assignments for entity "My_First_NIOS_II_Platform_Designer_mm_interconnect_0" -- entity does not exist in design
Warning (20013): Ignored 32 assignments for entity "My_First_NIOS_II_Platform_Designer_mm_interconnect_0_avalon_st_adapter" -- entity does not exist in design
Warning (20013): Ignored 19 assignments for entity "My_First_NIOS_II_Platform_Designer_mm_interconnect_0_avalon_st_adapter_error_adapter_0" -- entity does not exist in design
Warning (20013): Ignored 17 assignments for entity "My_First_NIOS_II_Platform_Designer_mm_interconnect_0_cmd_demux" -- entity does not exist in design
Warning (20013): Ignored 17 assignments for entity "My_First_NIOS_II_Platform_Designer_mm_interconnect_0_cmd_demux_001" -- entity does not exist in design
Warning (20013): Ignored 19 assignments for entity "My_First_NIOS_II_Platform_Designer_mm_interconnect_0_cmd_mux" -- entity does not exist in design
Warning (20013): Ignored 19 assignments for entity "My_First_NIOS_II_Platform_Designer_mm_interconnect_0_cmd_mux_001" -- entity does not exist in design
Warning (20013): Ignored 36 assignments for entity "My_First_NIOS_II_Platform_Designer_mm_interconnect_0_router" -- entity does not exist in design
Warning (20013): Ignored 36 assignments for entity "My_First_NIOS_II_Platform_Designer_mm_interconnect_0_router_001" -- entity does not exist in design
Warning (20013): Ignored 36 assignments for entity "My_First_NIOS_II_Platform_Designer_mm_interconnect_0_router_002" -- entity does not exist in design
Warning (20013): Ignored 36 assignments for entity "My_First_NIOS_II_Platform_Designer_mm_interconnect_0_router_003" -- entity does not exist in design
Warning (20013): Ignored 17 assignments for entity "My_First_NIOS_II_Platform_Designer_mm_interconnect_0_rsp_demux" -- entity does not exist in design
Warning (20013): Ignored 19 assignments for entity "My_First_NIOS_II_Platform_Designer_mm_interconnect_0_rsp_mux" -- entity does not exist in design
Warning (20013): Ignored 19 assignments for entity "My_First_NIOS_II_Platform_Designer_mm_interconnect_0_rsp_mux_001" -- entity does not exist in design
Warning (20013): Ignored 23 assignments for entity "altera_avalon_sc_fifo" -- entity does not exist in design
Warning (20013): Ignored 64 assignments for entity "altera_merlin_master_agent" -- entity does not exist in design
Warning (20013): Ignored 55 assignments for entity "altera_merlin_master_translator" -- entity does not exist in design
Warning (20013): Ignored 53 assignments for entity "altera_merlin_slave_agent" -- entity does not exist in design
Warning (20013): Ignored 68 assignments for entity "altera_merlin_slave_translator" -- entity does not exist in design
Warning (20013): Ignored 35 assignments for entity "altera_reset_controller" -- entity does not exist in design
Info (144001): Generated suppressed messages file C:/Users/guan-ming.dennis-won/Documents/Code/Workspace/Workspace/Cyclone_10_LP/NIOS_II/output_files/My_First_NIOS_II.map.smsg
Info (35024): Successfully connected in-system debug instance "auto_signaltap_0" to all 45 required data inputs, trigger inputs, acquisition clocks, and dynamic pins
Info (16010): Generating hard_block partition "hard_block:auto_generated_inst"
    Info (16011): Adding 0 node(s), including 0 DDIO, 0 PLL, 0 transceiver and 0 LCELL
Warning (21074): Design contains 2 input pin(s) that do not drive logic
    Warning (15610): No output dependent on input pin "SPI_MISO" File: C:/Users/guan-ming.dennis-won/Documents/Code/Workspace/Workspace/Cyclone_10_LP/NIOS_II/My_First_NIOS_II.v Line: 17
    Warning (15610): No output dependent on input pin "esc_spi_external_MISO" File: C:/Users/guan-ming.dennis-won/Documents/Code/Workspace/Workspace/Cyclone_10_LP/NIOS_II/My_First_NIOS_II.v Line: 23
Info (21057): Implemented 735 device resources after synthesis - the final resource count might be different
    Info (21058): Implemented 9 input pins
    Info (21059): Implemented 28 output pins
    Info (21061): Implemented 691 logic cells
    Info (21064): Implemented 6 RAM segments
Info: Quartus Prime Analysis & Synthesis was successful. 0 errors, 81 warnings
    Info: Peak virtual memory: 4869 megabytes
    Info: Processing ended: Fri Mar 14 16:40:35 2025
    Info: Elapsed time: 00:00:35
    Info: Total CPU time (on all processors): 00:00:15


+------------------------------------------+
; Analysis & Synthesis Suppressed Messages ;
+------------------------------------------+
The suppressed messages can be found in C:/Users/guan-ming.dennis-won/Documents/Code/Workspace/Workspace/Cyclone_10_LP/NIOS_II/output_files/My_First_NIOS_II.map.smsg.


