Fitter report for My_First_NIOS_II
Fri Mar 07 15:35:07 2025
Quartus Prime Version 18.1.0 Build 625 09/12/2018 SJ Lite Edition


---------------------
; Table of Contents ;
---------------------
  1. Legal Notice
  2. Fitter Summary
  3. Fitter Settings
  4. Parallel Compilation
  5. Fitter Netlist Optimizations
  6. Ignored Assignments
  7. Incremental Compilation Preservation Summary
  8. Incremental Compilation Partition Settings
  9. Incremental Compilation Placement Preservation
 10. Pin-Out File
 11. Fitter Resource Usage Summary
 12. Fitter Partition Statistics
 13. Input Pins
 14. Output Pins
 15. Dual Purpose and Dedicated Pins
 16. I/O Bank Usage
 17. All Package Pins
 18. I/O Assignment Warnings
 19. Fitter Resource Utilization by Entity
 20. Delay Chain Summary
 21. Pad To Core Delay Chain Fanout
 22. Control Signals
 23. Global & Other Fast Signals
 24. Fitter RAM Summary
 25. |My_First_NIOS_II|My_First_NIOS_II_Platform_Designer:u0|My_First_NIOS_II_Platform_Designer_SRAM:sram|altsyncram:the_altsyncram|altsyncram_g4u1:auto_generated|ALTSYNCRAM
 26. Routing Usage Summary
 27. LAB Logic Elements
 28. LAB-wide Signals
 29. LAB Signals Sourced
 30. LAB Signals Sourced Out
 31. LAB Distinct Inputs
 32. I/O Rules Summary
 33. I/O Rules Details
 34. I/O Rules Matrix
 35. Fitter Device Options
 36. Operating Settings and Conditions
 37. Fitter Messages
 38. Fitter Suppressed Messages



----------------
; Legal Notice ;
----------------
Copyright (C) 2018  Intel Corporation. All rights reserved.
Your use of Intel Corporation's design tools, logic functions 
and other software and tools, and its AMPP partner logic 
functions, and any output files from any of the foregoing 
(including device programming or simulation files), and any 
associated documentation or information are expressly subject 
to the terms and conditions of the Intel Program License 
Subscription Agreement, the Intel Quartus Prime License Agreement,
the Intel FPGA IP License Agreement, or other applicable license
agreement, including, without limitation, that your use is for
the sole purpose of programming logic devices manufactured by
Intel and sold by Intel or its authorized distributors.  Please
refer to the applicable agreement for further details.



+----------------------------------------------------------------------------------+
; Fitter Summary                                                                   ;
+------------------------------------+---------------------------------------------+
; Fitter Status                      ; Successful - Fri Mar 07 15:35:07 2025       ;
; Quartus Prime Version              ; 18.1.0 Build 625 09/12/2018 SJ Lite Edition ;
; Revision Name                      ; My_First_NIOS_II                            ;
; Top-level Entity Name              ; My_First_NIOS_II                            ;
; Family                             ; Cyclone 10 LP                               ;
; Device                             ; 10CL025YU256I7G                             ;
; Timing Models                      ; Final                                       ;
; Total logic elements               ; 2,924 / 24,624 ( 12 % )                     ;
;     Total combinational functions  ; 2,459 / 24,624 ( 10 % )                     ;
;     Dedicated logic registers      ; 1,916 / 24,624 ( 8 % )                      ;
; Total registers                    ; 1916                                        ;
; Total pins                         ; 21 / 151 ( 14 % )                           ;
; Total virtual pins                 ; 0                                           ;
; Total memory bits                  ; 45,568 / 608,256 ( 7 % )                    ;
; Embedded Multiplier 9-bit elements ; 0 / 132 ( 0 % )                             ;
; Total PLLs                         ; 0 / 4 ( 0 % )                               ;
+------------------------------------+---------------------------------------------+


+----------------------------------------------------------------------------------------------------------------------------------------------------+
; Fitter Settings                                                                                                                                    ;
+--------------------------------------------------------------------+---------------------------------------+---------------------------------------+
; Option                                                             ; Setting                               ; Default Value                         ;
+--------------------------------------------------------------------+---------------------------------------+---------------------------------------+
; Device                                                             ; 10CL025YU256I7G                       ;                                       ;
; Minimum Core Junction Temperature                                  ; -40                                   ;                                       ;
; Maximum Core Junction Temperature                                  ; 100                                   ;                                       ;
; Fit Attempts to Skip                                               ; 0                                     ; 0.0                                   ;
; Use smart compilation                                              ; Off                                   ; Off                                   ;
; Enable parallel Assembler and Timing Analyzer during compilation   ; On                                    ; On                                    ;
; Enable compact report table                                        ; Off                                   ; Off                                   ;
; Auto Merge PLLs                                                    ; On                                    ; On                                    ;
; Router Timing Optimization Level                                   ; Normal                                ; Normal                                ;
; Perform Clocking Topology Analysis During Routing                  ; Off                                   ; Off                                   ;
; Placement Effort Multiplier                                        ; 1.0                                   ; 1.0                                   ;
; Router Effort Multiplier                                           ; 1.0                                   ; 1.0                                   ;
; Optimize Hold Timing                                               ; All Paths                             ; All Paths                             ;
; Optimize Multi-Corner Timing                                       ; On                                    ; On                                    ;
; Power Optimization During Fitting                                  ; Normal compilation                    ; Normal compilation                    ;
; SSN Optimization                                                   ; Off                                   ; Off                                   ;
; Optimize Timing                                                    ; Normal compilation                    ; Normal compilation                    ;
; Optimize Timing for ECOs                                           ; Off                                   ; Off                                   ;
; Regenerate Full Fit Report During ECO Compiles                     ; Off                                   ; Off                                   ;
; Optimize IOC Register Placement for Timing                         ; Normal                                ; Normal                                ;
; Limit to One Fitting Attempt                                       ; Off                                   ; Off                                   ;
; Final Placement Optimizations                                      ; Automatically                         ; Automatically                         ;
; Fitter Aggressive Routability Optimizations                        ; Automatically                         ; Automatically                         ;
; Fitter Initial Placement Seed                                      ; 1                                     ; 1                                     ;
; Periphery to Core Placement and Routing Optimization               ; Off                                   ; Off                                   ;
; PCI I/O                                                            ; Off                                   ; Off                                   ;
; Weak Pull-Up Resistor                                              ; Off                                   ; Off                                   ;
; Enable Bus-Hold Circuitry                                          ; Off                                   ; Off                                   ;
; Auto Packed Registers                                              ; Auto                                  ; Auto                                  ;
; Auto Delay Chains                                                  ; On                                    ; On                                    ;
; Auto Delay Chains for High Fanout Input Pins                       ; Off                                   ; Off                                   ;
; Allow Single-ended Buffer for Differential-XSTL Input              ; Off                                   ; Off                                   ;
; Treat Bidirectional Pin as Output Pin                              ; Off                                   ; Off                                   ;
; Perform Physical Synthesis for Combinational Logic for Fitting     ; Off                                   ; Off                                   ;
; Perform Physical Synthesis for Combinational Logic for Performance ; Off                                   ; Off                                   ;
; Perform Register Duplication for Performance                       ; Off                                   ; Off                                   ;
; Perform Logic to Memory Mapping for Fitting                        ; Off                                   ; Off                                   ;
; Perform Register Retiming for Performance                          ; Off                                   ; Off                                   ;
; Perform Asynchronous Signal Pipelining                             ; Off                                   ; Off                                   ;
; Fitter Effort                                                      ; Auto Fit                              ; Auto Fit                              ;
; Physical Synthesis Effort Level                                    ; Normal                                ; Normal                                ;
; Logic Cell Insertion - Logic Duplication                           ; Auto                                  ; Auto                                  ;
; Auto Register Duplication                                          ; Auto                                  ; Auto                                  ;
; Auto Global Clock                                                  ; On                                    ; On                                    ;
; Auto Global Register Control Signals                               ; On                                    ; On                                    ;
; Reserve all unused pins                                            ; As input tri-stated with weak pull-up ; As input tri-stated with weak pull-up ;
; Synchronizer Identification                                        ; Auto                                  ; Auto                                  ;
; Enable Beneficial Skew Optimization                                ; On                                    ; On                                    ;
; Optimize Design for Metastability                                  ; On                                    ; On                                    ;
; Force Fitter to Avoid Periphery Placement Warnings                 ; Off                                   ; Off                                   ;
; Enable input tri-state on active configuration pins in user mode   ; Off                                   ; Off                                   ;
+--------------------------------------------------------------------+---------------------------------------+---------------------------------------+


+------------------------------------------+
; Parallel Compilation                     ;
+----------------------------+-------------+
; Processors                 ; Number      ;
+----------------------------+-------------+
; Number detected on machine ; 8           ;
; Maximum allowed            ; 4           ;
;                            ;             ;
; Average used               ; 1.18        ;
; Maximum used               ; 4           ;
;                            ;             ;
; Usage by Processor         ; % Time Used ;
;     Processor 1            ; 100.0%      ;
;     Processor 2            ;   6.0%      ;
;     Processor 3            ;   5.9%      ;
;     Processor 4            ;   5.9%      ;
+----------------------------+-------------+


+----------------------------------------------------------------------------------------------------------------------------------------------------------------------------------------------------------------------------------------------------------------------------------------------------------------------------------------------------------------------------------------------------------------------------------------------------------------------------------------------------------------------------------------------------------------------------------------------------------+
; Fitter Netlist Optimizations                                                                                                                                                                                                                                                                                                                                                                                                                                                                                                                                                                             ;
+----------------------------------------------------------------------------------------------------------------------------------------------------------------------------+-----------------+------------------+---------------------+-----------+----------------+------------------------------------------------------------------------------------------------------------------------------------------------------------------------------------------------------------------------------------------------------------------------------------------+------------------+-----------------------+
; Node                                                                                                                                                                       ; Action          ; Operation        ; Reason              ; Node Port ; Node Port Name ; Destination Node                                                                                                                                                                                                                                                                         ; Destination Port ; Destination Port Name ;
+----------------------------------------------------------------------------------------------------------------------------------------------------------------------------+-----------------+------------------+---------------------+-----------+----------------+------------------------------------------------------------------------------------------------------------------------------------------------------------------------------------------------------------------------------------------------------------------------------------------+------------------+-----------------------+
; My_First_NIOS_II_Platform_Designer:u0|My_First_NIOS_II_Platform_Designer_DEBUG:debug|alt_jtag_atlantic:My_First_NIOS_II_Platform_Designer_DEBUG_alt_jtag_atlantic|rdata[0] ; Packed Register ; Register Packing ; Timing optimization ; Q         ;                ; My_First_NIOS_II_Platform_Designer:u0|My_First_NIOS_II_Platform_Designer_DEBUG:debug|My_First_NIOS_II_Platform_Designer_DEBUG_scfifo_w:the_My_First_NIOS_II_Platform_Designer_DEBUG_scfifo_w|scfifo:wfifo|scfifo_cr21:auto_generated|a_dpfifo_e011:dpfifo|altsyncram_gio1:FIFOram|q_b[0] ; PORTBDATAOUT     ;                       ;
; My_First_NIOS_II_Platform_Designer:u0|My_First_NIOS_II_Platform_Designer_DEBUG:debug|alt_jtag_atlantic:My_First_NIOS_II_Platform_Designer_DEBUG_alt_jtag_atlantic|rdata[1] ; Packed Register ; Register Packing ; Timing optimization ; Q         ;                ; My_First_NIOS_II_Platform_Designer:u0|My_First_NIOS_II_Platform_Designer_DEBUG:debug|My_First_NIOS_II_Platform_Designer_DEBUG_scfifo_w:the_My_First_NIOS_II_Platform_Designer_DEBUG_scfifo_w|scfifo:wfifo|scfifo_cr21:auto_generated|a_dpfifo_e011:dpfifo|altsyncram_gio1:FIFOram|q_b[1] ; PORTBDATAOUT     ;                       ;
; My_First_NIOS_II_Platform_Designer:u0|My_First_NIOS_II_Platform_Designer_DEBUG:debug|alt_jtag_atlantic:My_First_NIOS_II_Platform_Designer_DEBUG_alt_jtag_atlantic|rdata[2] ; Packed Register ; Register Packing ; Timing optimization ; Q         ;                ; My_First_NIOS_II_Platform_Designer:u0|My_First_NIOS_II_Platform_Designer_DEBUG:debug|My_First_NIOS_II_Platform_Designer_DEBUG_scfifo_w:the_My_First_NIOS_II_Platform_Designer_DEBUG_scfifo_w|scfifo:wfifo|scfifo_cr21:auto_generated|a_dpfifo_e011:dpfifo|altsyncram_gio1:FIFOram|q_b[2] ; PORTBDATAOUT     ;                       ;
; My_First_NIOS_II_Platform_Designer:u0|My_First_NIOS_II_Platform_Designer_DEBUG:debug|alt_jtag_atlantic:My_First_NIOS_II_Platform_Designer_DEBUG_alt_jtag_atlantic|rdata[3] ; Packed Register ; Register Packing ; Timing optimization ; Q         ;                ; My_First_NIOS_II_Platform_Designer:u0|My_First_NIOS_II_Platform_Designer_DEBUG:debug|My_First_NIOS_II_Platform_Designer_DEBUG_scfifo_w:the_My_First_NIOS_II_Platform_Designer_DEBUG_scfifo_w|scfifo:wfifo|scfifo_cr21:auto_generated|a_dpfifo_e011:dpfifo|altsyncram_gio1:FIFOram|q_b[3] ; PORTBDATAOUT     ;                       ;
; My_First_NIOS_II_Platform_Designer:u0|My_First_NIOS_II_Platform_Designer_DEBUG:debug|alt_jtag_atlantic:My_First_NIOS_II_Platform_Designer_DEBUG_alt_jtag_atlantic|rdata[4] ; Packed Register ; Register Packing ; Timing optimization ; Q         ;                ; My_First_NIOS_II_Platform_Designer:u0|My_First_NIOS_II_Platform_Designer_DEBUG:debug|My_First_NIOS_II_Platform_Designer_DEBUG_scfifo_w:the_My_First_NIOS_II_Platform_Designer_DEBUG_scfifo_w|scfifo:wfifo|scfifo_cr21:auto_generated|a_dpfifo_e011:dpfifo|altsyncram_gio1:FIFOram|q_b[4] ; PORTBDATAOUT     ;                       ;
; My_First_NIOS_II_Platform_Designer:u0|My_First_NIOS_II_Platform_Designer_DEBUG:debug|alt_jtag_atlantic:My_First_NIOS_II_Platform_Designer_DEBUG_alt_jtag_atlantic|rdata[5] ; Packed Register ; Register Packing ; Timing optimization ; Q         ;                ; My_First_NIOS_II_Platform_Designer:u0|My_First_NIOS_II_Platform_Designer_DEBUG:debug|My_First_NIOS_II_Platform_Designer_DEBUG_scfifo_w:the_My_First_NIOS_II_Platform_Designer_DEBUG_scfifo_w|scfifo:wfifo|scfifo_cr21:auto_generated|a_dpfifo_e011:dpfifo|altsyncram_gio1:FIFOram|q_b[5] ; PORTBDATAOUT     ;                       ;
; My_First_NIOS_II_Platform_Designer:u0|My_First_NIOS_II_Platform_Designer_DEBUG:debug|alt_jtag_atlantic:My_First_NIOS_II_Platform_Designer_DEBUG_alt_jtag_atlantic|rdata[6] ; Packed Register ; Register Packing ; Timing optimization ; Q         ;                ; My_First_NIOS_II_Platform_Designer:u0|My_First_NIOS_II_Platform_Designer_DEBUG:debug|My_First_NIOS_II_Platform_Designer_DEBUG_scfifo_w:the_My_First_NIOS_II_Platform_Designer_DEBUG_scfifo_w|scfifo:wfifo|scfifo_cr21:auto_generated|a_dpfifo_e011:dpfifo|altsyncram_gio1:FIFOram|q_b[6] ; PORTBDATAOUT     ;                       ;
; My_First_NIOS_II_Platform_Designer:u0|My_First_NIOS_II_Platform_Designer_DEBUG:debug|alt_jtag_atlantic:My_First_NIOS_II_Platform_Designer_DEBUG_alt_jtag_atlantic|rdata[7] ; Packed Register ; Register Packing ; Timing optimization ; Q         ;                ; My_First_NIOS_II_Platform_Designer:u0|My_First_NIOS_II_Platform_Designer_DEBUG:debug|My_First_NIOS_II_Platform_Designer_DEBUG_scfifo_w:the_My_First_NIOS_II_Platform_Designer_DEBUG_scfifo_w|scfifo:wfifo|scfifo_cr21:auto_generated|a_dpfifo_e011:dpfifo|altsyncram_gio1:FIFOram|q_b[7] ; PORTBDATAOUT     ;                       ;
+----------------------------------------------------------------------------------------------------------------------------------------------------------------------------+-----------------+------------------+---------------------+-----------+----------------+------------------------------------------------------------------------------------------------------------------------------------------------------------------------------------------------------------------------------------------------------------------------------------------+------------------+-----------------------+


+----------------------------------------------------------------------------------------+
; Ignored Assignments                                                                    ;
+----------+----------------+--------------+------------+---------------+----------------+
; Name     ; Ignored Entity ; Ignored From ; Ignored To ; Ignored Value ; Ignored Source ;
+----------+----------------+--------------+------------+---------------+----------------+
; Location ;                ;              ; RESET      ; PIN_D9        ; QSF Assignment ;
+----------+----------------+--------------+------------+---------------+----------------+


+---------------------------------------------------------------------------------------------------+
; Incremental Compilation Preservation Summary                                                      ;
+---------------------+---------------------+----------------------------+--------------------------+
; Type                ; Total [A + B]       ; From Design Partitions [A] ; From Rapid Recompile [B] ;
+---------------------+---------------------+----------------------------+--------------------------+
; Placement (by node) ;                     ;                            ;                          ;
;     -- Requested    ; 0.00 % ( 0 / 4600 ) ; 0.00 % ( 0 / 4600 )        ; 0.00 % ( 0 / 4600 )      ;
;     -- Achieved     ; 0.00 % ( 0 / 4600 ) ; 0.00 % ( 0 / 4600 )        ; 0.00 % ( 0 / 4600 )      ;
;                     ;                     ;                            ;                          ;
; Routing (by net)    ;                     ;                            ;                          ;
;     -- Requested    ; 0.00 % ( 0 / 0 )    ; 0.00 % ( 0 / 0 )           ; 0.00 % ( 0 / 0 )         ;
;     -- Achieved     ; 0.00 % ( 0 / 0 )    ; 0.00 % ( 0 / 0 )           ; 0.00 % ( 0 / 0 )         ;
+---------------------+---------------------+----------------------------+--------------------------+


+----------------------------------------------------------------------------------------------------------------------------------------------------------------------------------------+
; Incremental Compilation Partition Settings                                                                                                                                             ;
+--------------------------------+----------------+-------------------+-------------------------+------------------------+------------------------------+--------------------------------+
; Partition Name                 ; Partition Type ; Netlist Type Used ; Preservation Level Used ; Netlist Type Requested ; Preservation Level Requested ; Contents                       ;
+--------------------------------+----------------+-------------------+-------------------------+------------------------+------------------------------+--------------------------------+
; Top                            ; User-created   ; Source File       ; N/A                     ; Source File            ; N/A                          ;                                ;
; sld_hub:auto_hub               ; Auto-generated ; Post-Synthesis    ; N/A                     ; Post-Synthesis         ; N/A                          ; sld_hub:auto_hub               ;
; sld_signaltap:auto_signaltap_0 ; Auto-generated ; Post-Synthesis    ; N/A                     ; Post-Synthesis         ; N/A                          ; sld_signaltap:auto_signaltap_0 ;
; hard_block:auto_generated_inst ; Auto-generated ; Source File       ; N/A                     ; Source File            ; N/A                          ; hard_block:auto_generated_inst ;
+--------------------------------+----------------+-------------------+-------------------------+------------------------+------------------------------+--------------------------------+


+------------------------------------------------------------------------------------------------------------------------------------+
; Incremental Compilation Placement Preservation                                                                                     ;
+--------------------------------+-----------------------+-------------------------+-------------------+---------------------+-------+
; Partition Name                 ; Preservation Achieved ; Preservation Level Used ; Netlist Type Used ; Preservation Method ; Notes ;
+--------------------------------+-----------------------+-------------------------+-------------------+---------------------+-------+
; Top                            ; 0.00 % ( 0 / 3535 )   ; N/A                     ; Source File       ; N/A                 ;       ;
; sld_hub:auto_hub               ; 0.00 % ( 0 / 298 )    ; N/A                     ; Post-Synthesis    ; N/A                 ;       ;
; sld_signaltap:auto_signaltap_0 ; 0.00 % ( 0 / 757 )    ; N/A                     ; Post-Synthesis    ; N/A                 ;       ;
; hard_block:auto_generated_inst ; 0.00 % ( 0 / 10 )     ; N/A                     ; Source File       ; N/A                 ;       ;
+--------------------------------+-----------------------+-------------------------+-------------------+---------------------+-------+


+--------------+
; Pin-Out File ;
+--------------+
The pin-out file can be found in C:/Users/guan-ming.dennis-won/Documents/Code/Workspace/Workspace/Cyclone_10_LP/NIOS_II/output_files/My_First_NIOS_II.pin.


+-------------------------------------------------------------------------+
; Fitter Resource Usage Summary                                           ;
+---------------------------------------------+---------------------------+
; Resource                                    ; Usage                     ;
+---------------------------------------------+---------------------------+
; Total logic elements                        ; 2,924 / 24,624 ( 12 % )   ;
;     -- Combinational with no register       ; 1008                      ;
;     -- Register only                        ; 465                       ;
;     -- Combinational with a register        ; 1451                      ;
;                                             ;                           ;
; Logic element usage by number of LUT inputs ;                           ;
;     -- 4 input functions                    ; 1256                      ;
;     -- 3 input functions                    ; 684                       ;
;     -- <=2 input functions                  ; 519                       ;
;     -- Register only                        ; 465                       ;
;                                             ;                           ;
; Logic elements by mode                      ;                           ;
;     -- normal mode                          ; 2244                      ;
;     -- arithmetic mode                      ; 215                       ;
;                                             ;                           ;
; Total registers*                            ; 1,916 / 25,304 ( 8 % )    ;
;     -- Dedicated logic registers            ; 1,916 / 24,624 ( 8 % )    ;
;     -- I/O registers                        ; 0 / 680 ( 0 % )           ;
;                                             ;                           ;
; Total LABs:  partially or completely used   ; 235 / 1,539 ( 15 % )      ;
; Virtual pins                                ; 0                         ;
; I/O pins                                    ; 21 / 151 ( 14 % )         ;
;     -- Clock pins                           ; 1 / 8 ( 13 % )            ;
;     -- Dedicated input pins                 ; 3 / 9 ( 33 % )            ;
;                                             ;                           ;
; M9Ks                                        ; 10 / 66 ( 15 % )          ;
; Total block memory bits                     ; 45,568 / 608,256 ( 7 % )  ;
; Total block memory implementation bits      ; 92,160 / 608,256 ( 15 % ) ;
; Embedded Multiplier 9-bit elements          ; 0 / 132 ( 0 % )           ;
; PLLs                                        ; 0 / 4 ( 0 % )             ;
; Global signals                              ; 5                         ;
;     -- Global clocks                        ; 5 / 20 ( 25 % )           ;
; JTAGs                                       ; 1 / 1 ( 100 % )           ;
; CRC blocks                                  ; 0 / 1 ( 0 % )             ;
; ASMI blocks                                 ; 0 / 1 ( 0 % )             ;
; Oscillator blocks                           ; 0 / 1 ( 0 % )             ;
; Impedance control blocks                    ; 0 / 4 ( 0 % )             ;
; Average interconnect usage (total/H/V)      ; 4.4% / 4.1% / 4.8%        ;
; Peak interconnect usage (total/H/V)         ; 18.3% / 16.4% / 21.1%     ;
; Maximum fan-out                             ; 1512                      ;
; Highest non-global fan-out                  ; 125                       ;
; Total fan-out                               ; 15378                     ;
; Average fan-out                             ; 3.23                      ;
+---------------------------------------------+---------------------------+
*  Register count does not include registers inside RAM blocks or DSP blocks.



+--------------------------------------------------------------------------------------------------------------------------------------------------------------+
; Fitter Partition Statistics                                                                                                                                  ;
+---------------------------------------------+----------------------+-----------------------+--------------------------------+--------------------------------+
; Statistic                                   ; Top                  ; sld_hub:auto_hub      ; sld_signaltap:auto_signaltap_0 ; hard_block:auto_generated_inst ;
+---------------------------------------------+----------------------+-----------------------+--------------------------------+--------------------------------+
; Difficulty Clustering Region                ; Low                  ; Low                   ; Low                            ; Low                            ;
;                                             ;                      ;                       ;                                ;                                ;
; Total logic elements                        ; 2203 / 24624 ( 9 % ) ; 204 / 24624 ( < 1 % ) ; 517 / 24624 ( 2 % )            ; 0 / 24624 ( 0 % )              ;
;     -- Combinational with no register       ; 814                  ; 92                    ; 102                            ; 0                              ;
;     -- Register only                        ; 261                  ; 18                    ; 186                            ; 0                              ;
;     -- Combinational with a register        ; 1128                 ; 94                    ; 229                            ; 0                              ;
;                                             ;                      ;                       ;                                ;                                ;
; Logic element usage by number of LUT inputs ;                      ;                       ;                                ;                                ;
;     -- 4 input functions                    ; 1031                 ; 86                    ; 139                            ; 0                              ;
;     -- 3 input functions                    ; 530                  ; 59                    ; 95                             ; 0                              ;
;     -- <=2 input functions                  ; 381                  ; 41                    ; 97                             ; 0                              ;
;     -- Register only                        ; 261                  ; 18                    ; 186                            ; 0                              ;
;                                             ;                      ;                       ;                                ;                                ;
; Logic elements by mode                      ;                      ;                       ;                                ;                                ;
;     -- normal mode                          ; 1801                 ; 177                   ; 266                            ; 0                              ;
;     -- arithmetic mode                      ; 141                  ; 9                     ; 65                             ; 0                              ;
;                                             ;                      ;                       ;                                ;                                ;
; Total registers                             ; 1389                 ; 112                   ; 415                            ; 0                              ;
;     -- Dedicated logic registers            ; 1389 / 24624 ( 6 % ) ; 112 / 24624 ( < 1 % ) ; 415 / 24624 ( 2 % )            ; 0 / 24624 ( 0 % )              ;
;     -- I/O registers                        ; 0                    ; 0                     ; 0                              ; 0                              ;
;                                             ;                      ;                       ;                                ;                                ;
; Total LABs:  partially or completely used   ; 174 / 1539 ( 11 % )  ; 17 / 1539 ( 1 % )     ; 47 / 1539 ( 3 % )              ; 0 / 1539 ( 0 % )               ;
;                                             ;                      ;                       ;                                ;                                ;
; Virtual pins                                ; 0                    ; 0                     ; 0                              ; 0                              ;
; I/O pins                                    ; 21                   ; 0                     ; 0                              ; 0                              ;
; Embedded Multiplier 9-bit elements          ; 0 / 132 ( 0 % )      ; 0 / 132 ( 0 % )       ; 0 / 132 ( 0 % )                ; 0 / 132 ( 0 % )                ;
; Total memory bits                           ; 44032                ; 0                     ; 1536                           ; 0                              ;
; Total RAM block bits                        ; 82944                ; 0                     ; 9216                           ; 0                              ;
; JTAG                                        ; 1 / 1 ( 100 % )      ; 0 / 1 ( 0 % )         ; 0 / 1 ( 0 % )                  ; 0 / 1 ( 0 % )                  ;
; M9K                                         ; 9 / 66 ( 13 % )      ; 0 / 66 ( 0 % )        ; 1 / 66 ( 1 % )                 ; 0 / 66 ( 0 % )                 ;
; Clock control block                         ; 4 / 24 ( 16 % )      ; 0 / 24 ( 0 % )        ; 1 / 24 ( 4 % )                 ; 0 / 24 ( 0 % )                 ;
;                                             ;                      ;                       ;                                ;                                ;
; Connections                                 ;                      ;                       ;                                ;                                ;
;     -- Input Connections                    ; 276                  ; 169                   ; 612                            ; 0                              ;
;     -- Registered Input Connections         ; 132                  ; 122                   ; 445                            ; 0                              ;
;     -- Output Connections                   ; 698                  ; 324                   ; 35                             ; 0                              ;
;     -- Registered Output Connections        ; 26                   ; 324                   ; 0                              ; 0                              ;
;                                             ;                      ;                       ;                                ;                                ;
; Internal Connections                        ;                      ;                       ;                                ;                                ;
;     -- Total Connections                    ; 12494                ; 1317                  ; 2525                           ; 5                              ;
;     -- Registered Connections               ; 4832                 ; 949                   ; 1197                           ; 0                              ;
;                                             ;                      ;                       ;                                ;                                ;
; External Connections                        ;                      ;                       ;                                ;                                ;
;     -- Top                                  ; 192                  ; 335                   ; 447                            ; 0                              ;
;     -- sld_hub:auto_hub                     ; 335                  ; 22                    ; 136                            ; 0                              ;
;     -- sld_signaltap:auto_signaltap_0       ; 447                  ; 136                   ; 64                             ; 0                              ;
;     -- hard_block:auto_generated_inst       ; 0                    ; 0                     ; 0                              ; 0                              ;
;                                             ;                      ;                       ;                                ;                                ;
; Partition Interface                         ;                      ;                       ;                                ;                                ;
;     -- Input Ports                          ; 39                   ; 111                   ; 105                            ; 0                              ;
;     -- Output Ports                         ; 25                   ; 128                   ; 39                             ; 0                              ;
;     -- Bidir Ports                          ; 0                    ; 0                     ; 0                              ; 0                              ;
;                                             ;                      ;                       ;                                ;                                ;
; Registered Ports                            ;                      ;                       ;                                ;                                ;
;     -- Registered Input Ports               ; 0                    ; 3                     ; 12                             ; 0                              ;
;     -- Registered Output Ports              ; 0                    ; 68                    ; 25                             ; 0                              ;
;                                             ;                      ;                       ;                                ;                                ;
; Port Connectivity                           ;                      ;                       ;                                ;                                ;
;     -- Input Ports driven by GND            ; 0                    ; 2                     ; 14                             ; 0                              ;
;     -- Output Ports driven by GND           ; 0                    ; 45                    ; 2                              ; 0                              ;
;     -- Input Ports driven by VCC            ; 0                    ; 0                     ; 18                             ; 0                              ;
;     -- Output Ports driven by VCC           ; 0                    ; 0                     ; 1                              ; 0                              ;
;     -- Input Ports with no Source           ; 0                    ; 84                    ; 16                             ; 0                              ;
;     -- Output Ports with no Source          ; 0                    ; 0                     ; 0                              ; 0                              ;
;     -- Input Ports with no Fanout           ; 0                    ; 89                    ; 30                             ; 0                              ;
;     -- Output Ports with no Fanout          ; 0                    ; 76                    ; 27                             ; 0                              ;
+---------------------------------------------+----------------------+-----------------------+--------------------------------+--------------------------------+


+-------------------------------------------------------------------------------------------------------------------------------------------------------------------------------------------------------------------------------------------------------------------------------------------+
; Input Pins                                                                                                                                                                                                                                                                                ;
+----------+-------+----------+--------------+--------------+--------------+-----------------------+--------------------+--------+----------------+---------------+-----------------+----------+--------------+--------------+---------------------------+----------------------+-----------+
; Name     ; Pin # ; I/O Bank ; X coordinate ; Y coordinate ; Z coordinate ; Combinational Fan-Out ; Registered Fan-Out ; Global ; Input Register ; Power Up High ; PCI I/O Enabled ; Bus Hold ; Weak Pull Up ; I/O Standard ; Termination Control Block ; Location assigned by ; Slew Rate ;
+----------+-------+----------+--------------+--------------+--------------+-----------------------+--------------------+--------+----------------+---------------+-----------------+----------+--------------+--------------+---------------------------+----------------------+-----------+
; CLOCK_50 ; E1    ; 1        ; 0            ; 16           ; 7            ; 1512                  ; 0                  ; yes    ; no             ; no            ; yes             ; no       ; Off          ; 3.3-V LVTTL  ; --                        ; User                 ; no        ;
; SPI_MISO ; P16   ; 5        ; 53           ; 7            ; 7            ; 3                     ; 0                  ; no     ; no             ; no            ; yes             ; no       ; Off          ; 2.5 V        ; --                        ; User                 ; no        ;
+----------+-------+----------+--------------+--------------+--------------+-----------------------+--------------------+--------+----------------+---------------+-----------------+----------+--------------+--------------+---------------------------+----------------------+-----------+


+---------------------------------------------------------------------------------------------------------------------------------------------------------------------------------------------------------------------------------------------------------------------------------------------------------------------------------------------------------------------------------------------------------------------------------------------------------------+
; Output Pins                                                                                                                                                                                                                                                                                                                                                                                                                                                   ;
+--------------+-------+----------+--------------+--------------+--------------+-----------------+------------------------+---------------+-----------+-----------------+------------+---------------+----------+--------------+--------------+------------------+-----------------------------------+---------------------------+----------------------------+-----------------------------+----------------------+----------------------+---------------------+
; Name         ; Pin # ; I/O Bank ; X coordinate ; Y coordinate ; Z coordinate ; Output Register ; Output Enable Register ; Power Up High ; Slew Rate ; PCI I/O Enabled ; Open Drain ; TRI Primitive ; Bus Hold ; Weak Pull Up ; I/O Standard ; Current Strength ; Termination                       ; Termination Control Block ; Output Buffer Pre-emphasis ; Voltage Output Differential ; Location assigned by ; Output Enable Source ; Output Enable Group ;
+--------------+-------+----------+--------------+--------------+--------------+-----------------+------------------------+---------------+-----------+-----------------+------------+---------------+----------+--------------+--------------+------------------+-----------------------------------+---------------------------+----------------------------+-----------------------------+----------------------+----------------------+---------------------+
; LEDG[0]      ; L14   ; 5        ; 53           ; 9            ; 7            ; no              ; no                     ; no            ; 2         ; no              ; no         ; no            ; no       ; Off          ; 2.5 V        ; Default          ; Series 50 Ohm without Calibration ; --                        ; no                         ; no                          ; User                 ; -                    ; -                   ;
; LEDG[1]      ; K15   ; 5        ; 53           ; 13           ; 7            ; no              ; no                     ; no            ; 2         ; no              ; no         ; no            ; no       ; Off          ; 2.5 V        ; Default          ; Series 50 Ohm without Calibration ; --                        ; no                         ; no                          ; User                 ; -                    ; -                   ;
; LEDG[2]      ; J14   ; 5        ; 53           ; 15           ; 7            ; no              ; no                     ; no            ; 2         ; no              ; no         ; no            ; no       ; Off          ; 2.5 V        ; Default          ; Series 50 Ohm without Calibration ; --                        ; no                         ; no                          ; User                 ; -                    ; -                   ;
; LEDG[3]      ; J13   ; 5        ; 53           ; 16           ; 7            ; no              ; no                     ; no            ; 2         ; no              ; no         ; no            ; no       ; Off          ; 2.5 V        ; Default          ; Series 50 Ohm without Calibration ; --                        ; no                         ; no                          ; User                 ; -                    ; -                   ;
; LEDG[4]      ; B14   ; 7        ; 45           ; 34           ; 0            ; no              ; no                     ; no            ; 2         ; no              ; no         ; no            ; no       ; Off          ; 2.5 V        ; Default          ; Series 50 Ohm without Calibration ; --                        ; no                         ; no                          ; Fitter               ; -                    ; -                   ;
; LEDG[5]      ; F13   ; 6        ; 53           ; 21           ; 21           ; no              ; no                     ; no            ; 2         ; no              ; no         ; no            ; no       ; Off          ; 2.5 V        ; Default          ; Series 50 Ohm without Calibration ; --                        ; no                         ; no                          ; Fitter               ; -                    ; -                   ;
; LEDG[6]      ; C11   ; 7        ; 38           ; 34           ; 0            ; no              ; no                     ; no            ; 2         ; no              ; no         ; no            ; no       ; Off          ; 2.5 V        ; Default          ; Series 50 Ohm without Calibration ; --                        ; no                         ; no                          ; Fitter               ; -                    ; -                   ;
; LEDG[7]      ; G15   ; 6        ; 53           ; 20           ; 14           ; no              ; no                     ; no            ; 2         ; no              ; no         ; no            ; no       ; Off          ; 2.5 V        ; Default          ; Series 50 Ohm without Calibration ; --                        ; no                         ; no                          ; Fitter               ; -                    ; -                   ;
; RESET_ADC[0] ; N14   ; 5        ; 53           ; 6            ; 21           ; no              ; no                     ; no            ; 2         ; no              ; no         ; no            ; no       ; Off          ; 2.5 V        ; Default          ; Series 50 Ohm without Calibration ; --                        ; no                         ; no                          ; User                 ; -                    ; -                   ;
; RESET_ADC[1] ; B16   ; 6        ; 53           ; 22           ; 0            ; no              ; no                     ; no            ; 2         ; no              ; no         ; no            ; no       ; Off          ; 2.5 V        ; Default          ; Series 50 Ohm without Calibration ; --                        ; no                         ; no                          ; Fitter               ; -                    ; -                   ;
; RESET_ADC[2] ; F15   ; 6        ; 53           ; 22           ; 7            ; no              ; no                     ; no            ; 2         ; no              ; no         ; no            ; no       ; Off          ; 2.5 V        ; Default          ; Series 50 Ohm without Calibration ; --                        ; no                         ; no                          ; Fitter               ; -                    ; -                   ;
; RESET_ADC[3] ; G16   ; 6        ; 53           ; 20           ; 21           ; no              ; no                     ; no            ; 2         ; no              ; no         ; no            ; no       ; Off          ; 2.5 V        ; Default          ; Series 50 Ohm without Calibration ; --                        ; no                         ; no                          ; Fitter               ; -                    ; -                   ;
; RESET_ADC[4] ; B12   ; 7        ; 43           ; 34           ; 21           ; no              ; no                     ; no            ; 2         ; no              ; no         ; no            ; no       ; Off          ; 2.5 V        ; Default          ; Series 50 Ohm without Calibration ; --                        ; no                         ; no                          ; Fitter               ; -                    ; -                   ;
; RESET_ADC[5] ; C9    ; 7        ; 31           ; 34           ; 0            ; no              ; no                     ; no            ; 2         ; no              ; no         ; no            ; no       ; Off          ; 2.5 V        ; Default          ; Series 50 Ohm without Calibration ; --                        ; no                         ; no                          ; Fitter               ; -                    ; -                   ;
; RESET_ADC[6] ; A11   ; 7        ; 40           ; 34           ; 0            ; no              ; no                     ; no            ; 2         ; no              ; no         ; no            ; no       ; Off          ; 2.5 V        ; Default          ; Series 50 Ohm without Calibration ; --                        ; no                         ; no                          ; Fitter               ; -                    ; -                   ;
; RESET_ADC[7] ; B11   ; 7        ; 40           ; 34           ; 7            ; no              ; no                     ; no            ; 2         ; no              ; no         ; no            ; no       ; Off          ; 2.5 V        ; Default          ; Series 50 Ohm without Calibration ; --                        ; no                         ; no                          ; Fitter               ; -                    ; -                   ;
; SPI_CLOCK    ; L13   ; 5        ; 53           ; 10           ; 14           ; no              ; no                     ; no            ; 2         ; no              ; no         ; no            ; no       ; Off          ; 2.5 V        ; Default          ; Series 50 Ohm without Calibration ; --                        ; no                         ; no                          ; User                 ; -                    ; -                   ;
; SPI_MOSI     ; L15   ; 5        ; 53           ; 11           ; 0            ; no              ; no                     ; no            ; 2         ; no              ; no         ; no            ; no       ; Off          ; 2.5 V        ; Default          ; Series 50 Ohm without Calibration ; --                        ; no                         ; no                          ; User                 ; -                    ; -                   ;
; SPI_SS       ; N16   ; 5        ; 53           ; 9            ; 21           ; no              ; no                     ; no            ; 2         ; no              ; no         ; no            ; no       ; Off          ; 2.5 V        ; Default          ; Series 50 Ohm without Calibration ; --                        ; no                         ; no                          ; User                 ; -                    ; -                   ;
+--------------+-------+----------+--------------+--------------+--------------+-----------------+------------------------+---------------+-----------+-----------------+------------+---------------+----------+--------------+--------------+------------------+-----------------------------------+---------------------------+----------------------------+-----------------------------+----------------------+----------------------+---------------------+


+-------------------------------------------------------------------------------------------------------------------------+
; Dual Purpose and Dedicated Pins                                                                                         ;
+----------+-----------------------------+--------------------------+-------------------------+---------------------------+
; Location ; Pin Name                    ; Reserved As              ; User Signal Name        ; Pin Type                  ;
+----------+-----------------------------+--------------------------+-------------------------+---------------------------+
; C1       ; DIFFIO_L3n, DATA1, ASDO     ; As input tri-stated      ; ~ALTERA_ASDO_DATA1~     ; Dual Purpose Pin          ;
; D2       ; DIFFIO_L4p, FLASH_nCE, nCSO ; As input tri-stated      ; ~ALTERA_FLASH_nCE_nCSO~ ; Dual Purpose Pin          ;
; F4       ; nSTATUS                     ; -                        ; -                       ; Dedicated Programming Pin ;
; H1       ; DCLK                        ; As output driving ground ; ~ALTERA_DCLK~           ; Dual Purpose Pin          ;
; H2       ; DATA0                       ; As input tri-stated      ; ~ALTERA_DATA0~          ; Dual Purpose Pin          ;
; H5       ; nCONFIG                     ; -                        ; -                       ; Dedicated Programming Pin ;
; H4       ; TDI                         ; -                        ; altera_reserved_tdi     ; JTAG Pin                  ;
; H3       ; TCK                         ; -                        ; altera_reserved_tck     ; JTAG Pin                  ;
; J5       ; TMS                         ; -                        ; altera_reserved_tms     ; JTAG Pin                  ;
; J4       ; TDO                         ; -                        ; altera_reserved_tdo     ; JTAG Pin                  ;
; J3       ; nCE                         ; -                        ; -                       ; Dedicated Programming Pin ;
; H14      ; CONF_DONE                   ; -                        ; -                       ; Dedicated Programming Pin ;
; H13      ; MSEL0                       ; -                        ; -                       ; Dedicated Programming Pin ;
; H12      ; MSEL1                       ; -                        ; -                       ; Dedicated Programming Pin ;
; G12      ; MSEL2                       ; -                        ; -                       ; Dedicated Programming Pin ;
; G12      ; MSEL3                       ; -                        ; -                       ; Dedicated Programming Pin ;
; G16      ; DIFFIO_R5n, INIT_DONE       ; Use as regular IO        ; RESET_ADC[3]            ; Dual Purpose Pin          ;
; G15      ; DIFFIO_R5p, CRC_ERROR       ; Use as regular IO        ; LEDG[7]                 ; Dual Purpose Pin          ;
; F16      ; DIFFIO_R4n, nCEO            ; Use as programming pin   ; ~ALTERA_nCEO~           ; Dual Purpose Pin          ;
; F15      ; DIFFIO_R4p, CLKUSR          ; Use as regular IO        ; RESET_ADC[2]            ; Dual Purpose Pin          ;
+----------+-----------------------------+--------------------------+-------------------------+---------------------------+


+-----------------------------------------------------------+
; I/O Bank Usage                                            ;
+----------+-----------------+---------------+--------------+
; I/O Bank ; Usage           ; VCCIO Voltage ; VREF Voltage ;
+----------+-----------------+---------------+--------------+
; 1        ; 5 / 12 ( 42 % ) ; 3.3V          ; --           ;
; 2        ; 0 / 16 ( 0 % )  ; 2.5V          ; --           ;
; 3        ; 0 / 25 ( 0 % )  ; 2.5V          ; --           ;
; 4        ; 0 / 20 ( 0 % )  ; 2.5V          ; --           ;
; 5        ; 9 / 18 ( 50 % ) ; 2.5V          ; --           ;
; 6        ; 6 / 13 ( 46 % ) ; 2.5V          ; --           ;
; 7        ; 6 / 24 ( 25 % ) ; 2.5V          ; --           ;
; 8        ; 0 / 23 ( 0 % )  ; 2.5V          ; --           ;
+----------+-----------------+---------------+--------------+


+-----------------------------------------------------------------------------------------------------------------------------------------------------------------------------------------+
; All Package Pins                                                                                                                                                                        ;
+----------+------------+----------+-----------------------------------------------------------+--------+--------------+---------+------------+-----------------+----------+--------------+
; Location ; Pad Number ; I/O Bank ; Pin Name/Usage                                            ; Dir.   ; I/O Standard ; Voltage ; I/O Type   ; User Assignment ; Bus Hold ; Weak Pull Up ;
+----------+------------+----------+-----------------------------------------------------------+--------+--------------+---------+------------+-----------------+----------+--------------+
; A1       ;            ; 8        ; VCCIO8                                                    ; power  ;              ; 2.5V    ; --         ;                 ; --       ; --           ;
; A2       ; 238        ; 8        ; RESERVED_INPUT_WITH_WEAK_PULLUP                           ;        ;              ;         ; Column I/O ;                 ; no       ; On           ;
; A3       ; 239        ; 8        ; RESERVED_INPUT_WITH_WEAK_PULLUP                           ;        ;              ;         ; Column I/O ;                 ; no       ; On           ;
; A4       ; 236        ; 8        ; RESERVED_INPUT_WITH_WEAK_PULLUP                           ;        ;              ;         ; Column I/O ;                 ; no       ; On           ;
; A5       ; 232        ; 8        ; RESERVED_INPUT_WITH_WEAK_PULLUP                           ;        ;              ;         ; Column I/O ;                 ; no       ; On           ;
; A6       ; 225        ; 8        ; RESERVED_INPUT_WITH_WEAK_PULLUP                           ;        ;              ;         ; Column I/O ;                 ; no       ; On           ;
; A7       ; 220        ; 8        ; RESERVED_INPUT_WITH_WEAK_PULLUP                           ;        ;              ;         ; Column I/O ;                 ; no       ; On           ;
; A8       ; 211        ; 8        ; GND+                                                      ;        ;              ;         ; Column I/O ;                 ; --       ; --           ;
; A9       ; 209        ; 7        ; GND+                                                      ;        ;              ;         ; Column I/O ;                 ; --       ; --           ;
; A10      ; 198        ; 7        ; RESERVED_INPUT_WITH_WEAK_PULLUP                           ;        ;              ;         ; Column I/O ;                 ; no       ; On           ;
; A11      ; 188        ; 7        ; RESET_ADC[6]                                              ; output ; 2.5 V        ;         ; Column I/O ; N               ; no       ; Off          ;
; A12      ; 186        ; 7        ; RESERVED_INPUT_WITH_WEAK_PULLUP                           ;        ;              ;         ; Column I/O ;                 ; no       ; On           ;
; A13      ; 179        ; 7        ; RESERVED_INPUT_WITH_WEAK_PULLUP                           ;        ;              ;         ; Column I/O ;                 ; no       ; On           ;
; A14      ; 181        ; 7        ; RESERVED_INPUT_WITH_WEAK_PULLUP                           ;        ;              ;         ; Column I/O ;                 ; no       ; On           ;
; A15      ; 191        ; 7        ; RESERVED_INPUT_WITH_WEAK_PULLUP                           ;        ;              ;         ; Column I/O ;                 ; no       ; On           ;
; A16      ;            ; 7        ; VCCIO7                                                    ; power  ;              ; 2.5V    ; --         ;                 ; --       ; --           ;
; B1       ; 5          ; 1        ; RESERVED_INPUT_WITH_WEAK_PULLUP                           ;        ;              ;         ; Row I/O    ;                 ; no       ; On           ;
; B2       ;            ;          ; GND                                                       ; gnd    ;              ;         ; --         ;                 ; --       ; --           ;
; B3       ; 242        ; 8        ; RESERVED_INPUT_WITH_WEAK_PULLUP                           ;        ;              ;         ; Column I/O ;                 ; no       ; On           ;
; B4       ; 237        ; 8        ; RESERVED_INPUT_WITH_WEAK_PULLUP                           ;        ;              ;         ; Column I/O ;                 ; no       ; On           ;
; B5       ; 233        ; 8        ; RESERVED_INPUT_WITH_WEAK_PULLUP                           ;        ;              ;         ; Column I/O ;                 ; no       ; On           ;
; B6       ; 226        ; 8        ; RESERVED_INPUT_WITH_WEAK_PULLUP                           ;        ;              ;         ; Column I/O ;                 ; no       ; On           ;
; B7       ; 221        ; 8        ; RESERVED_INPUT_WITH_WEAK_PULLUP                           ;        ;              ;         ; Column I/O ;                 ; no       ; On           ;
; B8       ; 212        ; 8        ; GND+                                                      ;        ;              ;         ; Column I/O ;                 ; --       ; --           ;
; B9       ; 210        ; 7        ; GND+                                                      ;        ;              ;         ; Column I/O ;                 ; --       ; --           ;
; B10      ; 199        ; 7        ; RESERVED_INPUT_WITH_WEAK_PULLUP                           ;        ;              ;         ; Column I/O ;                 ; no       ; On           ;
; B11      ; 189        ; 7        ; RESET_ADC[7]                                              ; output ; 2.5 V        ;         ; Column I/O ; N               ; no       ; Off          ;
; B12      ; 187        ; 7        ; RESET_ADC[4]                                              ; output ; 2.5 V        ;         ; Column I/O ; N               ; no       ; Off          ;
; B13      ; 180        ; 7        ; RESERVED_INPUT_WITH_WEAK_PULLUP                           ;        ;              ;         ; Column I/O ;                 ; no       ; On           ;
; B14      ; 182        ; 7        ; LEDG[4]                                                   ; output ; 2.5 V        ;         ; Column I/O ; N               ; no       ; Off          ;
; B15      ;            ;          ; GND                                                       ; gnd    ;              ;         ; --         ;                 ; --       ; --           ;
; B16      ; 164        ; 6        ; RESET_ADC[1]                                              ; output ; 2.5 V        ;         ; Row I/O    ; N               ; no       ; Off          ;
; C1       ; 7          ; 1        ; ~ALTERA_ASDO_DATA1~ / RESERVED_INPUT_WITH_WEAK_PULLUP     ; input  ; 3.3-V LVTTL  ;         ; Row I/O    ; N               ; no       ; On           ;
; C2       ; 6          ; 1        ; RESERVED_INPUT_WITH_WEAK_PULLUP                           ;        ;              ;         ; Row I/O    ;                 ; no       ; On           ;
; C3       ; 245        ; 8        ; RESERVED_INPUT_WITH_WEAK_PULLUP                           ;        ;              ;         ; Column I/O ;                 ; no       ; On           ;
; C4       ;            ; 8        ; VCCIO8                                                    ; power  ;              ; 2.5V    ; --         ;                 ; --       ; --           ;
; C5       ;            ;          ; GND                                                       ; gnd    ;              ;         ; --         ;                 ; --       ; --           ;
; C6       ; 224        ; 8        ; RESERVED_INPUT_WITH_WEAK_PULLUP                           ;        ;              ;         ; Column I/O ;                 ; --       ; --           ;
; C7       ;            ; 8        ; VCCIO8                                                    ; power  ;              ; 2.5V    ; --         ;                 ; --       ; --           ;
; C8       ; 215        ; 8        ; RESERVED_INPUT_WITH_WEAK_PULLUP                           ;        ;              ;         ; Column I/O ;                 ; no       ; On           ;
; C9       ; 200        ; 7        ; RESET_ADC[5]                                              ; output ; 2.5 V        ;         ; Column I/O ; N               ; no       ; Off          ;
; C10      ;            ; 7        ; VCCIO7                                                    ; power  ;              ; 2.5V    ; --         ;                 ; --       ; --           ;
; C11      ; 190        ; 7        ; LEDG[6]                                                   ; output ; 2.5 V        ;         ; Column I/O ; N               ; no       ; Off          ;
; C12      ;            ;          ; GND                                                       ; gnd    ;              ;         ; --         ;                 ; --       ; --           ;
; C13      ;            ; 7        ; VCCIO7                                                    ; power  ;              ; 2.5V    ; --         ;                 ; --       ; --           ;
; C14      ; 175        ; 7        ; RESERVED_INPUT_WITH_WEAK_PULLUP                           ;        ;              ;         ; Column I/O ;                 ; no       ; On           ;
; C15      ; 174        ; 6        ; RESERVED_INPUT_WITH_WEAK_PULLUP                           ;        ;              ;         ; Row I/O    ;                 ; no       ; On           ;
; C16      ; 173        ; 6        ; RESERVED_INPUT_WITH_WEAK_PULLUP                           ;        ;              ;         ; Row I/O    ;                 ; no       ; On           ;
; D1       ; 10         ; 1        ; RESERVED_INPUT_WITH_WEAK_PULLUP                           ;        ;              ;         ; Row I/O    ;                 ; no       ; On           ;
; D2       ; 9          ; 1        ; ~ALTERA_FLASH_nCE_nCSO~ / RESERVED_INPUT_WITH_WEAK_PULLUP ; input  ; 3.3-V LVTTL  ;         ; Row I/O    ; N               ; no       ; On           ;
; D3       ; 246        ; 8        ; RESERVED_INPUT_WITH_WEAK_PULLUP                           ;        ;              ;         ; Column I/O ;                 ; no       ; On           ;
; D4       ;            ;          ; VCCD_PLL3                                                 ; power  ;              ; 1.2V    ; --         ;                 ; --       ; --           ;
; D5       ;            ;          ; GND                                                       ; gnd    ;              ;         ; --         ;                 ; --       ; --           ;
; D6       ; 234        ; 8        ; RESERVED_INPUT_WITH_WEAK_PULLUP                           ;        ;              ;         ; Column I/O ;                 ; no       ; On           ;
; D7       ;            ;          ; GND                                                       ; gnd    ;              ;         ; --         ;                 ; --       ; --           ;
; D8       ; 216        ; 8        ; RESERVED_INPUT_WITH_WEAK_PULLUP                           ;        ;              ;         ; Column I/O ;                 ; no       ; On           ;
; D9       ; 201        ; 7        ; RESERVED_INPUT_WITH_WEAK_PULLUP                           ;        ;              ;         ; Column I/O ;                 ; no       ; On           ;
; D10      ;            ;          ; GND                                                       ; gnd    ;              ;         ; --         ;                 ; --       ; --           ;
; D11      ; 177        ; 7        ; RESERVED_INPUT_WITH_WEAK_PULLUP                           ;        ;              ;         ; Column I/O ;                 ; no       ; On           ;
; D12      ; 178        ; 7        ; RESERVED_INPUT_WITH_WEAK_PULLUP                           ;        ;              ;         ; Column I/O ;                 ; no       ; On           ;
; D13      ;            ;          ; VCCD_PLL2                                                 ; power  ;              ; 1.2V    ; --         ;                 ; --       ; --           ;
; D14      ; 176        ; 7        ; RESERVED_INPUT_WITH_WEAK_PULLUP                           ;        ;              ;         ; Column I/O ;                 ; no       ; On           ;
; D15      ; 170        ; 6        ; RESERVED_INPUT_WITH_WEAK_PULLUP                           ;        ;              ;         ; Row I/O    ;                 ; no       ; On           ;
; D16      ; 169        ; 6        ; RESERVED_INPUT_WITH_WEAK_PULLUP                           ;        ;              ;         ; Row I/O    ;                 ; no       ; On           ;
; E1       ; 26         ; 1        ; CLOCK_50                                                  ; input  ; 3.3-V LVTTL  ;         ; Row I/O    ; Y               ; no       ; Off          ;
; E2       ; 25         ; 1        ; GND+                                                      ;        ;              ;         ; Row I/O    ;                 ; --       ; --           ;
; E3       ;            ; 1        ; VCCIO1                                                    ; power  ;              ; 3.3V    ; --         ;                 ; --       ; --           ;
; E4       ;            ;          ; GND                                                       ; gnd    ;              ;         ; --         ;                 ; --       ; --           ;
; E5       ;            ;          ; GNDA3                                                     ; gnd    ;              ;         ; --         ;                 ; --       ; --           ;
; E6       ; 231        ; 8        ; RESERVED_INPUT_WITH_WEAK_PULLUP                           ;        ;              ;         ; Column I/O ;                 ; no       ; On           ;
; E7       ; 227        ; 8        ; RESERVED_INPUT_WITH_WEAK_PULLUP                           ;        ;              ;         ; Column I/O ;                 ; no       ; On           ;
; E8       ; 218        ; 8        ; RESERVED_INPUT_WITH_WEAK_PULLUP                           ;        ;              ;         ; Column I/O ;                 ; no       ; On           ;
; E9       ; 205        ; 7        ; RESERVED_INPUT_WITH_WEAK_PULLUP                           ;        ;              ;         ; Column I/O ;                 ; no       ; On           ;
; E10      ; 184        ; 7        ; RESERVED_INPUT_WITH_WEAK_PULLUP                           ;        ;              ;         ; Column I/O ;                 ; no       ; On           ;
; E11      ; 183        ; 7        ; RESERVED_INPUT_WITH_WEAK_PULLUP                           ;        ;              ;         ; Column I/O ;                 ; no       ; On           ;
; E12      ;            ;          ; GNDA2                                                     ; gnd    ;              ;         ; --         ;                 ; --       ; --           ;
; E13      ;            ;          ; GND                                                       ; gnd    ;              ;         ; --         ;                 ; --       ; --           ;
; E14      ;            ; 6        ; VCCIO6                                                    ; power  ;              ; 2.5V    ; --         ;                 ; --       ; --           ;
; E15      ; 151        ; 6        ; GND+                                                      ;        ;              ;         ; Row I/O    ;                 ; --       ; --           ;
; E16      ; 150        ; 6        ; GND+                                                      ;        ;              ;         ; Row I/O    ;                 ; --       ; --           ;
; F1       ;            ;          ; GND                                                       ; gnd    ;              ;         ; --         ;                 ; --       ; --           ;
; F2       ;            ;          ; GND                                                       ; gnd    ;              ;         ; --         ;                 ; --       ; --           ;
; F3       ; 8          ; 1        ; RESERVED_INPUT_WITH_WEAK_PULLUP                           ;        ;              ;         ; Row I/O    ;                 ; --       ; --           ;
; F4       ; 11         ; 1        ; ^nSTATUS                                                  ;        ;              ;         ; --         ;                 ; --       ; --           ;
; F5       ;            ; --       ; VCCA3                                                     ; power  ;              ; 2.5V    ; --         ;                 ; --       ; --           ;
; F6       ;            ;          ; GND                                                       ; gnd    ;              ;         ; --         ;                 ; --       ; --           ;
; F7       ;            ;          ; VCCINT                                                    ; power  ;              ; 1.2V    ; --         ;                 ; --       ; --           ;
; F8       ; 219        ; 8        ; RESERVED_INPUT_WITH_WEAK_PULLUP                           ;        ;              ;         ; Column I/O ;                 ; no       ; On           ;
; F9       ; 197        ; 7        ; RESERVED_INPUT_WITH_WEAK_PULLUP                           ;        ;              ;         ; Column I/O ;                 ; no       ; On           ;
; F10      ;            ;          ; GND                                                       ; gnd    ;              ;         ; --         ;                 ; --       ; --           ;
; F11      ;            ;          ; VCCINT                                                    ; power  ;              ; 1.2V    ; --         ;                 ; --       ; --           ;
; F12      ;            ; --       ; VCCA2                                                     ; power  ;              ; 2.5V    ; --         ;                 ; --       ; --           ;
; F13      ; 161        ; 6        ; LEDG[5]                                                   ; output ; 2.5 V        ;         ; Row I/O    ; N               ; no       ; Off          ;
; F14      ; 167        ; 6        ; RESERVED_INPUT_WITH_WEAK_PULLUP                           ;        ;              ;         ; Row I/O    ;                 ; --       ; --           ;
; F15      ; 163        ; 6        ; RESET_ADC[2]                                              ; output ; 2.5 V        ;         ; Row I/O    ; N               ; no       ; Off          ;
; F16      ; 162        ; 6        ; ~ALTERA_nCEO~ / RESERVED_OUTPUT_OPEN_DRAIN                ; output ; 2.5 V        ;         ; Row I/O    ; N               ; no       ; Off          ;
; G1       ; 16         ; 1        ; RESERVED_INPUT_WITH_WEAK_PULLUP                           ;        ;              ;         ; Row I/O    ;                 ; no       ; On           ;
; G2       ; 15         ; 1        ; RESERVED_INPUT_WITH_WEAK_PULLUP                           ;        ;              ;         ; Row I/O    ;                 ; no       ; On           ;
; G3       ;            ; 1        ; VCCIO1                                                    ; power  ;              ; 3.3V    ; --         ;                 ; --       ; --           ;
; G4       ;            ;          ; GND                                                       ; gnd    ;              ;         ; --         ;                 ; --       ; --           ;
; G5       ;            ;          ; GND                                                       ; gnd    ;              ;         ; --         ;                 ; --       ; --           ;
; G6       ;            ;          ; VCCINT                                                    ; power  ;              ; 1.2V    ; --         ;                 ; --       ; --           ;
; G7       ;            ;          ; VCCINT                                                    ; power  ;              ; 1.2V    ; --         ;                 ; --       ; --           ;
; G8       ;            ;          ; VCCINT                                                    ; power  ;              ; 1.2V    ; --         ;                 ; --       ; --           ;
; G9       ;            ;          ; VCCINT                                                    ; power  ;              ; 1.2V    ; --         ;                 ; --       ; --           ;
; G10      ;            ;          ; VCCINT                                                    ; power  ;              ; 1.2V    ; --         ;                 ; --       ; --           ;
; G11      ;            ;          ; GND                                                       ; gnd    ;              ;         ; --         ;                 ; --       ; --           ;
; G12      ; 155        ; 6        ; ^MSEL2                                                    ;        ;              ;         ; --         ;                 ; --       ; --           ;
; G12      ; 156        ; 6        ; ^MSEL3                                                    ;        ;              ;         ; --         ;                 ; --       ; --           ;
; G13      ;            ;          ; GND                                                       ; gnd    ;              ;         ; --         ;                 ; --       ; --           ;
; G14      ;            ; 6        ; VCCIO6                                                    ; power  ;              ; 2.5V    ; --         ;                 ; --       ; --           ;
; G15      ; 160        ; 6        ; LEDG[7]                                                   ; output ; 2.5 V        ;         ; Row I/O    ; N               ; no       ; Off          ;
; G16      ; 159        ; 6        ; RESET_ADC[3]                                              ; output ; 2.5 V        ;         ; Row I/O    ; N               ; no       ; Off          ;
; H1       ; 17         ; 1        ; ~ALTERA_DCLK~                                             ; output ; 3.3-V LVTTL  ;         ; Row I/O    ; N               ; no       ; On           ;
; H2       ; 18         ; 1        ; ~ALTERA_DATA0~ / RESERVED_INPUT_WITH_WEAK_PULLUP          ; input  ; 3.3-V LVTTL  ;         ; Row I/O    ; N               ; no       ; On           ;
; H3       ; 21         ; 1        ; altera_reserved_tck                                       ; input  ; 3.3-V LVTTL  ;         ; --         ; N               ; no       ; Off          ;
; H4       ; 20         ; 1        ; altera_reserved_tdi                                       ; input  ; 3.3-V LVTTL  ;         ; --         ; N               ; no       ; Off          ;
; H5       ; 19         ; 1        ; ^nCONFIG                                                  ;        ;              ;         ; --         ;                 ; --       ; --           ;
; H6       ;            ;          ; VCCINT                                                    ; power  ;              ; 1.2V    ; --         ;                 ; --       ; --           ;
; H7       ;            ;          ; GND                                                       ; gnd    ;              ;         ; --         ;                 ; --       ; --           ;
; H8       ;            ;          ; GND                                                       ; gnd    ;              ;         ; --         ;                 ; --       ; --           ;
; H9       ;            ;          ; GND                                                       ; gnd    ;              ;         ; --         ;                 ; --       ; --           ;
; H10      ;            ;          ; GND                                                       ; gnd    ;              ;         ; --         ;                 ; --       ; --           ;
; H11      ;            ;          ; VCCINT                                                    ; power  ;              ; 1.2V    ; --         ;                 ; --       ; --           ;
; H12      ; 154        ; 6        ; ^MSEL1                                                    ;        ;              ;         ; --         ;                 ; --       ; --           ;
; H13      ; 153        ; 6        ; ^MSEL0                                                    ;        ;              ;         ; --         ;                 ; --       ; --           ;
; H14      ; 152        ; 6        ; ^CONF_DONE                                                ;        ;              ;         ; --         ;                 ; --       ; --           ;
; H15      ;            ;          ; GND                                                       ; gnd    ;              ;         ; --         ;                 ; --       ; --           ;
; H16      ;            ;          ; GND                                                       ; gnd    ;              ;         ; --         ;                 ; --       ; --           ;
; J1       ; 30         ; 2        ; RESERVED_INPUT_WITH_WEAK_PULLUP                           ;        ;              ;         ; Row I/O    ;                 ; no       ; On           ;
; J2       ; 29         ; 2        ; RESERVED_INPUT_WITH_WEAK_PULLUP                           ;        ;              ;         ; Row I/O    ;                 ; no       ; On           ;
; J3       ; 24         ; 1        ; ^nCE                                                      ;        ;              ;         ; --         ;                 ; --       ; --           ;
; J4       ; 23         ; 1        ; altera_reserved_tdo                                       ; output ; 3.3-V LVTTL  ;         ; --         ; N               ; no       ; Off          ;
; J5       ; 22         ; 1        ; altera_reserved_tms                                       ; input  ; 3.3-V LVTTL  ;         ; --         ; N               ; no       ; Off          ;
; J6       ;            ;          ; VCCINT                                                    ; power  ;              ; 1.2V    ; --         ;                 ; --       ; --           ;
; J7       ;            ;          ; GND                                                       ; gnd    ;              ;         ; --         ;                 ; --       ; --           ;
; J8       ;            ;          ; GND                                                       ; gnd    ;              ;         ; --         ;                 ; --       ; --           ;
; J9       ;            ;          ; GND                                                       ; gnd    ;              ;         ; --         ;                 ; --       ; --           ;
; J10      ;            ;          ; GND                                                       ; gnd    ;              ;         ; --         ;                 ; --       ; --           ;
; J11      ;            ;          ; GND                                                       ; gnd    ;              ;         ; --         ;                 ; --       ; --           ;
; J12      ;            ;          ; VCCINT                                                    ; power  ;              ; 1.2V    ; --         ;                 ; --       ; --           ;
; J13      ; 146        ; 5        ; LEDG[3]                                                   ; output ; 2.5 V        ;         ; Row I/O    ; Y               ; no       ; Off          ;
; J14      ; 144        ; 5        ; LEDG[2]                                                   ; output ; 2.5 V        ;         ; Row I/O    ; Y               ; no       ; Off          ;
; J15      ; 143        ; 5        ; RESERVED_INPUT_WITH_WEAK_PULLUP                           ;        ;              ;         ; Row I/O    ;                 ; no       ; On           ;
; J16      ; 142        ; 5        ; RESERVED_INPUT_WITH_WEAK_PULLUP                           ;        ;              ;         ; Row I/O    ;                 ; no       ; On           ;
; K1       ; 37         ; 2        ; RESERVED_INPUT_WITH_WEAK_PULLUP                           ;        ;              ;         ; Row I/O    ;                 ; no       ; On           ;
; K2       ; 36         ; 2        ; RESERVED_INPUT_WITH_WEAK_PULLUP                           ;        ;              ;         ; Row I/O    ;                 ; no       ; On           ;
; K3       ;            ; 2        ; VCCIO2                                                    ; power  ;              ; 2.5V    ; --         ;                 ; --       ; --           ;
; K4       ;            ;          ; GND                                                       ; gnd    ;              ;         ; --         ;                 ; --       ; --           ;
; K5       ; 45         ; 2        ; RESERVED_INPUT_WITH_WEAK_PULLUP                           ;        ;              ;         ; Row I/O    ;                 ; no       ; On           ;
; K6       ;            ;          ; GND                                                       ; gnd    ;              ;         ; --         ;                 ; --       ; --           ;
; K7       ;            ;          ; VCCINT                                                    ; power  ;              ; 1.2V    ; --         ;                 ; --       ; --           ;
; K8       ;            ;          ; GND                                                       ; gnd    ;              ;         ; --         ;                 ; --       ; --           ;
; K9       ;            ;          ; VCCINT                                                    ; power  ;              ; 1.2V    ; --         ;                 ; --       ; --           ;
; K10      ;            ;          ; VCCINT                                                    ; power  ;              ; 1.2V    ; --         ;                 ; --       ; --           ;
; K11      ;            ;          ; VCCINT                                                    ; power  ;              ; 1.2V    ; --         ;                 ; --       ; --           ;
; K12      ;            ;          ; GND                                                       ; gnd    ;              ;         ; --         ;                 ; --       ; --           ;
; K13      ;            ;          ; GND                                                       ; gnd    ;              ;         ; --         ;                 ; --       ; --           ;
; K14      ;            ; 5        ; VCCIO5                                                    ; power  ;              ; 2.5V    ; --         ;                 ; --       ; --           ;
; K15      ; 141        ; 5        ; LEDG[1]                                                   ; output ; 2.5 V        ;         ; Row I/O    ; Y               ; no       ; Off          ;
; K16      ; 140        ; 5        ; RESERVED_INPUT_WITH_WEAK_PULLUP                           ;        ;              ;         ; Row I/O    ;                 ; no       ; On           ;
; L1       ; 39         ; 2        ; RESERVED_INPUT_WITH_WEAK_PULLUP                           ;        ;              ;         ; Row I/O    ;                 ; no       ; On           ;
; L2       ; 38         ; 2        ; RESERVED_INPUT_WITH_WEAK_PULLUP                           ;        ;              ;         ; Row I/O    ;                 ; no       ; On           ;
; L3       ; 40         ; 2        ; RESERVED_INPUT_WITH_WEAK_PULLUP                           ;        ;              ;         ; Row I/O    ;                 ; --       ; --           ;
; L4       ; 46         ; 2        ; RESERVED_INPUT_WITH_WEAK_PULLUP                           ;        ;              ;         ; Row I/O    ;                 ; no       ; On           ;
; L5       ;            ; --       ; VCCA1                                                     ; power  ;              ; 2.5V    ; --         ;                 ; --       ; --           ;
; L6       ;            ;          ; VCCINT                                                    ; power  ;              ; 1.2V    ; --         ;                 ; --       ; --           ;
; L7       ; 75         ; 3        ; RESERVED_INPUT_WITH_WEAK_PULLUP                           ;        ;              ;         ; Column I/O ;                 ; no       ; On           ;
; L8       ; 79         ; 3        ; RESERVED_INPUT_WITH_WEAK_PULLUP                           ;        ;              ;         ; Column I/O ;                 ; no       ; On           ;
; L9       ;            ;          ; GND                                                       ; gnd    ;              ;         ; --         ;                 ; --       ; --           ;
; L10      ;            ;          ; GND                                                       ; gnd    ;              ;         ; --         ;                 ; --       ; --           ;
; L11      ;            ;          ; GND                                                       ; gnd    ;              ;         ; --         ;                 ; --       ; --           ;
; L12      ;            ; --       ; VCCA4                                                     ; power  ;              ; 2.5V    ; --         ;                 ; --       ; --           ;
; L13      ; 136        ; 5        ; SPI_CLOCK                                                 ; output ; 2.5 V        ;         ; Row I/O    ; Y               ; no       ; Off          ;
; L14      ; 134        ; 5        ; LEDG[0]                                                   ; output ; 2.5 V        ;         ; Row I/O    ; Y               ; no       ; Off          ;
; L15      ; 138        ; 5        ; SPI_MOSI                                                  ; output ; 2.5 V        ;         ; Row I/O    ; Y               ; no       ; Off          ;
; L16      ; 137        ; 5        ; RESERVED_INPUT_WITH_WEAK_PULLUP                           ;        ;              ;         ; Row I/O    ;                 ; no       ; On           ;
; M1       ; 28         ; 2        ; GND+                                                      ;        ;              ;         ; Row I/O    ;                 ; --       ; --           ;
; M2       ; 27         ; 2        ; GND+                                                      ;        ;              ;         ; Row I/O    ;                 ; --       ; --           ;
; M3       ;            ; 2        ; VCCIO2                                                    ; power  ;              ; 2.5V    ; --         ;                 ; --       ; --           ;
; M4       ;            ;          ; GND                                                       ; gnd    ;              ;         ; --         ;                 ; --       ; --           ;
; M5       ;            ;          ; GNDA1                                                     ; gnd    ;              ;         ; --         ;                 ; --       ; --           ;
; M6       ; 64         ; 3        ; RESERVED_INPUT_WITH_WEAK_PULLUP                           ;        ;              ;         ; Column I/O ;                 ; no       ; On           ;
; M7       ; 68         ; 3        ; RESERVED_INPUT_WITH_WEAK_PULLUP                           ;        ;              ;         ; Column I/O ;                 ; no       ; On           ;
; M8       ; 81         ; 3        ; RESERVED_INPUT_WITH_WEAK_PULLUP                           ;        ;              ;         ; Column I/O ;                 ; no       ; On           ;
; M9       ;            ;          ; VCCINT                                                    ; power  ;              ; 1.2V    ; --         ;                 ; --       ; --           ;
; M10      ; 111        ; 4        ; RESERVED_INPUT_WITH_WEAK_PULLUP                           ;        ;              ;         ; Column I/O ;                 ; no       ; On           ;
; M11      ;            ;          ; VCCINT                                                    ; power  ;              ; 1.2V    ; --         ;                 ; --       ; --           ;
; M12      ;            ;          ; GNDA4                                                     ; gnd    ;              ;         ; --         ;                 ; --       ; --           ;
; M13      ;            ;          ; GND                                                       ; gnd    ;              ;         ; --         ;                 ; --       ; --           ;
; M14      ;            ; 5        ; VCCIO5                                                    ; power  ;              ; 2.5V    ; --         ;                 ; --       ; --           ;
; M15      ; 149        ; 5        ; GND+                                                      ;        ;              ;         ; Row I/O    ;                 ; --       ; --           ;
; M16      ; 148        ; 5        ; GND+                                                      ;        ;              ;         ; Row I/O    ;                 ; --       ; --           ;
; N1       ; 44         ; 2        ; RESERVED_INPUT_WITH_WEAK_PULLUP                           ;        ;              ;         ; Row I/O    ;                 ; no       ; On           ;
; N2       ; 43         ; 2        ; RESERVED_INPUT_WITH_WEAK_PULLUP                           ;        ;              ;         ; Row I/O    ;                 ; no       ; On           ;
; N3       ; 52         ; 3        ; RESERVED_INPUT_WITH_WEAK_PULLUP                           ;        ;              ;         ; Column I/O ;                 ; no       ; On           ;
; N4       ;            ;          ; VCCD_PLL1                                                 ; power  ;              ; 1.2V    ; --         ;                 ; --       ; --           ;
; N5       ; 62         ; 3        ; RESERVED_INPUT_WITH_WEAK_PULLUP                           ;        ;              ;         ; Column I/O ;                 ; no       ; On           ;
; N6       ; 63         ; 3        ; RESERVED_INPUT_WITH_WEAK_PULLUP                           ;        ;              ;         ; Column I/O ;                 ; no       ; On           ;
; N7       ;            ;          ; GND                                                       ; gnd    ;              ;         ; --         ;                 ; --       ; --           ;
; N8       ; 82         ; 3        ; RESERVED_INPUT_WITH_WEAK_PULLUP                           ;        ;              ;         ; Column I/O ;                 ; no       ; On           ;
; N9       ; 93         ; 4        ; RESERVED_INPUT_WITH_WEAK_PULLUP                           ;        ;              ;         ; Column I/O ;                 ; no       ; On           ;
; N10      ;            ;          ; GND                                                       ; gnd    ;              ;         ; --         ;                 ; --       ; --           ;
; N11      ; 112        ; 4        ; RESERVED_INPUT_WITH_WEAK_PULLUP                           ;        ;              ;         ; Column I/O ;                 ; no       ; On           ;
; N12      ; 117        ; 4        ; RESERVED_INPUT_WITH_WEAK_PULLUP                           ;        ;              ;         ; Column I/O ;                 ; no       ; On           ;
; N13      ;            ;          ; VCCD_PLL4                                                 ; power  ;              ; 1.2V    ; --         ;                 ; --       ; --           ;
; N14      ; 126        ; 5        ; RESET_ADC[0]                                              ; output ; 2.5 V        ;         ; Row I/O    ; Y               ; no       ; Off          ;
; N15      ; 133        ; 5        ; RESERVED_INPUT_WITH_WEAK_PULLUP                           ;        ;              ;         ; Row I/O    ;                 ; no       ; On           ;
; N16      ; 132        ; 5        ; SPI_SS                                                    ; output ; 2.5 V        ;         ; Row I/O    ; Y               ; no       ; Off          ;
; P1       ; 51         ; 2        ; RESERVED_INPUT_WITH_WEAK_PULLUP                           ;        ;              ;         ; Row I/O    ;                 ; no       ; On           ;
; P2       ; 50         ; 2        ; RESERVED_INPUT_WITH_WEAK_PULLUP                           ;        ;              ;         ; Row I/O    ;                 ; no       ; On           ;
; P3       ; 53         ; 3        ; RESERVED_INPUT_WITH_WEAK_PULLUP                           ;        ;              ;         ; Column I/O ;                 ; no       ; On           ;
; P4       ;            ; 3        ; VCCIO3                                                    ; power  ;              ; 2.5V    ; --         ;                 ; --       ; --           ;
; P5       ;            ;          ; GND                                                       ; gnd    ;              ;         ; --         ;                 ; --       ; --           ;
; P6       ; 67         ; 3        ; RESERVED_INPUT_WITH_WEAK_PULLUP                           ;        ;              ;         ; Column I/O ;                 ; --       ; --           ;
; P7       ;            ; 3        ; VCCIO3                                                    ; power  ;              ; 2.5V    ; --         ;                 ; --       ; --           ;
; P8       ; 85         ; 3        ; RESERVED_INPUT_WITH_WEAK_PULLUP                           ;        ;              ;         ; Column I/O ;                 ; no       ; On           ;
; P9       ; 105        ; 4        ; RESERVED_INPUT_WITH_WEAK_PULLUP                           ;        ;              ;         ; Column I/O ;                 ; no       ; On           ;
; P10      ;            ; 4        ; VCCIO4                                                    ; power  ;              ; 2.5V    ; --         ;                 ; --       ; --           ;
; P11      ; 106        ; 4        ; RESERVED_INPUT_WITH_WEAK_PULLUP                           ;        ;              ;         ; Column I/O ;                 ; --       ; --           ;
; P12      ;            ;          ; GND                                                       ; gnd    ;              ;         ; --         ;                 ; --       ; --           ;
; P13      ;            ; 4        ; VCCIO4                                                    ; power  ;              ; 2.5V    ; --         ;                 ; --       ; --           ;
; P14      ; 119        ; 4        ; RESERVED_INPUT_WITH_WEAK_PULLUP                           ;        ;              ;         ; Column I/O ;                 ; no       ; On           ;
; P15      ; 127        ; 5        ; RESERVED_INPUT_WITH_WEAK_PULLUP                           ;        ;              ;         ; Row I/O    ;                 ; no       ; On           ;
; P16      ; 128        ; 5        ; SPI_MISO                                                  ; input  ; 2.5 V        ;         ; Row I/O    ; Y               ; no       ; Off          ;
; R1       ; 49         ; 2        ; RESERVED_INPUT_WITH_WEAK_PULLUP                           ;        ;              ;         ; Row I/O    ;                 ; no       ; On           ;
; R2       ;            ;          ; GND                                                       ; gnd    ;              ;         ; --         ;                 ; --       ; --           ;
; R3       ; 54         ; 3        ; RESERVED_INPUT_WITH_WEAK_PULLUP                           ;        ;              ;         ; Column I/O ;                 ; no       ; On           ;
; R4       ; 60         ; 3        ; RESERVED_INPUT_WITH_WEAK_PULLUP                           ;        ;              ;         ; Column I/O ;                 ; no       ; On           ;
; R5       ; 71         ; 3        ; RESERVED_INPUT_WITH_WEAK_PULLUP                           ;        ;              ;         ; Column I/O ;                 ; no       ; On           ;
; R6       ; 73         ; 3        ; RESERVED_INPUT_WITH_WEAK_PULLUP                           ;        ;              ;         ; Column I/O ;                 ; no       ; On           ;
; R7       ; 76         ; 3        ; RESERVED_INPUT_WITH_WEAK_PULLUP                           ;        ;              ;         ; Column I/O ;                 ; no       ; On           ;
; R8       ; 86         ; 3        ; GND+                                                      ;        ;              ;         ; Column I/O ;                 ; --       ; --           ;
; R9       ; 88         ; 4        ; GND+                                                      ;        ;              ;         ; Column I/O ;                 ; --       ; --           ;
; R10      ; 96         ; 4        ; RESERVED_INPUT_WITH_WEAK_PULLUP                           ;        ;              ;         ; Column I/O ;                 ; no       ; On           ;
; R11      ; 98         ; 4        ; RESERVED_INPUT_WITH_WEAK_PULLUP                           ;        ;              ;         ; Column I/O ;                 ; no       ; On           ;
; R12      ; 100        ; 4        ; RESERVED_INPUT_WITH_WEAK_PULLUP                           ;        ;              ;         ; Column I/O ;                 ; no       ; On           ;
; R13      ; 107        ; 4        ; RESERVED_INPUT_WITH_WEAK_PULLUP                           ;        ;              ;         ; Column I/O ;                 ; no       ; On           ;
; R14      ; 120        ; 4        ; RESERVED_INPUT_WITH_WEAK_PULLUP                           ;        ;              ;         ; Column I/O ;                 ; no       ; On           ;
; R15      ;            ;          ; GND                                                       ; gnd    ;              ;         ; --         ;                 ; --       ; --           ;
; R16      ; 129        ; 5        ; RESERVED_INPUT_WITH_WEAK_PULLUP                           ;        ;              ;         ; Row I/O    ;                 ; no       ; On           ;
; T1       ;            ; 3        ; VCCIO3                                                    ; power  ;              ; 2.5V    ; --         ;                 ; --       ; --           ;
; T2       ; 59         ; 3        ; RESERVED_INPUT_WITH_WEAK_PULLUP                           ;        ;              ;         ; Column I/O ;                 ; no       ; On           ;
; T3       ; 55         ; 3        ; RESERVED_INPUT_WITH_WEAK_PULLUP                           ;        ;              ;         ; Column I/O ;                 ; no       ; On           ;
; T4       ; 61         ; 3        ; RESERVED_INPUT_WITH_WEAK_PULLUP                           ;        ;              ;         ; Column I/O ;                 ; no       ; On           ;
; T5       ; 72         ; 3        ; RESERVED_INPUT_WITH_WEAK_PULLUP                           ;        ;              ;         ; Column I/O ;                 ; no       ; On           ;
; T6       ; 74         ; 3        ; RESERVED_INPUT_WITH_WEAK_PULLUP                           ;        ;              ;         ; Column I/O ;                 ; no       ; On           ;
; T7       ; 77         ; 3        ; RESERVED_INPUT_WITH_WEAK_PULLUP                           ;        ;              ;         ; Column I/O ;                 ; no       ; On           ;
; T8       ; 87         ; 3        ; GND+                                                      ;        ;              ;         ; Column I/O ;                 ; --       ; --           ;
; T9       ; 89         ; 4        ; GND+                                                      ;        ;              ;         ; Column I/O ;                 ; --       ; --           ;
; T10      ; 97         ; 4        ; RESERVED_INPUT_WITH_WEAK_PULLUP                           ;        ;              ;         ; Column I/O ;                 ; no       ; On           ;
; T11      ; 99         ; 4        ; RESERVED_INPUT_WITH_WEAK_PULLUP                           ;        ;              ;         ; Column I/O ;                 ; no       ; On           ;
; T12      ; 101        ; 4        ; RESERVED_INPUT_WITH_WEAK_PULLUP                           ;        ;              ;         ; Column I/O ;                 ; no       ; On           ;
; T13      ; 108        ; 4        ; RESERVED_INPUT_WITH_WEAK_PULLUP                           ;        ;              ;         ; Column I/O ;                 ; no       ; On           ;
; T14      ; 115        ; 4        ; RESERVED_INPUT_WITH_WEAK_PULLUP                           ;        ;              ;         ; Column I/O ;                 ; no       ; On           ;
; T15      ; 116        ; 4        ; RESERVED_INPUT_WITH_WEAK_PULLUP                           ;        ;              ;         ; Column I/O ;                 ; no       ; On           ;
; T16      ;            ; 4        ; VCCIO4                                                    ; power  ;              ; 2.5V    ; --         ;                 ; --       ; --           ;
+----------+------------+----------+-----------------------------------------------------------+--------+--------------+---------+------------+-----------------+----------+--------------+
Note: Pin directions (input, output or bidir) are based on device operating in user mode.


+----------------------------------------------+
; I/O Assignment Warnings                      ;
+--------------+-------------------------------+
; Pin Name     ; Reason                        ;
+--------------+-------------------------------+
; LEDG[0]      ; Incomplete set of assignments ;
; LEDG[1]      ; Incomplete set of assignments ;
; LEDG[2]      ; Incomplete set of assignments ;
; LEDG[3]      ; Incomplete set of assignments ;
; LEDG[4]      ; Incomplete set of assignments ;
; LEDG[5]      ; Incomplete set of assignments ;
; LEDG[6]      ; Incomplete set of assignments ;
; LEDG[7]      ; Incomplete set of assignments ;
; RESET_ADC[0] ; Incomplete set of assignments ;
; RESET_ADC[1] ; Incomplete set of assignments ;
; RESET_ADC[2] ; Incomplete set of assignments ;
; RESET_ADC[3] ; Incomplete set of assignments ;
; RESET_ADC[4] ; Incomplete set of assignments ;
; RESET_ADC[5] ; Incomplete set of assignments ;
; RESET_ADC[6] ; Incomplete set of assignments ;
; RESET_ADC[7] ; Incomplete set of assignments ;
; SPI_MOSI     ; Incomplete set of assignments ;
; SPI_CLOCK    ; Incomplete set of assignments ;
; SPI_SS       ; Incomplete set of assignments ;
; SPI_MISO     ; Incomplete set of assignments ;
; LEDG[4]      ; Missing location assignment   ;
; LEDG[5]      ; Missing location assignment   ;
; LEDG[6]      ; Missing location assignment   ;
; LEDG[7]      ; Missing location assignment   ;
; RESET_ADC[1] ; Missing location assignment   ;
; RESET_ADC[2] ; Missing location assignment   ;
; RESET_ADC[3] ; Missing location assignment   ;
; RESET_ADC[4] ; Missing location assignment   ;
; RESET_ADC[5] ; Missing location assignment   ;
; RESET_ADC[6] ; Missing location assignment   ;
; RESET_ADC[7] ; Missing location assignment   ;
+--------------+-------------------------------+


+-------------------------------------------------------------------------------------------------------------------------------------------------------------------------------------------------------------------------------------------------------------------------------------------------------------------------------------------------------------------------------------------------------------------------------------------------------------------------------------------------------------------------------------------------------------------------------------------------------------------------------------------------------------------------------------------------------------------------------------------------------------------------------------------------------------------------------------------------------------------------------------------------------------------------------------------------------------------------------------------------------------------------------------------------------------------------------------------------------------------------------+
; Fitter Resource Utilization by Entity                                                                                                                                                                                                                                                                                                                                                                                                                                                                                                                                                                                                                                                                                                                                                                                                                                                                                                                                                                                                                                                                                         ;
+-----------------------------------------------------------------------------------------------------------------------------------------------------------------+-------------+---------------------------+---------------+-------------+------+--------------+---------+-----------+------+--------------+--------------+-------------------+------------------+----------------------------------------------------------------------------------------------------------------------------------------------------------------------------------------------------------------------------------------------------------------------------------------------------------------------------------------------------------------------------------------------------------------------------------------------------------------------------------------------------------------------------------------------------------------------------------------------------------------------------------------------+-------------------------------------------------------------------------+------------------------------------+
; Compilation Hierarchy Node                                                                                                                                      ; Logic Cells ; Dedicated Logic Registers ; I/O Registers ; Memory Bits ; M9Ks ; DSP Elements ; DSP 9x9 ; DSP 18x18 ; Pins ; Virtual Pins ; LUT-Only LCs ; Register-Only LCs ; LUT/Register LCs ; Full Hierarchy Name                                                                                                                                                                                                                                                                                                                                                                                                                                                                                                                                                                                                                          ; Entity Name                                                             ; Library Name                       ;
+-----------------------------------------------------------------------------------------------------------------------------------------------------------------+-------------+---------------------------+---------------+-------------+------+--------------+---------+-----------+------+--------------+--------------+-------------------+------------------+----------------------------------------------------------------------------------------------------------------------------------------------------------------------------------------------------------------------------------------------------------------------------------------------------------------------------------------------------------------------------------------------------------------------------------------------------------------------------------------------------------------------------------------------------------------------------------------------------------------------------------------------+-------------------------------------------------------------------------+------------------------------------+
; |My_First_NIOS_II                                                                                                                                               ; 2924 (0)    ; 1916 (0)                  ; 0 (0)         ; 45568       ; 10   ; 0            ; 0       ; 0         ; 21   ; 0            ; 1008 (0)     ; 465 (0)           ; 1451 (0)         ; |My_First_NIOS_II                                                                                                                                                                                                                                                                                                                                                                                                                                                                                                                                                                                                                            ; My_First_NIOS_II                                                        ; work                               ;
;    |My_First_NIOS_II_Platform_Designer:u0|                                                                                                                      ; 2203 (0)    ; 1389 (0)                  ; 0 (0)         ; 44032       ; 9    ; 0            ; 0       ; 0         ; 0    ; 0            ; 814 (0)      ; 261 (0)           ; 1128 (0)         ; |My_First_NIOS_II|My_First_NIOS_II_Platform_Designer:u0                                                                                                                                                                                                                                                                                                                                                                                                                                                                                                                                                                                      ; My_First_NIOS_II_Platform_Designer                                      ; My_First_NIOS_II_Platform_Designer ;
;       |My_First_NIOS_II_Platform_Designer_DEBUG:debug|                                                                                                          ; 166 (39)    ; 105 (13)                  ; 0 (0)         ; 1024        ; 2    ; 0            ; 0       ; 0         ; 0    ; 0            ; 51 (16)      ; 23 (3)            ; 92 (20)          ; |My_First_NIOS_II|My_First_NIOS_II_Platform_Designer:u0|My_First_NIOS_II_Platform_Designer_DEBUG:debug                                                                                                                                                                                                                                                                                                                                                                                                                                                                                                                                       ; My_First_NIOS_II_Platform_Designer_DEBUG                                ; My_First_NIOS_II_Platform_Designer ;
;          |My_First_NIOS_II_Platform_Designer_DEBUG_scfifo_r:the_My_First_NIOS_II_Platform_Designer_DEBUG_scfifo_r|                                              ; 26 (0)      ; 20 (0)                    ; 0 (0)         ; 512         ; 1    ; 0            ; 0       ; 0         ; 0    ; 0            ; 6 (0)        ; 0 (0)             ; 20 (0)           ; |My_First_NIOS_II|My_First_NIOS_II_Platform_Designer:u0|My_First_NIOS_II_Platform_Designer_DEBUG:debug|My_First_NIOS_II_Platform_Designer_DEBUG_scfifo_r:the_My_First_NIOS_II_Platform_Designer_DEBUG_scfifo_r                                                                                                                                                                                                                                                                                                                                                                                                                               ; My_First_NIOS_II_Platform_Designer_DEBUG_scfifo_r                       ; My_First_NIOS_II_Platform_Designer ;
;             |scfifo:rfifo|                                                                                                                                      ; 26 (0)      ; 20 (0)                    ; 0 (0)         ; 512         ; 1    ; 0            ; 0       ; 0         ; 0    ; 0            ; 6 (0)        ; 0 (0)             ; 20 (0)           ; |My_First_NIOS_II|My_First_NIOS_II_Platform_Designer:u0|My_First_NIOS_II_Platform_Designer_DEBUG:debug|My_First_NIOS_II_Platform_Designer_DEBUG_scfifo_r:the_My_First_NIOS_II_Platform_Designer_DEBUG_scfifo_r|scfifo:rfifo                                                                                                                                                                                                                                                                                                                                                                                                                  ; scfifo                                                                  ; work                               ;
;                |scfifo_cr21:auto_generated|                                                                                                                     ; 26 (0)      ; 20 (0)                    ; 0 (0)         ; 512         ; 1    ; 0            ; 0       ; 0         ; 0    ; 0            ; 6 (0)        ; 0 (0)             ; 20 (0)           ; |My_First_NIOS_II|My_First_NIOS_II_Platform_Designer:u0|My_First_NIOS_II_Platform_Designer_DEBUG:debug|My_First_NIOS_II_Platform_Designer_DEBUG_scfifo_r:the_My_First_NIOS_II_Platform_Designer_DEBUG_scfifo_r|scfifo:rfifo|scfifo_cr21:auto_generated                                                                                                                                                                                                                                                                                                                                                                                       ; scfifo_cr21                                                             ; work                               ;
;                   |a_dpfifo_e011:dpfifo|                                                                                                                        ; 26 (0)      ; 20 (0)                    ; 0 (0)         ; 512         ; 1    ; 0            ; 0       ; 0         ; 0    ; 0            ; 6 (0)        ; 0 (0)             ; 20 (0)           ; |My_First_NIOS_II|My_First_NIOS_II_Platform_Designer:u0|My_First_NIOS_II_Platform_Designer_DEBUG:debug|My_First_NIOS_II_Platform_Designer_DEBUG_scfifo_r:the_My_First_NIOS_II_Platform_Designer_DEBUG_scfifo_r|scfifo:rfifo|scfifo_cr21:auto_generated|a_dpfifo_e011:dpfifo                                                                                                                                                                                                                                                                                                                                                                  ; a_dpfifo_e011                                                           ; work                               ;
;                      |a_fefifo_7cf:fifo_state|                                                                                                                  ; 14 (8)      ; 8 (2)                     ; 0 (0)         ; 0           ; 0    ; 0            ; 0       ; 0         ; 0    ; 0            ; 6 (6)        ; 0 (0)             ; 8 (2)            ; |My_First_NIOS_II|My_First_NIOS_II_Platform_Designer:u0|My_First_NIOS_II_Platform_Designer_DEBUG:debug|My_First_NIOS_II_Platform_Designer_DEBUG_scfifo_r:the_My_First_NIOS_II_Platform_Designer_DEBUG_scfifo_r|scfifo:rfifo|scfifo_cr21:auto_generated|a_dpfifo_e011:dpfifo|a_fefifo_7cf:fifo_state                                                                                                                                                                                                                                                                                                                                          ; a_fefifo_7cf                                                            ; work                               ;
;                         |cntr_6o7:count_usedw|                                                                                                                  ; 6 (6)       ; 6 (6)                     ; 0 (0)         ; 0           ; 0    ; 0            ; 0       ; 0         ; 0    ; 0            ; 0 (0)        ; 0 (0)             ; 6 (6)            ; |My_First_NIOS_II|My_First_NIOS_II_Platform_Designer:u0|My_First_NIOS_II_Platform_Designer_DEBUG:debug|My_First_NIOS_II_Platform_Designer_DEBUG_scfifo_r:the_My_First_NIOS_II_Platform_Designer_DEBUG_scfifo_r|scfifo:rfifo|scfifo_cr21:auto_generated|a_dpfifo_e011:dpfifo|a_fefifo_7cf:fifo_state|cntr_6o7:count_usedw                                                                                                                                                                                                                                                                                                                     ; cntr_6o7                                                                ; work                               ;
;                      |altsyncram_gio1:FIFOram|                                                                                                                  ; 0 (0)       ; 0 (0)                     ; 0 (0)         ; 512         ; 1    ; 0            ; 0       ; 0         ; 0    ; 0            ; 0 (0)        ; 0 (0)             ; 0 (0)            ; |My_First_NIOS_II|My_First_NIOS_II_Platform_Designer:u0|My_First_NIOS_II_Platform_Designer_DEBUG:debug|My_First_NIOS_II_Platform_Designer_DEBUG_scfifo_r:the_My_First_NIOS_II_Platform_Designer_DEBUG_scfifo_r|scfifo:rfifo|scfifo_cr21:auto_generated|a_dpfifo_e011:dpfifo|altsyncram_gio1:FIFOram                                                                                                                                                                                                                                                                                                                                          ; altsyncram_gio1                                                         ; work                               ;
;                      |cntr_qnb:rd_ptr_count|                                                                                                                    ; 6 (6)       ; 6 (6)                     ; 0 (0)         ; 0           ; 0    ; 0            ; 0       ; 0         ; 0    ; 0            ; 0 (0)        ; 0 (0)             ; 6 (6)            ; |My_First_NIOS_II|My_First_NIOS_II_Platform_Designer:u0|My_First_NIOS_II_Platform_Designer_DEBUG:debug|My_First_NIOS_II_Platform_Designer_DEBUG_scfifo_r:the_My_First_NIOS_II_Platform_Designer_DEBUG_scfifo_r|scfifo:rfifo|scfifo_cr21:auto_generated|a_dpfifo_e011:dpfifo|cntr_qnb:rd_ptr_count                                                                                                                                                                                                                                                                                                                                            ; cntr_qnb                                                                ; work                               ;
;                      |cntr_qnb:wr_ptr|                                                                                                                          ; 6 (6)       ; 6 (6)                     ; 0 (0)         ; 0           ; 0    ; 0            ; 0       ; 0         ; 0    ; 0            ; 0 (0)        ; 0 (0)             ; 6 (6)            ; |My_First_NIOS_II|My_First_NIOS_II_Platform_Designer:u0|My_First_NIOS_II_Platform_Designer_DEBUG:debug|My_First_NIOS_II_Platform_Designer_DEBUG_scfifo_r:the_My_First_NIOS_II_Platform_Designer_DEBUG_scfifo_r|scfifo:rfifo|scfifo_cr21:auto_generated|a_dpfifo_e011:dpfifo|cntr_qnb:wr_ptr                                                                                                                                                                                                                                                                                                                                                  ; cntr_qnb                                                                ; work                               ;
;          |My_First_NIOS_II_Platform_Designer_DEBUG_scfifo_w:the_My_First_NIOS_II_Platform_Designer_DEBUG_scfifo_w|                                              ; 25 (0)      ; 20 (0)                    ; 0 (0)         ; 512         ; 1    ; 0            ; 0       ; 0         ; 0    ; 0            ; 5 (0)        ; 0 (0)             ; 20 (0)           ; |My_First_NIOS_II|My_First_NIOS_II_Platform_Designer:u0|My_First_NIOS_II_Platform_Designer_DEBUG:debug|My_First_NIOS_II_Platform_Designer_DEBUG_scfifo_w:the_My_First_NIOS_II_Platform_Designer_DEBUG_scfifo_w                                                                                                                                                                                                                                                                                                                                                                                                                               ; My_First_NIOS_II_Platform_Designer_DEBUG_scfifo_w                       ; My_First_NIOS_II_Platform_Designer ;
;             |scfifo:wfifo|                                                                                                                                      ; 25 (0)      ; 20 (0)                    ; 0 (0)         ; 512         ; 1    ; 0            ; 0       ; 0         ; 0    ; 0            ; 5 (0)        ; 0 (0)             ; 20 (0)           ; |My_First_NIOS_II|My_First_NIOS_II_Platform_Designer:u0|My_First_NIOS_II_Platform_Designer_DEBUG:debug|My_First_NIOS_II_Platform_Designer_DEBUG_scfifo_w:the_My_First_NIOS_II_Platform_Designer_DEBUG_scfifo_w|scfifo:wfifo                                                                                                                                                                                                                                                                                                                                                                                                                  ; scfifo                                                                  ; work                               ;
;                |scfifo_cr21:auto_generated|                                                                                                                     ; 25 (0)      ; 20 (0)                    ; 0 (0)         ; 512         ; 1    ; 0            ; 0       ; 0         ; 0    ; 0            ; 5 (0)        ; 0 (0)             ; 20 (0)           ; |My_First_NIOS_II|My_First_NIOS_II_Platform_Designer:u0|My_First_NIOS_II_Platform_Designer_DEBUG:debug|My_First_NIOS_II_Platform_Designer_DEBUG_scfifo_w:the_My_First_NIOS_II_Platform_Designer_DEBUG_scfifo_w|scfifo:wfifo|scfifo_cr21:auto_generated                                                                                                                                                                                                                                                                                                                                                                                       ; scfifo_cr21                                                             ; work                               ;
;                   |a_dpfifo_e011:dpfifo|                                                                                                                        ; 25 (0)      ; 20 (0)                    ; 0 (0)         ; 512         ; 1    ; 0            ; 0       ; 0         ; 0    ; 0            ; 5 (0)        ; 0 (0)             ; 20 (0)           ; |My_First_NIOS_II|My_First_NIOS_II_Platform_Designer:u0|My_First_NIOS_II_Platform_Designer_DEBUG:debug|My_First_NIOS_II_Platform_Designer_DEBUG_scfifo_w:the_My_First_NIOS_II_Platform_Designer_DEBUG_scfifo_w|scfifo:wfifo|scfifo_cr21:auto_generated|a_dpfifo_e011:dpfifo                                                                                                                                                                                                                                                                                                                                                                  ; a_dpfifo_e011                                                           ; work                               ;
;                      |a_fefifo_7cf:fifo_state|                                                                                                                  ; 13 (7)      ; 8 (2)                     ; 0 (0)         ; 0           ; 0    ; 0            ; 0       ; 0         ; 0    ; 0            ; 5 (5)        ; 0 (0)             ; 8 (2)            ; |My_First_NIOS_II|My_First_NIOS_II_Platform_Designer:u0|My_First_NIOS_II_Platform_Designer_DEBUG:debug|My_First_NIOS_II_Platform_Designer_DEBUG_scfifo_w:the_My_First_NIOS_II_Platform_Designer_DEBUG_scfifo_w|scfifo:wfifo|scfifo_cr21:auto_generated|a_dpfifo_e011:dpfifo|a_fefifo_7cf:fifo_state                                                                                                                                                                                                                                                                                                                                          ; a_fefifo_7cf                                                            ; work                               ;
;                         |cntr_6o7:count_usedw|                                                                                                                  ; 6 (6)       ; 6 (6)                     ; 0 (0)         ; 0           ; 0    ; 0            ; 0       ; 0         ; 0    ; 0            ; 0 (0)        ; 0 (0)             ; 6 (6)            ; |My_First_NIOS_II|My_First_NIOS_II_Platform_Designer:u0|My_First_NIOS_II_Platform_Designer_DEBUG:debug|My_First_NIOS_II_Platform_Designer_DEBUG_scfifo_w:the_My_First_NIOS_II_Platform_Designer_DEBUG_scfifo_w|scfifo:wfifo|scfifo_cr21:auto_generated|a_dpfifo_e011:dpfifo|a_fefifo_7cf:fifo_state|cntr_6o7:count_usedw                                                                                                                                                                                                                                                                                                                     ; cntr_6o7                                                                ; work                               ;
;                      |altsyncram_gio1:FIFOram|                                                                                                                  ; 0 (0)       ; 0 (0)                     ; 0 (0)         ; 512         ; 1    ; 0            ; 0       ; 0         ; 0    ; 0            ; 0 (0)        ; 0 (0)             ; 0 (0)            ; |My_First_NIOS_II|My_First_NIOS_II_Platform_Designer:u0|My_First_NIOS_II_Platform_Designer_DEBUG:debug|My_First_NIOS_II_Platform_Designer_DEBUG_scfifo_w:the_My_First_NIOS_II_Platform_Designer_DEBUG_scfifo_w|scfifo:wfifo|scfifo_cr21:auto_generated|a_dpfifo_e011:dpfifo|altsyncram_gio1:FIFOram                                                                                                                                                                                                                                                                                                                                          ; altsyncram_gio1                                                         ; work                               ;
;                      |cntr_qnb:rd_ptr_count|                                                                                                                    ; 6 (6)       ; 6 (6)                     ; 0 (0)         ; 0           ; 0    ; 0            ; 0       ; 0         ; 0    ; 0            ; 0 (0)        ; 0 (0)             ; 6 (6)            ; |My_First_NIOS_II|My_First_NIOS_II_Platform_Designer:u0|My_First_NIOS_II_Platform_Designer_DEBUG:debug|My_First_NIOS_II_Platform_Designer_DEBUG_scfifo_w:the_My_First_NIOS_II_Platform_Designer_DEBUG_scfifo_w|scfifo:wfifo|scfifo_cr21:auto_generated|a_dpfifo_e011:dpfifo|cntr_qnb:rd_ptr_count                                                                                                                                                                                                                                                                                                                                            ; cntr_qnb                                                                ; work                               ;
;                      |cntr_qnb:wr_ptr|                                                                                                                          ; 6 (6)       ; 6 (6)                     ; 0 (0)         ; 0           ; 0    ; 0            ; 0       ; 0         ; 0    ; 0            ; 0 (0)        ; 0 (0)             ; 6 (6)            ; |My_First_NIOS_II|My_First_NIOS_II_Platform_Designer:u0|My_First_NIOS_II_Platform_Designer_DEBUG:debug|My_First_NIOS_II_Platform_Designer_DEBUG_scfifo_w:the_My_First_NIOS_II_Platform_Designer_DEBUG_scfifo_w|scfifo:wfifo|scfifo_cr21:auto_generated|a_dpfifo_e011:dpfifo|cntr_qnb:wr_ptr                                                                                                                                                                                                                                                                                                                                                  ; cntr_qnb                                                                ; work                               ;
;          |alt_jtag_atlantic:My_First_NIOS_II_Platform_Designer_DEBUG_alt_jtag_atlantic|                                                                         ; 76 (76)     ; 52 (52)                   ; 0 (0)         ; 0           ; 0    ; 0            ; 0       ; 0         ; 0    ; 0            ; 24 (24)      ; 20 (20)           ; 32 (32)          ; |My_First_NIOS_II|My_First_NIOS_II_Platform_Designer:u0|My_First_NIOS_II_Platform_Designer_DEBUG:debug|alt_jtag_atlantic:My_First_NIOS_II_Platform_Designer_DEBUG_alt_jtag_atlantic                                                                                                                                                                                                                                                                                                                                                                                                                                                          ; alt_jtag_atlantic                                                       ; work                               ;
;       |My_First_NIOS_II_Platform_Designer_GPIO:gpio|                                                                                                            ; 19 (19)     ; 8 (8)                     ; 0 (0)         ; 0           ; 0    ; 0            ; 0       ; 0         ; 0    ; 0            ; 3 (3)        ; 8 (8)             ; 8 (8)            ; |My_First_NIOS_II|My_First_NIOS_II_Platform_Designer:u0|My_First_NIOS_II_Platform_Designer_GPIO:gpio                                                                                                                                                                                                                                                                                                                                                                                                                                                                                                                                         ; My_First_NIOS_II_Platform_Designer_GPIO                                 ; My_First_NIOS_II_Platform_Designer ;
;       |My_First_NIOS_II_Platform_Designer_GPIO:pio_0|                                                                                                           ; 18 (18)     ; 8 (8)                     ; 0 (0)         ; 0           ; 0    ; 0            ; 0       ; 0         ; 0    ; 0            ; 2 (2)        ; 7 (7)             ; 9 (9)            ; |My_First_NIOS_II|My_First_NIOS_II_Platform_Designer:u0|My_First_NIOS_II_Platform_Designer_GPIO:pio_0                                                                                                                                                                                                                                                                                                                                                                                                                                                                                                                                        ; My_First_NIOS_II_Platform_Designer_GPIO                                 ; My_First_NIOS_II_Platform_Designer ;
;       |My_First_NIOS_II_Platform_Designer_HelloNios:hellonios|                                                                                                  ; 1119 (0)    ; 587 (0)                   ; 0 (0)         ; 10240       ; 3    ; 0            ; 0       ; 0         ; 0    ; 0            ; 492 (0)      ; 73 (0)            ; 554 (0)          ; |My_First_NIOS_II|My_First_NIOS_II_Platform_Designer:u0|My_First_NIOS_II_Platform_Designer_HelloNios:hellonios                                                                                                                                                                                                                                                                                                                                                                                                                                                                                                                               ; My_First_NIOS_II_Platform_Designer_HelloNios                            ; My_First_NIOS_II_Platform_Designer ;
;          |My_First_NIOS_II_Platform_Designer_HelloNios_cpu:cpu|                                                                                                 ; 1119 (723)  ; 587 (314)                 ; 0 (0)         ; 10240       ; 3    ; 0            ; 0       ; 0         ; 0    ; 0            ; 492 (369)    ; 73 (24)           ; 554 (330)        ; |My_First_NIOS_II|My_First_NIOS_II_Platform_Designer:u0|My_First_NIOS_II_Platform_Designer_HelloNios:hellonios|My_First_NIOS_II_Platform_Designer_HelloNios_cpu:cpu                                                                                                                                                                                                                                                                                                                                                                                                                                                                          ; My_First_NIOS_II_Platform_Designer_HelloNios_cpu                        ; My_First_NIOS_II_Platform_Designer ;
;             |My_First_NIOS_II_Platform_Designer_HelloNios_cpu_nios2_oci:the_My_First_NIOS_II_Platform_Designer_HelloNios_cpu_nios2_oci|                         ; 396 (87)    ; 273 (80)                  ; 0 (0)         ; 8192        ; 1    ; 0            ; 0       ; 0         ; 0    ; 0            ; 123 (7)      ; 49 (1)            ; 224 (80)         ; |My_First_NIOS_II|My_First_NIOS_II_Platform_Designer:u0|My_First_NIOS_II_Platform_Designer_HelloNios:hellonios|My_First_NIOS_II_Platform_Designer_HelloNios_cpu:cpu|My_First_NIOS_II_Platform_Designer_HelloNios_cpu_nios2_oci:the_My_First_NIOS_II_Platform_Designer_HelloNios_cpu_nios2_oci                                                                                                                                                                                                                                                                                                                                                ; My_First_NIOS_II_Platform_Designer_HelloNios_cpu_nios2_oci              ; My_First_NIOS_II_Platform_Designer ;
;                |My_First_NIOS_II_Platform_Designer_HelloNios_cpu_debug_slave_wrapper:the_My_First_NIOS_II_Platform_Designer_HelloNios_cpu_debug_slave_wrapper|  ; 139 (0)     ; 96 (0)                    ; 0 (0)         ; 0           ; 0    ; 0            ; 0       ; 0         ; 0    ; 0            ; 43 (0)       ; 44 (0)            ; 52 (0)           ; |My_First_NIOS_II|My_First_NIOS_II_Platform_Designer:u0|My_First_NIOS_II_Platform_Designer_HelloNios:hellonios|My_First_NIOS_II_Platform_Designer_HelloNios_cpu:cpu|My_First_NIOS_II_Platform_Designer_HelloNios_cpu_nios2_oci:the_My_First_NIOS_II_Platform_Designer_HelloNios_cpu_nios2_oci|My_First_NIOS_II_Platform_Designer_HelloNios_cpu_debug_slave_wrapper:the_My_First_NIOS_II_Platform_Designer_HelloNios_cpu_debug_slave_wrapper                                                                                                                                                                                                  ; My_First_NIOS_II_Platform_Designer_HelloNios_cpu_debug_slave_wrapper    ; My_First_NIOS_II_Platform_Designer ;
;                   |My_First_NIOS_II_Platform_Designer_HelloNios_cpu_debug_slave_sysclk:the_My_First_NIOS_II_Platform_Designer_HelloNios_cpu_debug_slave_sysclk| ; 50 (46)     ; 49 (45)                   ; 0 (0)         ; 0           ; 0    ; 0            ; 0       ; 0         ; 0    ; 0            ; 1 (1)        ; 36 (33)           ; 13 (12)          ; |My_First_NIOS_II|My_First_NIOS_II_Platform_Designer:u0|My_First_NIOS_II_Platform_Designer_HelloNios:hellonios|My_First_NIOS_II_Platform_Designer_HelloNios_cpu:cpu|My_First_NIOS_II_Platform_Designer_HelloNios_cpu_nios2_oci:the_My_First_NIOS_II_Platform_Designer_HelloNios_cpu_nios2_oci|My_First_NIOS_II_Platform_Designer_HelloNios_cpu_debug_slave_wrapper:the_My_First_NIOS_II_Platform_Designer_HelloNios_cpu_debug_slave_wrapper|My_First_NIOS_II_Platform_Designer_HelloNios_cpu_debug_slave_sysclk:the_My_First_NIOS_II_Platform_Designer_HelloNios_cpu_debug_slave_sysclk                                                      ; My_First_NIOS_II_Platform_Designer_HelloNios_cpu_debug_slave_sysclk     ; My_First_NIOS_II_Platform_Designer ;
;                      |altera_std_synchronizer:the_altera_std_synchronizer3|                                                                                     ; 2 (2)       ; 2 (2)                     ; 0 (0)         ; 0           ; 0    ; 0            ; 0       ; 0         ; 0    ; 0            ; 0 (0)        ; 1 (1)             ; 1 (1)            ; |My_First_NIOS_II|My_First_NIOS_II_Platform_Designer:u0|My_First_NIOS_II_Platform_Designer_HelloNios:hellonios|My_First_NIOS_II_Platform_Designer_HelloNios_cpu:cpu|My_First_NIOS_II_Platform_Designer_HelloNios_cpu_nios2_oci:the_My_First_NIOS_II_Platform_Designer_HelloNios_cpu_nios2_oci|My_First_NIOS_II_Platform_Designer_HelloNios_cpu_debug_slave_wrapper:the_My_First_NIOS_II_Platform_Designer_HelloNios_cpu_debug_slave_wrapper|My_First_NIOS_II_Platform_Designer_HelloNios_cpu_debug_slave_sysclk:the_My_First_NIOS_II_Platform_Designer_HelloNios_cpu_debug_slave_sysclk|altera_std_synchronizer:the_altera_std_synchronizer3 ; altera_std_synchronizer                                                 ; work                               ;
;                      |altera_std_synchronizer:the_altera_std_synchronizer4|                                                                                     ; 2 (2)       ; 2 (2)                     ; 0 (0)         ; 0           ; 0    ; 0            ; 0       ; 0         ; 0    ; 0            ; 0 (0)        ; 2 (2)             ; 0 (0)            ; |My_First_NIOS_II|My_First_NIOS_II_Platform_Designer:u0|My_First_NIOS_II_Platform_Designer_HelloNios:hellonios|My_First_NIOS_II_Platform_Designer_HelloNios_cpu:cpu|My_First_NIOS_II_Platform_Designer_HelloNios_cpu_nios2_oci:the_My_First_NIOS_II_Platform_Designer_HelloNios_cpu_nios2_oci|My_First_NIOS_II_Platform_Designer_HelloNios_cpu_debug_slave_wrapper:the_My_First_NIOS_II_Platform_Designer_HelloNios_cpu_debug_slave_wrapper|My_First_NIOS_II_Platform_Designer_HelloNios_cpu_debug_slave_sysclk:the_My_First_NIOS_II_Platform_Designer_HelloNios_cpu_debug_slave_sysclk|altera_std_synchronizer:the_altera_std_synchronizer4 ; altera_std_synchronizer                                                 ; work                               ;
;                   |My_First_NIOS_II_Platform_Designer_HelloNios_cpu_debug_slave_tck:the_My_First_NIOS_II_Platform_Designer_HelloNios_cpu_debug_slave_tck|       ; 90 (86)     ; 47 (43)                   ; 0 (0)         ; 0           ; 0    ; 0            ; 0       ; 0         ; 0    ; 0            ; 39 (39)      ; 8 (4)             ; 43 (43)          ; |My_First_NIOS_II|My_First_NIOS_II_Platform_Designer:u0|My_First_NIOS_II_Platform_Designer_HelloNios:hellonios|My_First_NIOS_II_Platform_Designer_HelloNios_cpu:cpu|My_First_NIOS_II_Platform_Designer_HelloNios_cpu_nios2_oci:the_My_First_NIOS_II_Platform_Designer_HelloNios_cpu_nios2_oci|My_First_NIOS_II_Platform_Designer_HelloNios_cpu_debug_slave_wrapper:the_My_First_NIOS_II_Platform_Designer_HelloNios_cpu_debug_slave_wrapper|My_First_NIOS_II_Platform_Designer_HelloNios_cpu_debug_slave_tck:the_My_First_NIOS_II_Platform_Designer_HelloNios_cpu_debug_slave_tck                                                            ; My_First_NIOS_II_Platform_Designer_HelloNios_cpu_debug_slave_tck        ; My_First_NIOS_II_Platform_Designer ;
;                      |altera_std_synchronizer:the_altera_std_synchronizer1|                                                                                     ; 2 (2)       ; 2 (2)                     ; 0 (0)         ; 0           ; 0    ; 0            ; 0       ; 0         ; 0    ; 0            ; 0 (0)        ; 2 (2)             ; 0 (0)            ; |My_First_NIOS_II|My_First_NIOS_II_Platform_Designer:u0|My_First_NIOS_II_Platform_Designer_HelloNios:hellonios|My_First_NIOS_II_Platform_Designer_HelloNios_cpu:cpu|My_First_NIOS_II_Platform_Designer_HelloNios_cpu_nios2_oci:the_My_First_NIOS_II_Platform_Designer_HelloNios_cpu_nios2_oci|My_First_NIOS_II_Platform_Designer_HelloNios_cpu_debug_slave_wrapper:the_My_First_NIOS_II_Platform_Designer_HelloNios_cpu_debug_slave_wrapper|My_First_NIOS_II_Platform_Designer_HelloNios_cpu_debug_slave_tck:the_My_First_NIOS_II_Platform_Designer_HelloNios_cpu_debug_slave_tck|altera_std_synchronizer:the_altera_std_synchronizer1       ; altera_std_synchronizer                                                 ; work                               ;
;                      |altera_std_synchronizer:the_altera_std_synchronizer2|                                                                                     ; 2 (2)       ; 2 (2)                     ; 0 (0)         ; 0           ; 0    ; 0            ; 0       ; 0         ; 0    ; 0            ; 0 (0)        ; 2 (2)             ; 0 (0)            ; |My_First_NIOS_II|My_First_NIOS_II_Platform_Designer:u0|My_First_NIOS_II_Platform_Designer_HelloNios:hellonios|My_First_NIOS_II_Platform_Designer_HelloNios_cpu:cpu|My_First_NIOS_II_Platform_Designer_HelloNios_cpu_nios2_oci:the_My_First_NIOS_II_Platform_Designer_HelloNios_cpu_nios2_oci|My_First_NIOS_II_Platform_Designer_HelloNios_cpu_debug_slave_wrapper:the_My_First_NIOS_II_Platform_Designer_HelloNios_cpu_debug_slave_wrapper|My_First_NIOS_II_Platform_Designer_HelloNios_cpu_debug_slave_tck:the_My_First_NIOS_II_Platform_Designer_HelloNios_cpu_debug_slave_tck|altera_std_synchronizer:the_altera_std_synchronizer2       ; altera_std_synchronizer                                                 ; work                               ;
;                   |sld_virtual_jtag_basic:My_First_NIOS_II_Platform_Designer_HelloNios_cpu_debug_slave_phy|                                                     ; 4 (4)       ; 0 (0)                     ; 0 (0)         ; 0           ; 0    ; 0            ; 0       ; 0         ; 0    ; 0            ; 3 (3)        ; 0 (0)             ; 1 (1)            ; |My_First_NIOS_II|My_First_NIOS_II_Platform_Designer:u0|My_First_NIOS_II_Platform_Designer_HelloNios:hellonios|My_First_NIOS_II_Platform_Designer_HelloNios_cpu:cpu|My_First_NIOS_II_Platform_Designer_HelloNios_cpu_nios2_oci:the_My_First_NIOS_II_Platform_Designer_HelloNios_cpu_nios2_oci|My_First_NIOS_II_Platform_Designer_HelloNios_cpu_debug_slave_wrapper:the_My_First_NIOS_II_Platform_Designer_HelloNios_cpu_debug_slave_wrapper|sld_virtual_jtag_basic:My_First_NIOS_II_Platform_Designer_HelloNios_cpu_debug_slave_phy                                                                                                          ; sld_virtual_jtag_basic                                                  ; work                               ;
;                |My_First_NIOS_II_Platform_Designer_HelloNios_cpu_nios2_avalon_reg:the_My_First_NIOS_II_Platform_Designer_HelloNios_cpu_nios2_avalon_reg|        ; 13 (13)     ; 7 (7)                     ; 0 (0)         ; 0           ; 0    ; 0            ; 0       ; 0         ; 0    ; 0            ; 6 (6)        ; 0 (0)             ; 7 (7)            ; |My_First_NIOS_II|My_First_NIOS_II_Platform_Designer:u0|My_First_NIOS_II_Platform_Designer_HelloNios:hellonios|My_First_NIOS_II_Platform_Designer_HelloNios_cpu:cpu|My_First_NIOS_II_Platform_Designer_HelloNios_cpu_nios2_oci:the_My_First_NIOS_II_Platform_Designer_HelloNios_cpu_nios2_oci|My_First_NIOS_II_Platform_Designer_HelloNios_cpu_nios2_avalon_reg:the_My_First_NIOS_II_Platform_Designer_HelloNios_cpu_nios2_avalon_reg                                                                                                                                                                                                        ; My_First_NIOS_II_Platform_Designer_HelloNios_cpu_nios2_avalon_reg       ; My_First_NIOS_II_Platform_Designer ;
;                |My_First_NIOS_II_Platform_Designer_HelloNios_cpu_nios2_oci_break:the_My_First_NIOS_II_Platform_Designer_HelloNios_cpu_nios2_oci_break|          ; 33 (33)     ; 32 (32)                   ; 0 (0)         ; 0           ; 0    ; 0            ; 0       ; 0         ; 0    ; 0            ; 0 (0)        ; 0 (0)             ; 33 (33)          ; |My_First_NIOS_II|My_First_NIOS_II_Platform_Designer:u0|My_First_NIOS_II_Platform_Designer_HelloNios:hellonios|My_First_NIOS_II_Platform_Designer_HelloNios_cpu:cpu|My_First_NIOS_II_Platform_Designer_HelloNios_cpu_nios2_oci:the_My_First_NIOS_II_Platform_Designer_HelloNios_cpu_nios2_oci|My_First_NIOS_II_Platform_Designer_HelloNios_cpu_nios2_oci_break:the_My_First_NIOS_II_Platform_Designer_HelloNios_cpu_nios2_oci_break                                                                                                                                                                                                          ; My_First_NIOS_II_Platform_Designer_HelloNios_cpu_nios2_oci_break        ; My_First_NIOS_II_Platform_Designer ;
;                |My_First_NIOS_II_Platform_Designer_HelloNios_cpu_nios2_oci_debug:the_My_First_NIOS_II_Platform_Designer_HelloNios_cpu_nios2_oci_debug|          ; 12 (10)     ; 9 (7)                     ; 0 (0)         ; 0           ; 0    ; 0            ; 0       ; 0         ; 0    ; 0            ; 2 (2)        ; 3 (1)             ; 7 (7)            ; |My_First_NIOS_II|My_First_NIOS_II_Platform_Designer:u0|My_First_NIOS_II_Platform_Designer_HelloNios:hellonios|My_First_NIOS_II_Platform_Designer_HelloNios_cpu:cpu|My_First_NIOS_II_Platform_Designer_HelloNios_cpu_nios2_oci:the_My_First_NIOS_II_Platform_Designer_HelloNios_cpu_nios2_oci|My_First_NIOS_II_Platform_Designer_HelloNios_cpu_nios2_oci_debug:the_My_First_NIOS_II_Platform_Designer_HelloNios_cpu_nios2_oci_debug                                                                                                                                                                                                          ; My_First_NIOS_II_Platform_Designer_HelloNios_cpu_nios2_oci_debug        ; My_First_NIOS_II_Platform_Designer ;
;                   |altera_std_synchronizer:the_altera_std_synchronizer|                                                                                         ; 2 (2)       ; 2 (2)                     ; 0 (0)         ; 0           ; 0    ; 0            ; 0       ; 0         ; 0    ; 0            ; 0 (0)        ; 2 (2)             ; 0 (0)            ; |My_First_NIOS_II|My_First_NIOS_II_Platform_Designer:u0|My_First_NIOS_II_Platform_Designer_HelloNios:hellonios|My_First_NIOS_II_Platform_Designer_HelloNios_cpu:cpu|My_First_NIOS_II_Platform_Designer_HelloNios_cpu_nios2_oci:the_My_First_NIOS_II_Platform_Designer_HelloNios_cpu_nios2_oci|My_First_NIOS_II_Platform_Designer_HelloNios_cpu_nios2_oci_debug:the_My_First_NIOS_II_Platform_Designer_HelloNios_cpu_nios2_oci_debug|altera_std_synchronizer:the_altera_std_synchronizer                                                                                                                                                      ; altera_std_synchronizer                                                 ; work                               ;
;                |My_First_NIOS_II_Platform_Designer_HelloNios_cpu_nios2_ocimem:the_My_First_NIOS_II_Platform_Designer_HelloNios_cpu_nios2_ocimem|                ; 115 (115)   ; 49 (49)                   ; 0 (0)         ; 8192        ; 1    ; 0            ; 0       ; 0         ; 0    ; 0            ; 65 (65)      ; 1 (1)             ; 49 (49)          ; |My_First_NIOS_II|My_First_NIOS_II_Platform_Designer:u0|My_First_NIOS_II_Platform_Designer_HelloNios:hellonios|My_First_NIOS_II_Platform_Designer_HelloNios_cpu:cpu|My_First_NIOS_II_Platform_Designer_HelloNios_cpu_nios2_oci:the_My_First_NIOS_II_Platform_Designer_HelloNios_cpu_nios2_oci|My_First_NIOS_II_Platform_Designer_HelloNios_cpu_nios2_ocimem:the_My_First_NIOS_II_Platform_Designer_HelloNios_cpu_nios2_ocimem                                                                                                                                                                                                                ; My_First_NIOS_II_Platform_Designer_HelloNios_cpu_nios2_ocimem           ; My_First_NIOS_II_Platform_Designer ;
;                   |My_First_NIOS_II_Platform_Designer_HelloNios_cpu_ociram_sp_ram_module:My_First_NIOS_II_Platform_Designer_HelloNios_cpu_ociram_sp_ram|        ; 0 (0)       ; 0 (0)                     ; 0 (0)         ; 8192        ; 1    ; 0            ; 0       ; 0         ; 0    ; 0            ; 0 (0)        ; 0 (0)             ; 0 (0)            ; |My_First_NIOS_II|My_First_NIOS_II_Platform_Designer:u0|My_First_NIOS_II_Platform_Designer_HelloNios:hellonios|My_First_NIOS_II_Platform_Designer_HelloNios_cpu:cpu|My_First_NIOS_II_Platform_Designer_HelloNios_cpu_nios2_oci:the_My_First_NIOS_II_Platform_Designer_HelloNios_cpu_nios2_oci|My_First_NIOS_II_Platform_Designer_HelloNios_cpu_nios2_ocimem:the_My_First_NIOS_II_Platform_Designer_HelloNios_cpu_nios2_ocimem|My_First_NIOS_II_Platform_Designer_HelloNios_cpu_ociram_sp_ram_module:My_First_NIOS_II_Platform_Designer_HelloNios_cpu_ociram_sp_ram                                                                           ; My_First_NIOS_II_Platform_Designer_HelloNios_cpu_ociram_sp_ram_module   ; My_First_NIOS_II_Platform_Designer ;
;                      |altsyncram:the_altsyncram|                                                                                                                ; 0 (0)       ; 0 (0)                     ; 0 (0)         ; 8192        ; 1    ; 0            ; 0       ; 0         ; 0    ; 0            ; 0 (0)        ; 0 (0)             ; 0 (0)            ; |My_First_NIOS_II|My_First_NIOS_II_Platform_Designer:u0|My_First_NIOS_II_Platform_Designer_HelloNios:hellonios|My_First_NIOS_II_Platform_Designer_HelloNios_cpu:cpu|My_First_NIOS_II_Platform_Designer_HelloNios_cpu_nios2_oci:the_My_First_NIOS_II_Platform_Designer_HelloNios_cpu_nios2_oci|My_First_NIOS_II_Platform_Designer_HelloNios_cpu_nios2_ocimem:the_My_First_NIOS_II_Platform_Designer_HelloNios_cpu_nios2_ocimem|My_First_NIOS_II_Platform_Designer_HelloNios_cpu_ociram_sp_ram_module:My_First_NIOS_II_Platform_Designer_HelloNios_cpu_ociram_sp_ram|altsyncram:the_altsyncram                                                 ; altsyncram                                                              ; work                               ;
;                         |altsyncram_3c71:auto_generated|                                                                                                        ; 0 (0)       ; 0 (0)                     ; 0 (0)         ; 8192        ; 1    ; 0            ; 0       ; 0         ; 0    ; 0            ; 0 (0)        ; 0 (0)             ; 0 (0)            ; |My_First_NIOS_II|My_First_NIOS_II_Platform_Designer:u0|My_First_NIOS_II_Platform_Designer_HelloNios:hellonios|My_First_NIOS_II_Platform_Designer_HelloNios_cpu:cpu|My_First_NIOS_II_Platform_Designer_HelloNios_cpu_nios2_oci:the_My_First_NIOS_II_Platform_Designer_HelloNios_cpu_nios2_oci|My_First_NIOS_II_Platform_Designer_HelloNios_cpu_nios2_ocimem:the_My_First_NIOS_II_Platform_Designer_HelloNios_cpu_nios2_ocimem|My_First_NIOS_II_Platform_Designer_HelloNios_cpu_ociram_sp_ram_module:My_First_NIOS_II_Platform_Designer_HelloNios_cpu_ociram_sp_ram|altsyncram:the_altsyncram|altsyncram_3c71:auto_generated                  ; altsyncram_3c71                                                         ; work                               ;
;             |My_First_NIOS_II_Platform_Designer_HelloNios_cpu_register_bank_a_module:My_First_NIOS_II_Platform_Designer_HelloNios_cpu_register_bank_a|          ; 0 (0)       ; 0 (0)                     ; 0 (0)         ; 1024        ; 1    ; 0            ; 0       ; 0         ; 0    ; 0            ; 0 (0)        ; 0 (0)             ; 0 (0)            ; |My_First_NIOS_II|My_First_NIOS_II_Platform_Designer:u0|My_First_NIOS_II_Platform_Designer_HelloNios:hellonios|My_First_NIOS_II_Platform_Designer_HelloNios_cpu:cpu|My_First_NIOS_II_Platform_Designer_HelloNios_cpu_register_bank_a_module:My_First_NIOS_II_Platform_Designer_HelloNios_cpu_register_bank_a                                                                                                                                                                                                                                                                                                                                 ; My_First_NIOS_II_Platform_Designer_HelloNios_cpu_register_bank_a_module ; My_First_NIOS_II_Platform_Designer ;
;                |altsyncram:the_altsyncram|                                                                                                                      ; 0 (0)       ; 0 (0)                     ; 0 (0)         ; 1024        ; 1    ; 0            ; 0       ; 0         ; 0    ; 0            ; 0 (0)        ; 0 (0)             ; 0 (0)            ; |My_First_NIOS_II|My_First_NIOS_II_Platform_Designer:u0|My_First_NIOS_II_Platform_Designer_HelloNios:hellonios|My_First_NIOS_II_Platform_Designer_HelloNios_cpu:cpu|My_First_NIOS_II_Platform_Designer_HelloNios_cpu_register_bank_a_module:My_First_NIOS_II_Platform_Designer_HelloNios_cpu_register_bank_a|altsyncram:the_altsyncram                                                                                                                                                                                                                                                                                                       ; altsyncram                                                              ; work                               ;
;                   |altsyncram_vlc1:auto_generated|                                                                                                              ; 0 (0)       ; 0 (0)                     ; 0 (0)         ; 1024        ; 1    ; 0            ; 0       ; 0         ; 0    ; 0            ; 0 (0)        ; 0 (0)             ; 0 (0)            ; |My_First_NIOS_II|My_First_NIOS_II_Platform_Designer:u0|My_First_NIOS_II_Platform_Designer_HelloNios:hellonios|My_First_NIOS_II_Platform_Designer_HelloNios_cpu:cpu|My_First_NIOS_II_Platform_Designer_HelloNios_cpu_register_bank_a_module:My_First_NIOS_II_Platform_Designer_HelloNios_cpu_register_bank_a|altsyncram:the_altsyncram|altsyncram_vlc1:auto_generated                                                                                                                                                                                                                                                                        ; altsyncram_vlc1                                                         ; work                               ;
;             |My_First_NIOS_II_Platform_Designer_HelloNios_cpu_register_bank_b_module:My_First_NIOS_II_Platform_Designer_HelloNios_cpu_register_bank_b|          ; 0 (0)       ; 0 (0)                     ; 0 (0)         ; 1024        ; 1    ; 0            ; 0       ; 0         ; 0    ; 0            ; 0 (0)        ; 0 (0)             ; 0 (0)            ; |My_First_NIOS_II|My_First_NIOS_II_Platform_Designer:u0|My_First_NIOS_II_Platform_Designer_HelloNios:hellonios|My_First_NIOS_II_Platform_Designer_HelloNios_cpu:cpu|My_First_NIOS_II_Platform_Designer_HelloNios_cpu_register_bank_b_module:My_First_NIOS_II_Platform_Designer_HelloNios_cpu_register_bank_b                                                                                                                                                                                                                                                                                                                                 ; My_First_NIOS_II_Platform_Designer_HelloNios_cpu_register_bank_b_module ; My_First_NIOS_II_Platform_Designer ;
;                |altsyncram:the_altsyncram|                                                                                                                      ; 0 (0)       ; 0 (0)                     ; 0 (0)         ; 1024        ; 1    ; 0            ; 0       ; 0         ; 0    ; 0            ; 0 (0)        ; 0 (0)             ; 0 (0)            ; |My_First_NIOS_II|My_First_NIOS_II_Platform_Designer:u0|My_First_NIOS_II_Platform_Designer_HelloNios:hellonios|My_First_NIOS_II_Platform_Designer_HelloNios_cpu:cpu|My_First_NIOS_II_Platform_Designer_HelloNios_cpu_register_bank_b_module:My_First_NIOS_II_Platform_Designer_HelloNios_cpu_register_bank_b|altsyncram:the_altsyncram                                                                                                                                                                                                                                                                                                       ; altsyncram                                                              ; work                               ;
;                   |altsyncram_vlc1:auto_generated|                                                                                                              ; 0 (0)       ; 0 (0)                     ; 0 (0)         ; 1024        ; 1    ; 0            ; 0       ; 0         ; 0    ; 0            ; 0 (0)        ; 0 (0)             ; 0 (0)            ; |My_First_NIOS_II|My_First_NIOS_II_Platform_Designer:u0|My_First_NIOS_II_Platform_Designer_HelloNios:hellonios|My_First_NIOS_II_Platform_Designer_HelloNios_cpu:cpu|My_First_NIOS_II_Platform_Designer_HelloNios_cpu_register_bank_b_module:My_First_NIOS_II_Platform_Designer_HelloNios_cpu_register_bank_b|altsyncram:the_altsyncram|altsyncram_vlc1:auto_generated                                                                                                                                                                                                                                                                        ; altsyncram_vlc1                                                         ; work                               ;
;       |My_First_NIOS_II_Platform_Designer_SRAM:sram|                                                                                                            ; 1 (1)       ; 0 (0)                     ; 0 (0)         ; 32768       ; 4    ; 0            ; 0       ; 0         ; 0    ; 0            ; 1 (1)        ; 0 (0)             ; 0 (0)            ; |My_First_NIOS_II|My_First_NIOS_II_Platform_Designer:u0|My_First_NIOS_II_Platform_Designer_SRAM:sram                                                                                                                                                                                                                                                                                                                                                                                                                                                                                                                                         ; My_First_NIOS_II_Platform_Designer_SRAM                                 ; My_First_NIOS_II_Platform_Designer ;
;          |altsyncram:the_altsyncram|                                                                                                                            ; 0 (0)       ; 0 (0)                     ; 0 (0)         ; 32768       ; 4    ; 0            ; 0       ; 0         ; 0    ; 0            ; 0 (0)        ; 0 (0)             ; 0 (0)            ; |My_First_NIOS_II|My_First_NIOS_II_Platform_Designer:u0|My_First_NIOS_II_Platform_Designer_SRAM:sram|altsyncram:the_altsyncram                                                                                                                                                                                                                                                                                                                                                                                                                                                                                                               ; altsyncram                                                              ; work                               ;
;             |altsyncram_g4u1:auto_generated|                                                                                                                    ; 0 (0)       ; 0 (0)                     ; 0 (0)         ; 32768       ; 4    ; 0            ; 0       ; 0         ; 0    ; 0            ; 0 (0)        ; 0 (0)             ; 0 (0)            ; |My_First_NIOS_II|My_First_NIOS_II_Platform_Designer:u0|My_First_NIOS_II_Platform_Designer_SRAM:sram|altsyncram:the_altsyncram|altsyncram_g4u1:auto_generated                                                                                                                                                                                                                                                                                                                                                                                                                                                                                ; altsyncram_g4u1                                                         ; work                               ;
;       |My_First_NIOS_II_Platform_Designer_TIMER:timer|                                                                                                          ; 155 (155)   ; 120 (120)                 ; 0 (0)         ; 0           ; 0    ; 0            ; 0       ; 0         ; 0    ; 0            ; 35 (35)      ; 12 (12)           ; 108 (108)        ; |My_First_NIOS_II|My_First_NIOS_II_Platform_Designer:u0|My_First_NIOS_II_Platform_Designer_TIMER:timer                                                                                                                                                                                                                                                                                                                                                                                                                                                                                                                                       ; My_First_NIOS_II_Platform_Designer_TIMER                                ; My_First_NIOS_II_Platform_Designer ;
;       |My_First_NIOS_II_Platform_Designer_adc_1_spi:adc_1_spi|                                                                                                  ; 141 (141)   ; 116 (116)                 ; 0 (0)         ; 0           ; 0    ; 0            ; 0       ; 0         ; 0    ; 0            ; 25 (25)      ; 38 (38)           ; 78 (78)          ; |My_First_NIOS_II|My_First_NIOS_II_Platform_Designer:u0|My_First_NIOS_II_Platform_Designer_adc_1_spi:adc_1_spi                                                                                                                                                                                                                                                                                                                                                                                                                                                                                                                               ; My_First_NIOS_II_Platform_Designer_adc_1_spi                            ; My_First_NIOS_II_Platform_Designer ;
;       |My_First_NIOS_II_Platform_Designer_adc_1_spi:spi_0|                                                                                                      ; 151 (151)   ; 118 (118)                 ; 0 (0)         ; 0           ; 0    ; 0            ; 0       ; 0         ; 0    ; 0            ; 31 (31)      ; 38 (38)           ; 82 (82)          ; |My_First_NIOS_II|My_First_NIOS_II_Platform_Designer:u0|My_First_NIOS_II_Platform_Designer_adc_1_spi:spi_0                                                                                                                                                                                                                                                                                                                                                                                                                                                                                                                                   ; My_First_NIOS_II_Platform_Designer_adc_1_spi                            ; My_First_NIOS_II_Platform_Designer ;
;       |My_First_NIOS_II_Platform_Designer_esc_spi:esc_spi|                                                                                                      ; 140 (140)   ; 116 (116)                 ; 0 (0)         ; 0           ; 0    ; 0            ; 0       ; 0         ; 0    ; 0            ; 24 (24)      ; 33 (33)           ; 83 (83)          ; |My_First_NIOS_II|My_First_NIOS_II_Platform_Designer:u0|My_First_NIOS_II_Platform_Designer_esc_spi:esc_spi                                                                                                                                                                                                                                                                                                                                                                                                                                                                                                                                   ; My_First_NIOS_II_Platform_Designer_esc_spi                              ; My_First_NIOS_II_Platform_Designer ;
;       |My_First_NIOS_II_Platform_Designer_mm_interconnect_0:mm_interconnect_0|                                                                                  ; 404 (0)     ; 195 (0)                   ; 0 (0)         ; 0           ; 0    ; 0            ; 0       ; 0         ; 0    ; 0            ; 150 (0)      ; 20 (0)            ; 234 (0)          ; |My_First_NIOS_II|My_First_NIOS_II_Platform_Designer:u0|My_First_NIOS_II_Platform_Designer_mm_interconnect_0:mm_interconnect_0                                                                                                                                                                                                                                                                                                                                                                                                                                                                                                               ; My_First_NIOS_II_Platform_Designer_mm_interconnect_0                    ; My_First_NIOS_II_Platform_Designer ;
;          |My_First_NIOS_II_Platform_Designer_mm_interconnect_0_cmd_demux:cmd_demux|                                                                             ; 9 (9)       ; 0 (0)                     ; 0 (0)         ; 0           ; 0    ; 0            ; 0       ; 0         ; 0    ; 0            ; 9 (9)        ; 0 (0)             ; 0 (0)            ; |My_First_NIOS_II|My_First_NIOS_II_Platform_Designer:u0|My_First_NIOS_II_Platform_Designer_mm_interconnect_0:mm_interconnect_0|My_First_NIOS_II_Platform_Designer_mm_interconnect_0_cmd_demux:cmd_demux                                                                                                                                                                                                                                                                                                                                                                                                                                      ; My_First_NIOS_II_Platform_Designer_mm_interconnect_0_cmd_demux          ; My_First_NIOS_II_Platform_Designer ;
;          |My_First_NIOS_II_Platform_Designer_mm_interconnect_0_cmd_demux_001:cmd_demux_001|                                                                     ; 2 (2)       ; 0 (0)                     ; 0 (0)         ; 0           ; 0    ; 0            ; 0       ; 0         ; 0    ; 0            ; 2 (2)        ; 0 (0)             ; 0 (0)            ; |My_First_NIOS_II|My_First_NIOS_II_Platform_Designer:u0|My_First_NIOS_II_Platform_Designer_mm_interconnect_0:mm_interconnect_0|My_First_NIOS_II_Platform_Designer_mm_interconnect_0_cmd_demux_001:cmd_demux_001                                                                                                                                                                                                                                                                                                                                                                                                                              ; My_First_NIOS_II_Platform_Designer_mm_interconnect_0_cmd_demux_001      ; My_First_NIOS_II_Platform_Designer ;
;          |My_First_NIOS_II_Platform_Designer_mm_interconnect_0_cmd_demux_001:rsp_demux_001|                                                                     ; 2 (2)       ; 0 (0)                     ; 0 (0)         ; 0           ; 0    ; 0            ; 0       ; 0         ; 0    ; 0            ; 2 (2)        ; 0 (0)             ; 0 (0)            ; |My_First_NIOS_II|My_First_NIOS_II_Platform_Designer:u0|My_First_NIOS_II_Platform_Designer_mm_interconnect_0:mm_interconnect_0|My_First_NIOS_II_Platform_Designer_mm_interconnect_0_cmd_demux_001:rsp_demux_001                                                                                                                                                                                                                                                                                                                                                                                                                              ; My_First_NIOS_II_Platform_Designer_mm_interconnect_0_cmd_demux_001      ; My_First_NIOS_II_Platform_Designer ;
;          |My_First_NIOS_II_Platform_Designer_mm_interconnect_0_cmd_demux_001:rsp_demux_002|                                                                     ; 2 (2)       ; 0 (0)                     ; 0 (0)         ; 0           ; 0    ; 0            ; 0       ; 0         ; 0    ; 0            ; 1 (1)        ; 0 (0)             ; 1 (1)            ; |My_First_NIOS_II|My_First_NIOS_II_Platform_Designer:u0|My_First_NIOS_II_Platform_Designer_mm_interconnect_0:mm_interconnect_0|My_First_NIOS_II_Platform_Designer_mm_interconnect_0_cmd_demux_001:rsp_demux_002                                                                                                                                                                                                                                                                                                                                                                                                                              ; My_First_NIOS_II_Platform_Designer_mm_interconnect_0_cmd_demux_001      ; My_First_NIOS_II_Platform_Designer ;
;          |My_First_NIOS_II_Platform_Designer_mm_interconnect_0_cmd_mux_001:cmd_mux_001|                                                                         ; 55 (52)     ; 5 (3)                     ; 0 (0)         ; 0           ; 0    ; 0            ; 0       ; 0         ; 0    ; 0            ; 4 (3)        ; 0 (0)             ; 51 (48)          ; |My_First_NIOS_II|My_First_NIOS_II_Platform_Designer:u0|My_First_NIOS_II_Platform_Designer_mm_interconnect_0:mm_interconnect_0|My_First_NIOS_II_Platform_Designer_mm_interconnect_0_cmd_mux_001:cmd_mux_001                                                                                                                                                                                                                                                                                                                                                                                                                                  ; My_First_NIOS_II_Platform_Designer_mm_interconnect_0_cmd_mux_001        ; My_First_NIOS_II_Platform_Designer ;
;             |altera_merlin_arbitrator:arb|                                                                                                                      ; 4 (4)       ; 2 (2)                     ; 0 (0)         ; 0           ; 0    ; 0            ; 0       ; 0         ; 0    ; 0            ; 1 (1)        ; 0 (0)             ; 3 (3)            ; |My_First_NIOS_II|My_First_NIOS_II_Platform_Designer:u0|My_First_NIOS_II_Platform_Designer_mm_interconnect_0:mm_interconnect_0|My_First_NIOS_II_Platform_Designer_mm_interconnect_0_cmd_mux_001:cmd_mux_001|altera_merlin_arbitrator:arb                                                                                                                                                                                                                                                                                                                                                                                                     ; altera_merlin_arbitrator                                                ; My_First_NIOS_II_Platform_Designer ;
;          |My_First_NIOS_II_Platform_Designer_mm_interconnect_0_cmd_mux_001:cmd_mux_002|                                                                         ; 56 (53)     ; 5 (3)                     ; 0 (0)         ; 0           ; 0    ; 0            ; 0       ; 0         ; 0    ; 0            ; 38 (37)      ; 1 (1)             ; 17 (14)          ; |My_First_NIOS_II|My_First_NIOS_II_Platform_Designer:u0|My_First_NIOS_II_Platform_Designer_mm_interconnect_0:mm_interconnect_0|My_First_NIOS_II_Platform_Designer_mm_interconnect_0_cmd_mux_001:cmd_mux_002                                                                                                                                                                                                                                                                                                                                                                                                                                  ; My_First_NIOS_II_Platform_Designer_mm_interconnect_0_cmd_mux_001        ; My_First_NIOS_II_Platform_Designer ;
;             |altera_merlin_arbitrator:arb|                                                                                                                      ; 4 (4)       ; 2 (2)                     ; 0 (0)         ; 0           ; 0    ; 0            ; 0       ; 0         ; 0    ; 0            ; 1 (1)        ; 0 (0)             ; 3 (3)            ; |My_First_NIOS_II|My_First_NIOS_II_Platform_Designer:u0|My_First_NIOS_II_Platform_Designer_mm_interconnect_0:mm_interconnect_0|My_First_NIOS_II_Platform_Designer_mm_interconnect_0_cmd_mux_001:cmd_mux_002|altera_merlin_arbitrator:arb                                                                                                                                                                                                                                                                                                                                                                                                     ; altera_merlin_arbitrator                                                ; My_First_NIOS_II_Platform_Designer ;
;          |My_First_NIOS_II_Platform_Designer_mm_interconnect_0_router:router|                                                                                   ; 13 (13)     ; 0 (0)                     ; 0 (0)         ; 0           ; 0    ; 0            ; 0       ; 0         ; 0    ; 0            ; 13 (13)      ; 0 (0)             ; 0 (0)            ; |My_First_NIOS_II|My_First_NIOS_II_Platform_Designer:u0|My_First_NIOS_II_Platform_Designer_mm_interconnect_0:mm_interconnect_0|My_First_NIOS_II_Platform_Designer_mm_interconnect_0_router:router                                                                                                                                                                                                                                                                                                                                                                                                                                            ; My_First_NIOS_II_Platform_Designer_mm_interconnect_0_router             ; My_First_NIOS_II_Platform_Designer ;
;          |My_First_NIOS_II_Platform_Designer_mm_interconnect_0_router_001:router_001|                                                                           ; 2 (2)       ; 0 (0)                     ; 0 (0)         ; 0           ; 0    ; 0            ; 0       ; 0         ; 0    ; 0            ; 2 (2)        ; 0 (0)             ; 0 (0)            ; |My_First_NIOS_II|My_First_NIOS_II_Platform_Designer:u0|My_First_NIOS_II_Platform_Designer_mm_interconnect_0:mm_interconnect_0|My_First_NIOS_II_Platform_Designer_mm_interconnect_0_router_001:router_001                                                                                                                                                                                                                                                                                                                                                                                                                                    ; My_First_NIOS_II_Platform_Designer_mm_interconnect_0_router_001         ; My_First_NIOS_II_Platform_Designer ;
;          |My_First_NIOS_II_Platform_Designer_mm_interconnect_0_rsp_mux:rsp_mux|                                                                                 ; 63 (63)     ; 0 (0)                     ; 0 (0)         ; 0           ; 0    ; 0            ; 0       ; 0         ; 0    ; 0            ; 27 (27)      ; 0 (0)             ; 36 (36)          ; |My_First_NIOS_II|My_First_NIOS_II_Platform_Designer:u0|My_First_NIOS_II_Platform_Designer_mm_interconnect_0:mm_interconnect_0|My_First_NIOS_II_Platform_Designer_mm_interconnect_0_rsp_mux:rsp_mux                                                                                                                                                                                                                                                                                                                                                                                                                                          ; My_First_NIOS_II_Platform_Designer_mm_interconnect_0_rsp_mux            ; My_First_NIOS_II_Platform_Designer ;
;          |My_First_NIOS_II_Platform_Designer_mm_interconnect_0_rsp_mux_001:rsp_mux_001|                                                                         ; 11 (11)     ; 0 (0)                     ; 0 (0)         ; 0           ; 0    ; 0            ; 0       ; 0         ; 0    ; 0            ; 4 (4)        ; 0 (0)             ; 7 (7)            ; |My_First_NIOS_II|My_First_NIOS_II_Platform_Designer:u0|My_First_NIOS_II_Platform_Designer_mm_interconnect_0:mm_interconnect_0|My_First_NIOS_II_Platform_Designer_mm_interconnect_0_rsp_mux_001:rsp_mux_001                                                                                                                                                                                                                                                                                                                                                                                                                                  ; My_First_NIOS_II_Platform_Designer_mm_interconnect_0_rsp_mux_001        ; My_First_NIOS_II_Platform_Designer ;
;          |altera_avalon_sc_fifo:adc_1_spi_spi_control_port_agent_rsp_fifo|                                                                                      ; 5 (5)       ; 2 (2)                     ; 0 (0)         ; 0           ; 0    ; 0            ; 0       ; 0         ; 0    ; 0            ; 3 (3)        ; 0 (0)             ; 2 (2)            ; |My_First_NIOS_II|My_First_NIOS_II_Platform_Designer:u0|My_First_NIOS_II_Platform_Designer_mm_interconnect_0:mm_interconnect_0|altera_avalon_sc_fifo:adc_1_spi_spi_control_port_agent_rsp_fifo                                                                                                                                                                                                                                                                                                                                                                                                                                               ; altera_avalon_sc_fifo                                                   ; My_First_NIOS_II_Platform_Designer ;
;          |altera_avalon_sc_fifo:debug_avalon_jtag_slave_agent_rsp_fifo|                                                                                         ; 5 (5)       ; 2 (2)                     ; 0 (0)         ; 0           ; 0    ; 0            ; 0       ; 0         ; 0    ; 0            ; 3 (3)        ; 0 (0)             ; 2 (2)            ; |My_First_NIOS_II|My_First_NIOS_II_Platform_Designer:u0|My_First_NIOS_II_Platform_Designer_mm_interconnect_0:mm_interconnect_0|altera_avalon_sc_fifo:debug_avalon_jtag_slave_agent_rsp_fifo                                                                                                                                                                                                                                                                                                                                                                                                                                                  ; altera_avalon_sc_fifo                                                   ; My_First_NIOS_II_Platform_Designer ;
;          |altera_avalon_sc_fifo:esc_spi_spi_control_port_agent_rsp_fifo|                                                                                        ; 5 (5)       ; 2 (2)                     ; 0 (0)         ; 0           ; 0    ; 0            ; 0       ; 0         ; 0    ; 0            ; 3 (3)        ; 0 (0)             ; 2 (2)            ; |My_First_NIOS_II|My_First_NIOS_II_Platform_Designer:u0|My_First_NIOS_II_Platform_Designer_mm_interconnect_0:mm_interconnect_0|altera_avalon_sc_fifo:esc_spi_spi_control_port_agent_rsp_fifo                                                                                                                                                                                                                                                                                                                                                                                                                                                 ; altera_avalon_sc_fifo                                                   ; My_First_NIOS_II_Platform_Designer ;
;          |altera_avalon_sc_fifo:gpio_s1_agent_rsp_fifo|                                                                                                         ; 4 (4)       ; 2 (2)                     ; 0 (0)         ; 0           ; 0    ; 0            ; 0       ; 0         ; 0    ; 0            ; 2 (2)        ; 0 (0)             ; 2 (2)            ; |My_First_NIOS_II|My_First_NIOS_II_Platform_Designer:u0|My_First_NIOS_II_Platform_Designer_mm_interconnect_0:mm_interconnect_0|altera_avalon_sc_fifo:gpio_s1_agent_rsp_fifo                                                                                                                                                                                                                                                                                                                                                                                                                                                                  ; altera_avalon_sc_fifo                                                   ; My_First_NIOS_II_Platform_Designer ;
;          |altera_avalon_sc_fifo:hellonios_debug_mem_slave_agent_rsp_fifo|                                                                                       ; 11 (11)     ; 6 (6)                     ; 0 (0)         ; 0           ; 0    ; 0            ; 0       ; 0         ; 0    ; 0            ; 4 (4)        ; 1 (1)             ; 6 (6)            ; |My_First_NIOS_II|My_First_NIOS_II_Platform_Designer:u0|My_First_NIOS_II_Platform_Designer_mm_interconnect_0:mm_interconnect_0|altera_avalon_sc_fifo:hellonios_debug_mem_slave_agent_rsp_fifo                                                                                                                                                                                                                                                                                                                                                                                                                                                ; altera_avalon_sc_fifo                                                   ; My_First_NIOS_II_Platform_Designer ;
;          |altera_avalon_sc_fifo:pio_0_s1_agent_rsp_fifo|                                                                                                        ; 3 (3)       ; 2 (2)                     ; 0 (0)         ; 0           ; 0    ; 0            ; 0       ; 0         ; 0    ; 0            ; 1 (1)        ; 0 (0)             ; 2 (2)            ; |My_First_NIOS_II|My_First_NIOS_II_Platform_Designer:u0|My_First_NIOS_II_Platform_Designer_mm_interconnect_0:mm_interconnect_0|altera_avalon_sc_fifo:pio_0_s1_agent_rsp_fifo                                                                                                                                                                                                                                                                                                                                                                                                                                                                 ; altera_avalon_sc_fifo                                                   ; My_First_NIOS_II_Platform_Designer ;
;          |altera_avalon_sc_fifo:spi_0_spi_control_port_agent_rsp_fifo|                                                                                          ; 5 (5)       ; 2 (2)                     ; 0 (0)         ; 0           ; 0    ; 0            ; 0       ; 0         ; 0    ; 0            ; 3 (3)        ; 0 (0)             ; 2 (2)            ; |My_First_NIOS_II|My_First_NIOS_II_Platform_Designer:u0|My_First_NIOS_II_Platform_Designer_mm_interconnect_0:mm_interconnect_0|altera_avalon_sc_fifo:spi_0_spi_control_port_agent_rsp_fifo                                                                                                                                                                                                                                                                                                                                                                                                                                                   ; altera_avalon_sc_fifo                                                   ; My_First_NIOS_II_Platform_Designer ;
;          |altera_avalon_sc_fifo:sram_s1_agent_rsp_fifo|                                                                                                         ; 9 (9)       ; 6 (6)                     ; 0 (0)         ; 0           ; 0    ; 0            ; 0       ; 0         ; 0    ; 0            ; 3 (3)        ; 0 (0)             ; 6 (6)            ; |My_First_NIOS_II|My_First_NIOS_II_Platform_Designer:u0|My_First_NIOS_II_Platform_Designer_mm_interconnect_0:mm_interconnect_0|altera_avalon_sc_fifo:sram_s1_agent_rsp_fifo                                                                                                                                                                                                                                                                                                                                                                                                                                                                  ; altera_avalon_sc_fifo                                                   ; My_First_NIOS_II_Platform_Designer ;
;          |altera_avalon_sc_fifo:timer_s1_agent_rsp_fifo|                                                                                                        ; 3 (3)       ; 2 (2)                     ; 0 (0)         ; 0           ; 0    ; 0            ; 0       ; 0         ; 0    ; 0            ; 1 (1)        ; 0 (0)             ; 2 (2)            ; |My_First_NIOS_II|My_First_NIOS_II_Platform_Designer:u0|My_First_NIOS_II_Platform_Designer_mm_interconnect_0:mm_interconnect_0|altera_avalon_sc_fifo:timer_s1_agent_rsp_fifo                                                                                                                                                                                                                                                                                                                                                                                                                                                                 ; altera_avalon_sc_fifo                                                   ; My_First_NIOS_II_Platform_Designer ;
;          |altera_merlin_master_agent:hellonios_data_master_agent|                                                                                               ; 1 (1)       ; 0 (0)                     ; 0 (0)         ; 0           ; 0    ; 0            ; 0       ; 0         ; 0    ; 0            ; 1 (1)        ; 0 (0)             ; 0 (0)            ; |My_First_NIOS_II|My_First_NIOS_II_Platform_Designer:u0|My_First_NIOS_II_Platform_Designer_mm_interconnect_0:mm_interconnect_0|altera_merlin_master_agent:hellonios_data_master_agent                                                                                                                                                                                                                                                                                                                                                                                                                                                        ; altera_merlin_master_agent                                              ; My_First_NIOS_II_Platform_Designer ;
;          |altera_merlin_master_agent:hellonios_instruction_master_agent|                                                                                        ; 2 (2)       ; 0 (0)                     ; 0 (0)         ; 0           ; 0    ; 0            ; 0       ; 0         ; 0    ; 0            ; 2 (2)        ; 0 (0)             ; 0 (0)            ; |My_First_NIOS_II|My_First_NIOS_II_Platform_Designer:u0|My_First_NIOS_II_Platform_Designer_mm_interconnect_0:mm_interconnect_0|altera_merlin_master_agent:hellonios_instruction_master_agent                                                                                                                                                                                                                                                                                                                                                                                                                                                 ; altera_merlin_master_agent                                              ; My_First_NIOS_II_Platform_Designer ;
;          |altera_merlin_master_translator:hellonios_data_master_translator|                                                                                     ; 7 (7)       ; 3 (3)                     ; 0 (0)         ; 0           ; 0    ; 0            ; 0       ; 0         ; 0    ; 0            ; 4 (4)        ; 0 (0)             ; 3 (3)            ; |My_First_NIOS_II|My_First_NIOS_II_Platform_Designer:u0|My_First_NIOS_II_Platform_Designer_mm_interconnect_0:mm_interconnect_0|altera_merlin_master_translator:hellonios_data_master_translator                                                                                                                                                                                                                                                                                                                                                                                                                                              ; altera_merlin_master_translator                                         ; My_First_NIOS_II_Platform_Designer ;
;          |altera_merlin_master_translator:hellonios_instruction_master_translator|                                                                              ; 3 (3)       ; 1 (1)                     ; 0 (0)         ; 0           ; 0    ; 0            ; 0       ; 0         ; 0    ; 0            ; 2 (2)        ; 0 (0)             ; 1 (1)            ; |My_First_NIOS_II|My_First_NIOS_II_Platform_Designer:u0|My_First_NIOS_II_Platform_Designer_mm_interconnect_0:mm_interconnect_0|altera_merlin_master_translator:hellonios_instruction_master_translator                                                                                                                                                                                                                                                                                                                                                                                                                                       ; altera_merlin_master_translator                                         ; My_First_NIOS_II_Platform_Designer ;
;          |altera_merlin_slave_agent:hellonios_debug_mem_slave_agent|                                                                                            ; 1 (1)       ; 0 (0)                     ; 0 (0)         ; 0           ; 0    ; 0            ; 0       ; 0         ; 0    ; 0            ; 1 (1)        ; 0 (0)             ; 0 (0)            ; |My_First_NIOS_II|My_First_NIOS_II_Platform_Designer:u0|My_First_NIOS_II_Platform_Designer_mm_interconnect_0:mm_interconnect_0|altera_merlin_slave_agent:hellonios_debug_mem_slave_agent                                                                                                                                                                                                                                                                                                                                                                                                                                                     ; altera_merlin_slave_agent                                               ; My_First_NIOS_II_Platform_Designer ;
;          |altera_merlin_slave_agent:pio_0_s1_agent|                                                                                                             ; 1 (1)       ; 0 (0)                     ; 0 (0)         ; 0           ; 0    ; 0            ; 0       ; 0         ; 0    ; 0            ; 1 (1)        ; 0 (0)             ; 0 (0)            ; |My_First_NIOS_II|My_First_NIOS_II_Platform_Designer:u0|My_First_NIOS_II_Platform_Designer_mm_interconnect_0:mm_interconnect_0|altera_merlin_slave_agent:pio_0_s1_agent                                                                                                                                                                                                                                                                                                                                                                                                                                                                      ; altera_merlin_slave_agent                                               ; My_First_NIOS_II_Platform_Designer ;
;          |altera_merlin_slave_translator:adc_1_spi_spi_control_port_translator|                                                                                 ; 21 (21)     ; 19 (19)                   ; 0 (0)         ; 0           ; 0    ; 0            ; 0       ; 0         ; 0    ; 0            ; 2 (2)        ; 7 (7)             ; 12 (12)          ; |My_First_NIOS_II|My_First_NIOS_II_Platform_Designer:u0|My_First_NIOS_II_Platform_Designer_mm_interconnect_0:mm_interconnect_0|altera_merlin_slave_translator:adc_1_spi_spi_control_port_translator                                                                                                                                                                                                                                                                                                                                                                                                                                          ; altera_merlin_slave_translator                                          ; My_First_NIOS_II_Platform_Designer ;
;          |altera_merlin_slave_translator:debug_avalon_jtag_slave_translator|                                                                                    ; 24 (24)     ; 23 (23)                   ; 0 (0)         ; 0           ; 0    ; 0            ; 0       ; 0         ; 0    ; 0            ; 1 (1)        ; 4 (4)             ; 19 (19)          ; |My_First_NIOS_II|My_First_NIOS_II_Platform_Designer:u0|My_First_NIOS_II_Platform_Designer_mm_interconnect_0:mm_interconnect_0|altera_merlin_slave_translator:debug_avalon_jtag_slave_translator                                                                                                                                                                                                                                                                                                                                                                                                                                             ; altera_merlin_slave_translator                                          ; My_First_NIOS_II_Platform_Designer ;
;          |altera_merlin_slave_translator:esc_spi_spi_control_port_translator|                                                                                   ; 21 (21)     ; 19 (19)                   ; 0 (0)         ; 0           ; 0    ; 0            ; 0       ; 0         ; 0    ; 0            ; 2 (2)        ; 1 (1)             ; 18 (18)          ; |My_First_NIOS_II|My_First_NIOS_II_Platform_Designer:u0|My_First_NIOS_II_Platform_Designer_mm_interconnect_0:mm_interconnect_0|altera_merlin_slave_translator:esc_spi_spi_control_port_translator                                                                                                                                                                                                                                                                                                                                                                                                                                            ; altera_merlin_slave_translator                                          ; My_First_NIOS_II_Platform_Designer ;
;          |altera_merlin_slave_translator:gpio_s1_translator|                                                                                                    ; 14 (14)     ; 11 (11)                   ; 0 (0)         ; 0           ; 0    ; 0            ; 0       ; 0         ; 0    ; 0            ; 3 (3)        ; 0 (0)             ; 11 (11)          ; |My_First_NIOS_II|My_First_NIOS_II_Platform_Designer:u0|My_First_NIOS_II_Platform_Designer_mm_interconnect_0:mm_interconnect_0|altera_merlin_slave_translator:gpio_s1_translator                                                                                                                                                                                                                                                                                                                                                                                                                                                             ; altera_merlin_slave_translator                                          ; My_First_NIOS_II_Platform_Designer ;
;          |altera_merlin_slave_translator:hellonios_debug_mem_slave_translator|                                                                                  ; 33 (33)     ; 33 (33)                   ; 0 (0)         ; 0           ; 0    ; 0            ; 0       ; 0         ; 0    ; 0            ; 0 (0)        ; 0 (0)             ; 33 (33)          ; |My_First_NIOS_II|My_First_NIOS_II_Platform_Designer:u0|My_First_NIOS_II_Platform_Designer_mm_interconnect_0:mm_interconnect_0|altera_merlin_slave_translator:hellonios_debug_mem_slave_translator                                                                                                                                                                                                                                                                                                                                                                                                                                           ; altera_merlin_slave_translator                                          ; My_First_NIOS_II_Platform_Designer ;
;          |altera_merlin_slave_translator:pio_0_s1_translator|                                                                                                   ; 13 (13)     ; 11 (11)                   ; 0 (0)         ; 0           ; 0    ; 0            ; 0       ; 0         ; 0    ; 0            ; 2 (2)        ; 0 (0)             ; 11 (11)          ; |My_First_NIOS_II|My_First_NIOS_II_Platform_Designer:u0|My_First_NIOS_II_Platform_Designer_mm_interconnect_0:mm_interconnect_0|altera_merlin_slave_translator:pio_0_s1_translator                                                                                                                                                                                                                                                                                                                                                                                                                                                            ; altera_merlin_slave_translator                                          ; My_First_NIOS_II_Platform_Designer ;
;          |altera_merlin_slave_translator:spi_0_spi_control_port_translator|                                                                                     ; 21 (21)     ; 19 (19)                   ; 0 (0)         ; 0           ; 0    ; 0            ; 0       ; 0         ; 0    ; 0            ; 2 (2)        ; 5 (5)             ; 14 (14)          ; |My_First_NIOS_II|My_First_NIOS_II_Platform_Designer:u0|My_First_NIOS_II_Platform_Designer_mm_interconnect_0:mm_interconnect_0|altera_merlin_slave_translator:spi_0_spi_control_port_translator                                                                                                                                                                                                                                                                                                                                                                                                                                              ; altera_merlin_slave_translator                                          ; My_First_NIOS_II_Platform_Designer ;
;          |altera_merlin_slave_translator:sram_s1_translator|                                                                                                    ; 1 (1)       ; 1 (1)                     ; 0 (0)         ; 0           ; 0    ; 0            ; 0       ; 0         ; 0    ; 0            ; 0 (0)        ; 0 (0)             ; 1 (1)            ; |My_First_NIOS_II|My_First_NIOS_II_Platform_Designer:u0|My_First_NIOS_II_Platform_Designer_mm_interconnect_0:mm_interconnect_0|altera_merlin_slave_translator:sram_s1_translator                                                                                                                                                                                                                                                                                                                                                                                                                                                             ; altera_merlin_slave_translator                                          ; My_First_NIOS_II_Platform_Designer ;
;          |altera_merlin_slave_translator:timer_s1_translator|                                                                                                   ; 21 (21)     ; 19 (19)                   ; 0 (0)         ; 0           ; 0    ; 0            ; 0       ; 0         ; 0    ; 0            ; 2 (2)        ; 1 (1)             ; 18 (18)          ; |My_First_NIOS_II|My_First_NIOS_II_Platform_Designer:u0|My_First_NIOS_II_Platform_Designer_mm_interconnect_0:mm_interconnect_0|altera_merlin_slave_translator:timer_s1_translator                                                                                                                                                                                                                                                                                                                                                                                                                                                            ; altera_merlin_slave_translator                                          ; My_First_NIOS_II_Platform_Designer ;
;       |altera_reset_controller:rst_controller|                                                                                                                  ; 16 (10)     ; 16 (10)                   ; 0 (0)         ; 0           ; 0    ; 0            ; 0       ; 0         ; 0    ; 0            ; 0 (0)        ; 9 (5)             ; 7 (5)            ; |My_First_NIOS_II|My_First_NIOS_II_Platform_Designer:u0|altera_reset_controller:rst_controller                                                                                                                                                                                                                                                                                                                                                                                                                                                                                                                                               ; altera_reset_controller                                                 ; My_First_NIOS_II_Platform_Designer ;
;          |altera_reset_synchronizer:alt_rst_req_sync_uq1|                                                                                                       ; 3 (3)       ; 3 (3)                     ; 0 (0)         ; 0           ; 0    ; 0            ; 0       ; 0         ; 0    ; 0            ; 0 (0)        ; 2 (2)             ; 1 (1)            ; |My_First_NIOS_II|My_First_NIOS_II_Platform_Designer:u0|altera_reset_controller:rst_controller|altera_reset_synchronizer:alt_rst_req_sync_uq1                                                                                                                                                                                                                                                                                                                                                                                                                                                                                                ; altera_reset_synchronizer                                               ; My_First_NIOS_II_Platform_Designer ;
;          |altera_reset_synchronizer:alt_rst_sync_uq1|                                                                                                           ; 3 (3)       ; 3 (3)                     ; 0 (0)         ; 0           ; 0    ; 0            ; 0       ; 0         ; 0    ; 0            ; 0 (0)        ; 2 (2)             ; 1 (1)            ; |My_First_NIOS_II|My_First_NIOS_II_Platform_Designer:u0|altera_reset_controller:rst_controller|altera_reset_synchronizer:alt_rst_sync_uq1                                                                                                                                                                                                                                                                                                                                                                                                                                                                                                    ; altera_reset_synchronizer                                               ; My_First_NIOS_II_Platform_Designer ;
;    |sld_hub:auto_hub|                                                                                                                                           ; 204 (1)     ; 112 (0)                   ; 0 (0)         ; 0           ; 0    ; 0            ; 0       ; 0         ; 0    ; 0            ; 92 (1)       ; 18 (0)            ; 94 (0)           ; |My_First_NIOS_II|sld_hub:auto_hub                                                                                                                                                                                                                                                                                                                                                                                                                                                                                                                                                                                                           ; sld_hub                                                                 ; altera_sld                         ;
;       |alt_sld_fab_with_jtag_input:\instrumentation_fabric_with_node_gen:fabric_gen_new_way:with_jtag_input_gen:instrumentation_fabric|                         ; 203 (0)     ; 112 (0)                   ; 0 (0)         ; 0           ; 0    ; 0            ; 0       ; 0         ; 0    ; 0            ; 91 (0)       ; 18 (0)            ; 94 (0)           ; |My_First_NIOS_II|sld_hub:auto_hub|alt_sld_fab_with_jtag_input:\instrumentation_fabric_with_node_gen:fabric_gen_new_way:with_jtag_input_gen:instrumentation_fabric                                                                                                                                                                                                                                                                                                                                                                                                                                                                           ; alt_sld_fab_with_jtag_input                                             ; altera_sld                         ;
;          |alt_sld_fab:instrumentation_fabric|                                                                                                                   ; 203 (0)     ; 112 (0)                   ; 0 (0)         ; 0           ; 0    ; 0            ; 0       ; 0         ; 0    ; 0            ; 91 (0)       ; 18 (0)            ; 94 (0)           ; |My_First_NIOS_II|sld_hub:auto_hub|alt_sld_fab_with_jtag_input:\instrumentation_fabric_with_node_gen:fabric_gen_new_way:with_jtag_input_gen:instrumentation_fabric|alt_sld_fab:instrumentation_fabric                                                                                                                                                                                                                                                                                                                                                                                                                                        ; alt_sld_fab                                                             ; alt_sld_fab                        ;
;             |alt_sld_fab_alt_sld_fab:alt_sld_fab|                                                                                                               ; 203 (8)     ; 112 (7)                   ; 0 (0)         ; 0           ; 0    ; 0            ; 0       ; 0         ; 0    ; 0            ; 91 (1)       ; 18 (4)            ; 94 (0)           ; |My_First_NIOS_II|sld_hub:auto_hub|alt_sld_fab_with_jtag_input:\instrumentation_fabric_with_node_gen:fabric_gen_new_way:with_jtag_input_gen:instrumentation_fabric|alt_sld_fab:instrumentation_fabric|alt_sld_fab_alt_sld_fab:alt_sld_fab                                                                                                                                                                                                                                                                                                                                                                                                    ; alt_sld_fab_alt_sld_fab                                                 ; alt_sld_fab                        ;
;                |alt_sld_fab_alt_sld_fab_sldfabric:sldfabric|                                                                                                    ; 198 (0)     ; 105 (0)                   ; 0 (0)         ; 0           ; 0    ; 0            ; 0       ; 0         ; 0    ; 0            ; 90 (0)       ; 14 (0)            ; 94 (0)           ; |My_First_NIOS_II|sld_hub:auto_hub|alt_sld_fab_with_jtag_input:\instrumentation_fabric_with_node_gen:fabric_gen_new_way:with_jtag_input_gen:instrumentation_fabric|alt_sld_fab:instrumentation_fabric|alt_sld_fab_alt_sld_fab:alt_sld_fab|alt_sld_fab_alt_sld_fab_sldfabric:sldfabric                                                                                                                                                                                                                                                                                                                                                        ; alt_sld_fab_alt_sld_fab_sldfabric                                       ; alt_sld_fab                        ;
;                   |sld_jtag_hub:\jtag_hub_gen:real_sld_jtag_hub|                                                                                                ; 198 (152)   ; 105 (76)                  ; 0 (0)         ; 0           ; 0    ; 0            ; 0       ; 0         ; 0    ; 0            ; 90 (73)      ; 14 (12)           ; 94 (68)          ; |My_First_NIOS_II|sld_hub:auto_hub|alt_sld_fab_with_jtag_input:\instrumentation_fabric_with_node_gen:fabric_gen_new_way:with_jtag_input_gen:instrumentation_fabric|alt_sld_fab:instrumentation_fabric|alt_sld_fab_alt_sld_fab:alt_sld_fab|alt_sld_fab_alt_sld_fab_sldfabric:sldfabric|sld_jtag_hub:\jtag_hub_gen:real_sld_jtag_hub                                                                                                                                                                                                                                                                                                           ; sld_jtag_hub                                                            ; work                               ;
;                      |sld_rom_sr:hub_info_reg|                                                                                                                  ; 25 (25)     ; 10 (10)                   ; 0 (0)         ; 0           ; 0    ; 0            ; 0       ; 0         ; 0    ; 0            ; 15 (15)      ; 0 (0)             ; 10 (10)          ; |My_First_NIOS_II|sld_hub:auto_hub|alt_sld_fab_with_jtag_input:\instrumentation_fabric_with_node_gen:fabric_gen_new_way:with_jtag_input_gen:instrumentation_fabric|alt_sld_fab:instrumentation_fabric|alt_sld_fab_alt_sld_fab:alt_sld_fab|alt_sld_fab_alt_sld_fab_sldfabric:sldfabric|sld_jtag_hub:\jtag_hub_gen:real_sld_jtag_hub|sld_rom_sr:hub_info_reg                                                                                                                                                                                                                                                                                   ; sld_rom_sr                                                              ; work                               ;
;                      |sld_shadow_jsm:shadow_jsm|                                                                                                                ; 21 (21)     ; 19 (19)                   ; 0 (0)         ; 0           ; 0    ; 0            ; 0       ; 0         ; 0    ; 0            ; 2 (2)        ; 2 (2)             ; 17 (17)          ; |My_First_NIOS_II|sld_hub:auto_hub|alt_sld_fab_with_jtag_input:\instrumentation_fabric_with_node_gen:fabric_gen_new_way:with_jtag_input_gen:instrumentation_fabric|alt_sld_fab:instrumentation_fabric|alt_sld_fab_alt_sld_fab:alt_sld_fab|alt_sld_fab_alt_sld_fab_sldfabric:sldfabric|sld_jtag_hub:\jtag_hub_gen:real_sld_jtag_hub|sld_shadow_jsm:shadow_jsm                                                                                                                                                                                                                                                                                 ; sld_shadow_jsm                                                          ; altera_sld                         ;
;    |sld_signaltap:auto_signaltap_0|                                                                                                                             ; 517 (26)    ; 415 (24)                  ; 0 (0)         ; 1536        ; 1    ; 0            ; 0       ; 0         ; 0    ; 0            ; 102 (2)      ; 186 (24)          ; 229 (0)          ; |My_First_NIOS_II|sld_signaltap:auto_signaltap_0                                                                                                                                                                                                                                                                                                                                                                                                                                                                                                                                                                                             ; sld_signaltap                                                           ; work                               ;
;       |sld_signaltap_impl:sld_signaltap_body|                                                                                                                   ; 491 (0)     ; 391 (0)                   ; 0 (0)         ; 1536        ; 1    ; 0            ; 0       ; 0         ; 0    ; 0            ; 100 (0)      ; 162 (0)           ; 229 (0)          ; |My_First_NIOS_II|sld_signaltap:auto_signaltap_0|sld_signaltap_impl:sld_signaltap_body                                                                                                                                                                                                                                                                                                                                                                                                                                                                                                                                                       ; sld_signaltap_impl                                                      ; work                               ;
;          |sld_signaltap_implb:sld_signaltap_body|                                                                                                               ; 491 (157)   ; 391 (122)                 ; 0 (0)         ; 1536        ; 1    ; 0            ; 0       ; 0         ; 0    ; 0            ; 100 (35)     ; 162 (67)          ; 229 (54)         ; |My_First_NIOS_II|sld_signaltap:auto_signaltap_0|sld_signaltap_impl:sld_signaltap_body|sld_signaltap_implb:sld_signaltap_body                                                                                                                                                                                                                                                                                                                                                                                                                                                                                                                ; sld_signaltap_implb                                                     ; work                               ;
;             |altdpram:\stp_non_zero_ram_gen:attribute_mem_gen:attribute_mem|                                                                                    ; 48 (46)     ; 46 (46)                   ; 0 (0)         ; 0           ; 0    ; 0            ; 0       ; 0         ; 0    ; 0            ; 0 (0)        ; 31 (31)           ; 17 (0)           ; |My_First_NIOS_II|sld_signaltap:auto_signaltap_0|sld_signaltap_impl:sld_signaltap_body|sld_signaltap_implb:sld_signaltap_body|altdpram:\stp_non_zero_ram_gen:attribute_mem_gen:attribute_mem                                                                                                                                                                                                                                                                                                                                                                                                                                                 ; altdpram                                                                ; work                               ;
;                |lpm_decode:wdecoder|                                                                                                                            ; 2 (0)       ; 0 (0)                     ; 0 (0)         ; 0           ; 0    ; 0            ; 0       ; 0         ; 0    ; 0            ; 0 (0)        ; 0 (0)             ; 2 (0)            ; |My_First_NIOS_II|sld_signaltap:auto_signaltap_0|sld_signaltap_impl:sld_signaltap_body|sld_signaltap_implb:sld_signaltap_body|altdpram:\stp_non_zero_ram_gen:attribute_mem_gen:attribute_mem|lpm_decode:wdecoder                                                                                                                                                                                                                                                                                                                                                                                                                             ; lpm_decode                                                              ; work                               ;
;                   |decode_6vf:auto_generated|                                                                                                                   ; 2 (2)       ; 0 (0)                     ; 0 (0)         ; 0           ; 0    ; 0            ; 0       ; 0         ; 0    ; 0            ; 0 (0)        ; 0 (0)             ; 2 (2)            ; |My_First_NIOS_II|sld_signaltap:auto_signaltap_0|sld_signaltap_impl:sld_signaltap_body|sld_signaltap_implb:sld_signaltap_body|altdpram:\stp_non_zero_ram_gen:attribute_mem_gen:attribute_mem|lpm_decode:wdecoder|decode_6vf:auto_generated                                                                                                                                                                                                                                                                                                                                                                                                   ; decode_6vf                                                              ; work                               ;
;                |lpm_mux:mux|                                                                                                                                    ; 15 (0)      ; 0 (0)                     ; 0 (0)         ; 0           ; 0    ; 0            ; 0       ; 0         ; 0    ; 0            ; 0 (0)        ; 0 (0)             ; 15 (0)           ; |My_First_NIOS_II|sld_signaltap:auto_signaltap_0|sld_signaltap_impl:sld_signaltap_body|sld_signaltap_implb:sld_signaltap_body|altdpram:\stp_non_zero_ram_gen:attribute_mem_gen:attribute_mem|lpm_mux:mux                                                                                                                                                                                                                                                                                                                                                                                                                                     ; lpm_mux                                                                 ; work                               ;
;                   |mux_lsc:auto_generated|                                                                                                                      ; 15 (15)     ; 0 (0)                     ; 0 (0)         ; 0           ; 0    ; 0            ; 0       ; 0         ; 0    ; 0            ; 0 (0)        ; 0 (0)             ; 15 (15)          ; |My_First_NIOS_II|sld_signaltap:auto_signaltap_0|sld_signaltap_impl:sld_signaltap_body|sld_signaltap_implb:sld_signaltap_body|altdpram:\stp_non_zero_ram_gen:attribute_mem_gen:attribute_mem|lpm_mux:mux|mux_lsc:auto_generated                                                                                                                                                                                                                                                                                                                                                                                                              ; mux_lsc                                                                 ; work                               ;
;             |altsyncram:\stp_non_zero_ram_gen:stp_buffer_ram|                                                                                                   ; 0 (0)       ; 0 (0)                     ; 0 (0)         ; 1536        ; 1    ; 0            ; 0       ; 0         ; 0    ; 0            ; 0 (0)        ; 0 (0)             ; 0 (0)            ; |My_First_NIOS_II|sld_signaltap:auto_signaltap_0|sld_signaltap_impl:sld_signaltap_body|sld_signaltap_implb:sld_signaltap_body|altsyncram:\stp_non_zero_ram_gen:stp_buffer_ram                                                                                                                                                                                                                                                                                                                                                                                                                                                                ; altsyncram                                                              ; work                               ;
;                |altsyncram_l424:auto_generated|                                                                                                                 ; 0 (0)       ; 0 (0)                     ; 0 (0)         ; 1536        ; 1    ; 0            ; 0       ; 0         ; 0    ; 0            ; 0 (0)        ; 0 (0)             ; 0 (0)            ; |My_First_NIOS_II|sld_signaltap:auto_signaltap_0|sld_signaltap_impl:sld_signaltap_body|sld_signaltap_implb:sld_signaltap_body|altsyncram:\stp_non_zero_ram_gen:stp_buffer_ram|altsyncram_l424:auto_generated                                                                                                                                                                                                                                                                                                                                                                                                                                 ; altsyncram_l424                                                         ; work                               ;
;             |lpm_shiftreg:segment_offset_config_deserialize|                                                                                                    ; 7 (7)       ; 7 (7)                     ; 0 (0)         ; 0           ; 0    ; 0            ; 0       ; 0         ; 0    ; 0            ; 0 (0)        ; 7 (7)             ; 0 (0)            ; |My_First_NIOS_II|sld_signaltap:auto_signaltap_0|sld_signaltap_impl:sld_signaltap_body|sld_signaltap_implb:sld_signaltap_body|lpm_shiftreg:segment_offset_config_deserialize                                                                                                                                                                                                                                                                                                                                                                                                                                                                 ; lpm_shiftreg                                                            ; work                               ;
;             |lpm_shiftreg:status_register|                                                                                                                      ; 17 (17)     ; 17 (17)                   ; 0 (0)         ; 0           ; 0    ; 0            ; 0       ; 0         ; 0    ; 0            ; 0 (0)        ; 0 (0)             ; 17 (17)          ; |My_First_NIOS_II|sld_signaltap:auto_signaltap_0|sld_signaltap_impl:sld_signaltap_body|sld_signaltap_implb:sld_signaltap_body|lpm_shiftreg:status_register                                                                                                                                                                                                                                                                                                                                                                                                                                                                                   ; lpm_shiftreg                                                            ; work                               ;
;             |serial_crc_16:\tdo_crc_gen:tdo_crc_calc|                                                                                                           ; 14 (14)     ; 13 (13)                   ; 0 (0)         ; 0           ; 0    ; 0            ; 0       ; 0         ; 0    ; 0            ; 1 (1)        ; 0 (0)             ; 13 (13)          ; |My_First_NIOS_II|sld_signaltap:auto_signaltap_0|sld_signaltap_impl:sld_signaltap_body|sld_signaltap_implb:sld_signaltap_body|serial_crc_16:\tdo_crc_gen:tdo_crc_calc                                                                                                                                                                                                                                                                                                                                                                                                                                                                        ; serial_crc_16                                                           ; work                               ;
;             |sld_buffer_manager:sld_buffer_manager_inst|                                                                                                        ; 68 (68)     ; 44 (44)                   ; 0 (0)         ; 0           ; 0    ; 0            ; 0       ; 0         ; 0    ; 0            ; 24 (24)      ; 7 (7)             ; 37 (37)          ; |My_First_NIOS_II|sld_signaltap:auto_signaltap_0|sld_signaltap_impl:sld_signaltap_body|sld_signaltap_implb:sld_signaltap_body|sld_buffer_manager:sld_buffer_manager_inst                                                                                                                                                                                                                                                                                                                                                                                                                                                                     ; sld_buffer_manager                                                      ; work                               ;
;             |sld_ela_control:ela_control|                                                                                                                       ; 80 (1)      ; 76 (1)                    ; 0 (0)         ; 0           ; 0    ; 0            ; 0       ; 0         ; 0    ; 0            ; 4 (0)        ; 50 (0)            ; 26 (1)           ; |My_First_NIOS_II|sld_signaltap:auto_signaltap_0|sld_signaltap_impl:sld_signaltap_body|sld_signaltap_implb:sld_signaltap_body|sld_ela_control:ela_control                                                                                                                                                                                                                                                                                                                                                                                                                                                                                    ; sld_ela_control                                                         ; work                               ;
;                |lpm_shiftreg:trigger_config_deserialize|                                                                                                        ; 4 (4)       ; 4 (4)                     ; 0 (0)         ; 0           ; 0    ; 0            ; 0       ; 0         ; 0    ; 0            ; 0 (0)        ; 4 (4)             ; 0 (0)            ; |My_First_NIOS_II|sld_signaltap:auto_signaltap_0|sld_signaltap_impl:sld_signaltap_body|sld_signaltap_implb:sld_signaltap_body|sld_ela_control:ela_control|lpm_shiftreg:trigger_config_deserialize                                                                                                                                                                                                                                                                                                                                                                                                                                            ; lpm_shiftreg                                                            ; work                               ;
;                |sld_ela_basic_multi_level_trigger:\basic_multi_level_mbpm_trigger_gen:multi_level_mbpm|                                                         ; 60 (0)      ; 60 (0)                    ; 0 (0)         ; 0           ; 0    ; 0            ; 0       ; 0         ; 0    ; 0            ; 0 (0)        ; 36 (0)            ; 24 (0)           ; |My_First_NIOS_II|sld_signaltap:auto_signaltap_0|sld_signaltap_impl:sld_signaltap_body|sld_signaltap_implb:sld_signaltap_body|sld_ela_control:ela_control|sld_ela_basic_multi_level_trigger:\basic_multi_level_mbpm_trigger_gen:multi_level_mbpm                                                                                                                                                                                                                                                                                                                                                                                             ; sld_ela_basic_multi_level_trigger                                       ; work                               ;
;                   |lpm_shiftreg:trigger_condition_deserialize|                                                                                                  ; 36 (36)     ; 36 (36)                   ; 0 (0)         ; 0           ; 0    ; 0            ; 0       ; 0         ; 0    ; 0            ; 0 (0)        ; 35 (35)           ; 1 (1)            ; |My_First_NIOS_II|sld_signaltap:auto_signaltap_0|sld_signaltap_impl:sld_signaltap_body|sld_signaltap_implb:sld_signaltap_body|sld_ela_control:ela_control|sld_ela_basic_multi_level_trigger:\basic_multi_level_mbpm_trigger_gen:multi_level_mbpm|lpm_shiftreg:trigger_condition_deserialize                                                                                                                                                                                                                                                                                                                                                  ; lpm_shiftreg                                                            ; work                               ;
;                   |sld_mbpmg:\trigger_modules_gen:0:trigger_match|                                                                                              ; 25 (0)      ; 24 (0)                    ; 0 (0)         ; 0           ; 0    ; 0            ; 0       ; 0         ; 0    ; 0            ; 0 (0)        ; 1 (0)             ; 24 (0)           ; |My_First_NIOS_II|sld_signaltap:auto_signaltap_0|sld_signaltap_impl:sld_signaltap_body|sld_signaltap_implb:sld_signaltap_body|sld_ela_control:ela_control|sld_ela_basic_multi_level_trigger:\basic_multi_level_mbpm_trigger_gen:multi_level_mbpm|sld_mbpmg:\trigger_modules_gen:0:trigger_match                                                                                                                                                                                                                                                                                                                                              ; sld_mbpmg                                                               ; work                               ;
;                      |sld_sbpmg:\gen_sbpmg_pipeline_less_than_two:sm0:0:sm1|                                                                                    ; 2 (2)       ; 2 (2)                     ; 0 (0)         ; 0           ; 0    ; 0            ; 0       ; 0         ; 0    ; 0            ; 0 (0)        ; 0 (0)             ; 2 (2)            ; |My_First_NIOS_II|sld_signaltap:auto_signaltap_0|sld_signaltap_impl:sld_signaltap_body|sld_signaltap_implb:sld_signaltap_body|sld_ela_control:ela_control|sld_ela_basic_multi_level_trigger:\basic_multi_level_mbpm_trigger_gen:multi_level_mbpm|sld_mbpmg:\trigger_modules_gen:0:trigger_match|sld_sbpmg:\gen_sbpmg_pipeline_less_than_two:sm0:0:sm1                                                                                                                                                                                                                                                                                        ; sld_sbpmg                                                               ; work                               ;
;                      |sld_sbpmg:\gen_sbpmg_pipeline_less_than_two:sm0:10:sm1|                                                                                   ; 2 (2)       ; 2 (2)                     ; 0 (0)         ; 0           ; 0    ; 0            ; 0       ; 0         ; 0    ; 0            ; 0 (0)        ; 0 (0)             ; 2 (2)            ; |My_First_NIOS_II|sld_signaltap:auto_signaltap_0|sld_signaltap_impl:sld_signaltap_body|sld_signaltap_implb:sld_signaltap_body|sld_ela_control:ela_control|sld_ela_basic_multi_level_trigger:\basic_multi_level_mbpm_trigger_gen:multi_level_mbpm|sld_mbpmg:\trigger_modules_gen:0:trigger_match|sld_sbpmg:\gen_sbpmg_pipeline_less_than_two:sm0:10:sm1                                                                                                                                                                                                                                                                                       ; sld_sbpmg                                                               ; work                               ;
;                      |sld_sbpmg:\gen_sbpmg_pipeline_less_than_two:sm0:11:sm1|                                                                                   ; 2 (2)       ; 2 (2)                     ; 0 (0)         ; 0           ; 0    ; 0            ; 0       ; 0         ; 0    ; 0            ; 0 (0)        ; 0 (0)             ; 2 (2)            ; |My_First_NIOS_II|sld_signaltap:auto_signaltap_0|sld_signaltap_impl:sld_signaltap_body|sld_signaltap_implb:sld_signaltap_body|sld_ela_control:ela_control|sld_ela_basic_multi_level_trigger:\basic_multi_level_mbpm_trigger_gen:multi_level_mbpm|sld_mbpmg:\trigger_modules_gen:0:trigger_match|sld_sbpmg:\gen_sbpmg_pipeline_less_than_two:sm0:11:sm1                                                                                                                                                                                                                                                                                       ; sld_sbpmg                                                               ; work                               ;
;                      |sld_sbpmg:\gen_sbpmg_pipeline_less_than_two:sm0:1:sm1|                                                                                    ; 2 (2)       ; 2 (2)                     ; 0 (0)         ; 0           ; 0    ; 0            ; 0       ; 0         ; 0    ; 0            ; 0 (0)        ; 0 (0)             ; 2 (2)            ; |My_First_NIOS_II|sld_signaltap:auto_signaltap_0|sld_signaltap_impl:sld_signaltap_body|sld_signaltap_implb:sld_signaltap_body|sld_ela_control:ela_control|sld_ela_basic_multi_level_trigger:\basic_multi_level_mbpm_trigger_gen:multi_level_mbpm|sld_mbpmg:\trigger_modules_gen:0:trigger_match|sld_sbpmg:\gen_sbpmg_pipeline_less_than_two:sm0:1:sm1                                                                                                                                                                                                                                                                                        ; sld_sbpmg                                                               ; work                               ;
;                      |sld_sbpmg:\gen_sbpmg_pipeline_less_than_two:sm0:2:sm1|                                                                                    ; 2 (2)       ; 2 (2)                     ; 0 (0)         ; 0           ; 0    ; 0            ; 0       ; 0         ; 0    ; 0            ; 0 (0)        ; 0 (0)             ; 2 (2)            ; |My_First_NIOS_II|sld_signaltap:auto_signaltap_0|sld_signaltap_impl:sld_signaltap_body|sld_signaltap_implb:sld_signaltap_body|sld_ela_control:ela_control|sld_ela_basic_multi_level_trigger:\basic_multi_level_mbpm_trigger_gen:multi_level_mbpm|sld_mbpmg:\trigger_modules_gen:0:trigger_match|sld_sbpmg:\gen_sbpmg_pipeline_less_than_two:sm0:2:sm1                                                                                                                                                                                                                                                                                        ; sld_sbpmg                                                               ; work                               ;
;                      |sld_sbpmg:\gen_sbpmg_pipeline_less_than_two:sm0:3:sm1|                                                                                    ; 2 (2)       ; 2 (2)                     ; 0 (0)         ; 0           ; 0    ; 0            ; 0       ; 0         ; 0    ; 0            ; 0 (0)        ; 0 (0)             ; 2 (2)            ; |My_First_NIOS_II|sld_signaltap:auto_signaltap_0|sld_signaltap_impl:sld_signaltap_body|sld_signaltap_implb:sld_signaltap_body|sld_ela_control:ela_control|sld_ela_basic_multi_level_trigger:\basic_multi_level_mbpm_trigger_gen:multi_level_mbpm|sld_mbpmg:\trigger_modules_gen:0:trigger_match|sld_sbpmg:\gen_sbpmg_pipeline_less_than_two:sm0:3:sm1                                                                                                                                                                                                                                                                                        ; sld_sbpmg                                                               ; work                               ;
;                      |sld_sbpmg:\gen_sbpmg_pipeline_less_than_two:sm0:4:sm1|                                                                                    ; 2 (2)       ; 2 (2)                     ; 0 (0)         ; 0           ; 0    ; 0            ; 0       ; 0         ; 0    ; 0            ; 0 (0)        ; 0 (0)             ; 2 (2)            ; |My_First_NIOS_II|sld_signaltap:auto_signaltap_0|sld_signaltap_impl:sld_signaltap_body|sld_signaltap_implb:sld_signaltap_body|sld_ela_control:ela_control|sld_ela_basic_multi_level_trigger:\basic_multi_level_mbpm_trigger_gen:multi_level_mbpm|sld_mbpmg:\trigger_modules_gen:0:trigger_match|sld_sbpmg:\gen_sbpmg_pipeline_less_than_two:sm0:4:sm1                                                                                                                                                                                                                                                                                        ; sld_sbpmg                                                               ; work                               ;
;                      |sld_sbpmg:\gen_sbpmg_pipeline_less_than_two:sm0:5:sm1|                                                                                    ; 2 (2)       ; 2 (2)                     ; 0 (0)         ; 0           ; 0    ; 0            ; 0       ; 0         ; 0    ; 0            ; 0 (0)        ; 0 (0)             ; 2 (2)            ; |My_First_NIOS_II|sld_signaltap:auto_signaltap_0|sld_signaltap_impl:sld_signaltap_body|sld_signaltap_implb:sld_signaltap_body|sld_ela_control:ela_control|sld_ela_basic_multi_level_trigger:\basic_multi_level_mbpm_trigger_gen:multi_level_mbpm|sld_mbpmg:\trigger_modules_gen:0:trigger_match|sld_sbpmg:\gen_sbpmg_pipeline_less_than_two:sm0:5:sm1                                                                                                                                                                                                                                                                                        ; sld_sbpmg                                                               ; work                               ;
;                      |sld_sbpmg:\gen_sbpmg_pipeline_less_than_two:sm0:6:sm1|                                                                                    ; 2 (2)       ; 2 (2)                     ; 0 (0)         ; 0           ; 0    ; 0            ; 0       ; 0         ; 0    ; 0            ; 0 (0)        ; 0 (0)             ; 2 (2)            ; |My_First_NIOS_II|sld_signaltap:auto_signaltap_0|sld_signaltap_impl:sld_signaltap_body|sld_signaltap_implb:sld_signaltap_body|sld_ela_control:ela_control|sld_ela_basic_multi_level_trigger:\basic_multi_level_mbpm_trigger_gen:multi_level_mbpm|sld_mbpmg:\trigger_modules_gen:0:trigger_match|sld_sbpmg:\gen_sbpmg_pipeline_less_than_two:sm0:6:sm1                                                                                                                                                                                                                                                                                        ; sld_sbpmg                                                               ; work                               ;
;                      |sld_sbpmg:\gen_sbpmg_pipeline_less_than_two:sm0:7:sm1|                                                                                    ; 2 (2)       ; 2 (2)                     ; 0 (0)         ; 0           ; 0    ; 0            ; 0       ; 0         ; 0    ; 0            ; 0 (0)        ; 0 (0)             ; 2 (2)            ; |My_First_NIOS_II|sld_signaltap:auto_signaltap_0|sld_signaltap_impl:sld_signaltap_body|sld_signaltap_implb:sld_signaltap_body|sld_ela_control:ela_control|sld_ela_basic_multi_level_trigger:\basic_multi_level_mbpm_trigger_gen:multi_level_mbpm|sld_mbpmg:\trigger_modules_gen:0:trigger_match|sld_sbpmg:\gen_sbpmg_pipeline_less_than_two:sm0:7:sm1                                                                                                                                                                                                                                                                                        ; sld_sbpmg                                                               ; work                               ;
;                      |sld_sbpmg:\gen_sbpmg_pipeline_less_than_two:sm0:8:sm1|                                                                                    ; 3 (3)       ; 2 (2)                     ; 0 (0)         ; 0           ; 0    ; 0            ; 0       ; 0         ; 0    ; 0            ; 0 (0)        ; 1 (1)             ; 2 (2)            ; |My_First_NIOS_II|sld_signaltap:auto_signaltap_0|sld_signaltap_impl:sld_signaltap_body|sld_signaltap_implb:sld_signaltap_body|sld_ela_control:ela_control|sld_ela_basic_multi_level_trigger:\basic_multi_level_mbpm_trigger_gen:multi_level_mbpm|sld_mbpmg:\trigger_modules_gen:0:trigger_match|sld_sbpmg:\gen_sbpmg_pipeline_less_than_two:sm0:8:sm1                                                                                                                                                                                                                                                                                        ; sld_sbpmg                                                               ; work                               ;
;                      |sld_sbpmg:\gen_sbpmg_pipeline_less_than_two:sm0:9:sm1|                                                                                    ; 2 (2)       ; 2 (2)                     ; 0 (0)         ; 0           ; 0    ; 0            ; 0       ; 0         ; 0    ; 0            ; 0 (0)        ; 0 (0)             ; 2 (2)            ; |My_First_NIOS_II|sld_signaltap:auto_signaltap_0|sld_signaltap_impl:sld_signaltap_body|sld_signaltap_implb:sld_signaltap_body|sld_ela_control:ela_control|sld_ela_basic_multi_level_trigger:\basic_multi_level_mbpm_trigger_gen:multi_level_mbpm|sld_mbpmg:\trigger_modules_gen:0:trigger_match|sld_sbpmg:\gen_sbpmg_pipeline_less_than_two:sm0:9:sm1                                                                                                                                                                                                                                                                                        ; sld_sbpmg                                                               ; work                               ;
;                |sld_ela_trigger_flow_mgr:\builtin:ela_trigger_flow_mgr_entity|                                                                                  ; 15 (5)      ; 11 (1)                    ; 0 (0)         ; 0           ; 0    ; 0            ; 0       ; 0         ; 0    ; 0            ; 4 (4)        ; 10 (0)            ; 1 (1)            ; |My_First_NIOS_II|sld_signaltap:auto_signaltap_0|sld_signaltap_impl:sld_signaltap_body|sld_signaltap_implb:sld_signaltap_body|sld_ela_control:ela_control|sld_ela_trigger_flow_mgr:\builtin:ela_trigger_flow_mgr_entity                                                                                                                                                                                                                                                                                                                                                                                                                      ; sld_ela_trigger_flow_mgr                                                ; work                               ;
;                   |lpm_shiftreg:trigger_config_deserialize|                                                                                                     ; 10 (10)     ; 10 (10)                   ; 0 (0)         ; 0           ; 0    ; 0            ; 0       ; 0         ; 0    ; 0            ; 0 (0)        ; 10 (10)           ; 0 (0)            ; |My_First_NIOS_II|sld_signaltap:auto_signaltap_0|sld_signaltap_impl:sld_signaltap_body|sld_signaltap_implb:sld_signaltap_body|sld_ela_control:ela_control|sld_ela_trigger_flow_mgr:\builtin:ela_trigger_flow_mgr_entity|lpm_shiftreg:trigger_config_deserialize                                                                                                                                                                                                                                                                                                                                                                              ; lpm_shiftreg                                                            ; work                               ;
;             |sld_offload_buffer_mgr:\stp_non_zero_depth_offload_gen:stp_offload_buff_mgr_inst|                                                                  ; 72 (8)      ; 58 (0)                    ; 0 (0)         ; 0           ; 0    ; 0            ; 0       ; 0         ; 0    ; 0            ; 14 (8)       ; 0 (0)             ; 58 (0)           ; |My_First_NIOS_II|sld_signaltap:auto_signaltap_0|sld_signaltap_impl:sld_signaltap_body|sld_signaltap_implb:sld_signaltap_body|sld_offload_buffer_mgr:\stp_non_zero_depth_offload_gen:stp_offload_buff_mgr_inst                                                                                                                                                                                                                                                                                                                                                                                                                               ; sld_offload_buffer_mgr                                                  ; work                               ;
;                |lpm_counter:\adv_point_3_and_more:advance_pointer_counter|                                                                                      ; 6 (0)       ; 4 (0)                     ; 0 (0)         ; 0           ; 0    ; 0            ; 0       ; 0         ; 0    ; 0            ; 2 (0)        ; 0 (0)             ; 4 (0)            ; |My_First_NIOS_II|sld_signaltap:auto_signaltap_0|sld_signaltap_impl:sld_signaltap_body|sld_signaltap_implb:sld_signaltap_body|sld_offload_buffer_mgr:\stp_non_zero_depth_offload_gen:stp_offload_buff_mgr_inst|lpm_counter:\adv_point_3_and_more:advance_pointer_counter                                                                                                                                                                                                                                                                                                                                                                     ; lpm_counter                                                             ; work                               ;
;                   |cntr_4gi:auto_generated|                                                                                                                     ; 6 (6)       ; 4 (4)                     ; 0 (0)         ; 0           ; 0    ; 0            ; 0       ; 0         ; 0    ; 0            ; 2 (2)        ; 0 (0)             ; 4 (4)            ; |My_First_NIOS_II|sld_signaltap:auto_signaltap_0|sld_signaltap_impl:sld_signaltap_body|sld_signaltap_implb:sld_signaltap_body|sld_offload_buffer_mgr:\stp_non_zero_depth_offload_gen:stp_offload_buff_mgr_inst|lpm_counter:\adv_point_3_and_more:advance_pointer_counter|cntr_4gi:auto_generated                                                                                                                                                                                                                                                                                                                                             ; cntr_4gi                                                                ; work                               ;
;                |lpm_counter:read_pointer_counter|                                                                                                               ; 7 (0)       ; 7 (0)                     ; 0 (0)         ; 0           ; 0    ; 0            ; 0       ; 0         ; 0    ; 0            ; 0 (0)        ; 0 (0)             ; 7 (0)            ; |My_First_NIOS_II|sld_signaltap:auto_signaltap_0|sld_signaltap_impl:sld_signaltap_body|sld_signaltap_implb:sld_signaltap_body|sld_offload_buffer_mgr:\stp_non_zero_depth_offload_gen:stp_offload_buff_mgr_inst|lpm_counter:read_pointer_counter                                                                                                                                                                                                                                                                                                                                                                                              ; lpm_counter                                                             ; work                               ;
;                   |cntr_b6j:auto_generated|                                                                                                                     ; 7 (7)       ; 7 (7)                     ; 0 (0)         ; 0           ; 0    ; 0            ; 0       ; 0         ; 0    ; 0            ; 0 (0)        ; 0 (0)             ; 7 (7)            ; |My_First_NIOS_II|sld_signaltap:auto_signaltap_0|sld_signaltap_impl:sld_signaltap_body|sld_signaltap_implb:sld_signaltap_body|sld_offload_buffer_mgr:\stp_non_zero_depth_offload_gen:stp_offload_buff_mgr_inst|lpm_counter:read_pointer_counter|cntr_b6j:auto_generated                                                                                                                                                                                                                                                                                                                                                                      ; cntr_b6j                                                                ; work                               ;
;                |lpm_counter:status_advance_pointer_counter|                                                                                                     ; 6 (0)       ; 4 (0)                     ; 0 (0)         ; 0           ; 0    ; 0            ; 0       ; 0         ; 0    ; 0            ; 2 (0)        ; 0 (0)             ; 4 (0)            ; |My_First_NIOS_II|sld_signaltap:auto_signaltap_0|sld_signaltap_impl:sld_signaltap_body|sld_signaltap_implb:sld_signaltap_body|sld_offload_buffer_mgr:\stp_non_zero_depth_offload_gen:stp_offload_buff_mgr_inst|lpm_counter:status_advance_pointer_counter                                                                                                                                                                                                                                                                                                                                                                                    ; lpm_counter                                                             ; work                               ;
;                   |cntr_7gi:auto_generated|                                                                                                                     ; 6 (6)       ; 4 (4)                     ; 0 (0)         ; 0           ; 0    ; 0            ; 0       ; 0         ; 0    ; 0            ; 2 (2)        ; 0 (0)             ; 4 (4)            ; |My_First_NIOS_II|sld_signaltap:auto_signaltap_0|sld_signaltap_impl:sld_signaltap_body|sld_signaltap_implb:sld_signaltap_body|sld_offload_buffer_mgr:\stp_non_zero_depth_offload_gen:stp_offload_buff_mgr_inst|lpm_counter:status_advance_pointer_counter|cntr_7gi:auto_generated                                                                                                                                                                                                                                                                                                                                                            ; cntr_7gi                                                                ; work                               ;
;                |lpm_counter:status_read_pointer_counter|                                                                                                        ; 3 (0)       ; 1 (0)                     ; 0 (0)         ; 0           ; 0    ; 0            ; 0       ; 0         ; 0    ; 0            ; 2 (0)        ; 0 (0)             ; 1 (0)            ; |My_First_NIOS_II|sld_signaltap:auto_signaltap_0|sld_signaltap_impl:sld_signaltap_body|sld_signaltap_implb:sld_signaltap_body|sld_offload_buffer_mgr:\stp_non_zero_depth_offload_gen:stp_offload_buff_mgr_inst|lpm_counter:status_read_pointer_counter                                                                                                                                                                                                                                                                                                                                                                                       ; lpm_counter                                                             ; work                               ;
;                   |cntr_r2j:auto_generated|                                                                                                                     ; 3 (3)       ; 1 (1)                     ; 0 (0)         ; 0           ; 0    ; 0            ; 0       ; 0         ; 0    ; 0            ; 2 (2)        ; 0 (0)             ; 1 (1)            ; |My_First_NIOS_II|sld_signaltap:auto_signaltap_0|sld_signaltap_impl:sld_signaltap_body|sld_signaltap_implb:sld_signaltap_body|sld_offload_buffer_mgr:\stp_non_zero_depth_offload_gen:stp_offload_buff_mgr_inst|lpm_counter:status_read_pointer_counter|cntr_r2j:auto_generated                                                                                                                                                                                                                                                                                                                                                               ; cntr_r2j                                                                ; work                               ;
;                |lpm_shiftreg:info_data_shift_out|                                                                                                               ; 15 (15)     ; 15 (15)                   ; 0 (0)         ; 0           ; 0    ; 0            ; 0       ; 0         ; 0    ; 0            ; 0 (0)        ; 0 (0)             ; 15 (15)          ; |My_First_NIOS_II|sld_signaltap:auto_signaltap_0|sld_signaltap_impl:sld_signaltap_body|sld_signaltap_implb:sld_signaltap_body|sld_offload_buffer_mgr:\stp_non_zero_depth_offload_gen:stp_offload_buff_mgr_inst|lpm_shiftreg:info_data_shift_out                                                                                                                                                                                                                                                                                                                                                                                              ; lpm_shiftreg                                                            ; work                               ;
;                |lpm_shiftreg:ram_data_shift_out|                                                                                                                ; 12 (12)     ; 12 (12)                   ; 0 (0)         ; 0           ; 0    ; 0            ; 0       ; 0         ; 0    ; 0            ; 0 (0)        ; 0 (0)             ; 12 (12)          ; |My_First_NIOS_II|sld_signaltap:auto_signaltap_0|sld_signaltap_impl:sld_signaltap_body|sld_signaltap_implb:sld_signaltap_body|sld_offload_buffer_mgr:\stp_non_zero_depth_offload_gen:stp_offload_buff_mgr_inst|lpm_shiftreg:ram_data_shift_out                                                                                                                                                                                                                                                                                                                                                                                               ; lpm_shiftreg                                                            ; work                               ;
;                |lpm_shiftreg:status_data_shift_out|                                                                                                             ; 15 (15)     ; 15 (15)                   ; 0 (0)         ; 0           ; 0    ; 0            ; 0       ; 0         ; 0    ; 0            ; 0 (0)        ; 0 (0)             ; 15 (15)          ; |My_First_NIOS_II|sld_signaltap:auto_signaltap_0|sld_signaltap_impl:sld_signaltap_body|sld_signaltap_implb:sld_signaltap_body|sld_offload_buffer_mgr:\stp_non_zero_depth_offload_gen:stp_offload_buff_mgr_inst|lpm_shiftreg:status_data_shift_out                                                                                                                                                                                                                                                                                                                                                                                            ; lpm_shiftreg                                                            ; work                               ;
;             |sld_rom_sr:crc_rom_sr|                                                                                                                             ; 30 (30)     ; 8 (8)                     ; 0 (0)         ; 0           ; 0    ; 0            ; 0       ; 0         ; 0    ; 0            ; 22 (22)      ; 0 (0)             ; 8 (8)            ; |My_First_NIOS_II|sld_signaltap:auto_signaltap_0|sld_signaltap_impl:sld_signaltap_body|sld_signaltap_implb:sld_signaltap_body|sld_rom_sr:crc_rom_sr                                                                                                                                                                                                                                                                                                                                                                                                                                                                                          ; sld_rom_sr                                                              ; work                               ;
+-----------------------------------------------------------------------------------------------------------------------------------------------------------------+-------------+---------------------------+---------------+-------------+------+--------------+---------+-----------+------+--------------+--------------+-------------------+------------------+----------------------------------------------------------------------------------------------------------------------------------------------------------------------------------------------------------------------------------------------------------------------------------------------------------------------------------------------------------------------------------------------------------------------------------------------------------------------------------------------------------------------------------------------------------------------------------------------------------------------------------------------+-------------------------------------------------------------------------+------------------------------------+
Note: For table entries with two numbers listed, the numbers in parentheses indicate the number of resources of the given type used by the specific entity alone. The numbers listed outside of parentheses indicate the total resources of the given type used by the specific entity and all of its sub-entities in the hierarchy.


+----------------------------------------------------------------------------------------------+
; Delay Chain Summary                                                                          ;
+--------------+----------+---------------+---------------+-----------------------+-----+------+
; Name         ; Pin Type ; Pad to Core 0 ; Pad to Core 1 ; Pad to Input Register ; TCO ; TCOE ;
+--------------+----------+---------------+---------------+-----------------------+-----+------+
; LEDG[0]      ; Output   ; --            ; --            ; --                    ; --  ; --   ;
; LEDG[1]      ; Output   ; --            ; --            ; --                    ; --  ; --   ;
; LEDG[2]      ; Output   ; --            ; --            ; --                    ; --  ; --   ;
; LEDG[3]      ; Output   ; --            ; --            ; --                    ; --  ; --   ;
; LEDG[4]      ; Output   ; --            ; --            ; --                    ; --  ; --   ;
; LEDG[5]      ; Output   ; --            ; --            ; --                    ; --  ; --   ;
; LEDG[6]      ; Output   ; --            ; --            ; --                    ; --  ; --   ;
; LEDG[7]      ; Output   ; --            ; --            ; --                    ; --  ; --   ;
; RESET_ADC[0] ; Output   ; --            ; --            ; --                    ; --  ; --   ;
; RESET_ADC[1] ; Output   ; --            ; --            ; --                    ; --  ; --   ;
; RESET_ADC[2] ; Output   ; --            ; --            ; --                    ; --  ; --   ;
; RESET_ADC[3] ; Output   ; --            ; --            ; --                    ; --  ; --   ;
; RESET_ADC[4] ; Output   ; --            ; --            ; --                    ; --  ; --   ;
; RESET_ADC[5] ; Output   ; --            ; --            ; --                    ; --  ; --   ;
; RESET_ADC[6] ; Output   ; --            ; --            ; --                    ; --  ; --   ;
; RESET_ADC[7] ; Output   ; --            ; --            ; --                    ; --  ; --   ;
; SPI_MOSI     ; Output   ; --            ; --            ; --                    ; --  ; --   ;
; SPI_CLOCK    ; Output   ; --            ; --            ; --                    ; --  ; --   ;
; SPI_SS       ; Output   ; --            ; --            ; --                    ; --  ; --   ;
; CLOCK_50     ; Input    ; (0) 0 ps      ; --            ; --                    ; --  ; --   ;
; SPI_MISO     ; Input    ; --            ; (6) 1209 ps   ; --                    ; --  ; --   ;
+--------------+----------+---------------+---------------+-----------------------+-----+------+


+------------------------------------------------------------------------------------------------------------------------------------------+
; Pad To Core Delay Chain Fanout                                                                                                           ;
+------------------------------------------------------------------------------------------------------------+-------------------+---------+
; Source Pin / Fanout                                                                                        ; Pad To Core Index ; Setting ;
+------------------------------------------------------------------------------------------------------------+-------------------+---------+
; CLOCK_50                                                                                                   ;                   ;         ;
; SPI_MISO                                                                                                   ;                   ;         ;
;      - My_First_NIOS_II_Platform_Designer:u0|My_First_NIOS_II_Platform_Designer_adc_1_spi:spi_0|MISO_reg~0 ; 1                 ; 6       ;
;      - sld_signaltap:auto_signaltap_0|acq_data_in_reg[9]~feeder                                            ; 1                 ; 6       ;
;      - sld_signaltap:auto_signaltap_0|acq_trigger_in_reg[9]~feeder                                         ; 1                 ; 6       ;
+------------------------------------------------------------------------------------------------------------+-------------------+---------+


+-----------------------------------------------------------------------------------------------------------------------------------------------------------------------------------------------------------------------------------------------------------------------------------------------------------------------------------------------------------------------------------------------------------------------------------------------------------------------------------------------------------------------------------------------------------------------------------------------------------------------------------------------------------------------------------------------------------------------------------------+
; Control Signals                                                                                                                                                                                                                                                                                                                                                                                                                                                                                                                                                                                                                                                                                                                         ;
+----------------------------------------------------------------------------------------------------------------------------------------------------------------------------------------------------------------------------------------------------------------------------------------------------------------------------------------------------------------------------------------------------------------------------------------------------------------------------------------------------------------------------------------------------------------------------------------------+--------------------+---------+----------------------------+--------+----------------------+------------------+---------------------------+
; Name                                                                                                                                                                                                                                                                                                                                                                                                                                                                                                                                                                                         ; Location           ; Fan-Out ; Usage                      ; Global ; Global Resource Used ; Global Line Name ; Enable Signal Source Name ;
+----------------------------------------------------------------------------------------------------------------------------------------------------------------------------------------------------------------------------------------------------------------------------------------------------------------------------------------------------------------------------------------------------------------------------------------------------------------------------------------------------------------------------------------------------------------------------------------------+--------------------+---------+----------------------------+--------+----------------------+------------------+---------------------------+
; CLOCK_50                                                                                                                                                                                                                                                                                                                                                                                                                                                                                                                                                                                     ; PIN_E1             ; 1510    ; Clock                      ; yes    ; Global Clock         ; GCLK2            ; --                        ;
; My_First_NIOS_II_Platform_Designer:u0|My_First_NIOS_II_Platform_Designer_DEBUG:debug|My_First_NIOS_II_Platform_Designer_DEBUG_scfifo_r:the_My_First_NIOS_II_Platform_Designer_DEBUG_scfifo_r|scfifo:rfifo|scfifo_cr21:auto_generated|a_dpfifo_e011:dpfifo|a_fefifo_7cf:fifo_state|_~4                                                                                                                                                                                                                                                                                                        ; LCCOMB_X23_Y20_N2  ; 6       ; Clock enable               ; no     ; --                   ; --               ; --                        ;
; My_First_NIOS_II_Platform_Designer:u0|My_First_NIOS_II_Platform_Designer_DEBUG:debug|My_First_NIOS_II_Platform_Designer_DEBUG_scfifo_w:the_My_First_NIOS_II_Platform_Designer_DEBUG_scfifo_w|scfifo:wfifo|scfifo_cr21:auto_generated|a_dpfifo_e011:dpfifo|a_fefifo_7cf:fifo_state|_~0                                                                                                                                                                                                                                                                                                        ; LCCOMB_X25_Y20_N16 ; 6       ; Clock enable               ; no     ; --                   ; --               ; --                        ;
; My_First_NIOS_II_Platform_Designer:u0|My_First_NIOS_II_Platform_Designer_DEBUG:debug|alt_jtag_atlantic:My_First_NIOS_II_Platform_Designer_DEBUG_alt_jtag_atlantic|r_ena~0                                                                                                                                                                                                                                                                                                                                                                                                                    ; LCCOMB_X25_Y20_N20 ; 1       ; Clock enable               ; no     ; --                   ; --               ; --                        ;
; My_First_NIOS_II_Platform_Designer:u0|My_First_NIOS_II_Platform_Designer_DEBUG:debug|alt_jtag_atlantic:My_First_NIOS_II_Platform_Designer_DEBUG_alt_jtag_atlantic|td_shift[0]~4                                                                                                                                                                                                                                                                                                                                                                                                              ; LCCOMB_X20_Y16_N28 ; 21      ; Clock enable               ; no     ; --                   ; --               ; --                        ;
; My_First_NIOS_II_Platform_Designer:u0|My_First_NIOS_II_Platform_Designer_DEBUG:debug|alt_jtag_atlantic:My_First_NIOS_II_Platform_Designer_DEBUG_alt_jtag_atlantic|wdata[1]~3                                                                                                                                                                                                                                                                                                                                                                                                                 ; LCCOMB_X20_Y16_N16 ; 8       ; Clock enable               ; no     ; --                   ; --               ; --                        ;
; My_First_NIOS_II_Platform_Designer:u0|My_First_NIOS_II_Platform_Designer_DEBUG:debug|alt_jtag_atlantic:My_First_NIOS_II_Platform_Designer_DEBUG_alt_jtag_atlantic|write_stalled~3                                                                                                                                                                                                                                                                                                                                                                                                            ; LCCOMB_X20_Y16_N30 ; 5       ; Clock enable               ; no     ; --                   ; --               ; --                        ;
; My_First_NIOS_II_Platform_Designer:u0|My_First_NIOS_II_Platform_Designer_DEBUG:debug|fifo_rd~0                                                                                                                                                                                                                                                                                                                                                                                                                                                                                               ; LCCOMB_X23_Y20_N0  ; 11      ; Clock enable               ; no     ; --                   ; --               ; --                        ;
; My_First_NIOS_II_Platform_Designer:u0|My_First_NIOS_II_Platform_Designer_DEBUG:debug|fifo_wr                                                                                                                                                                                                                                                                                                                                                                                                                                                                                                 ; FF_X26_Y20_N9      ; 15      ; Clock enable, Write enable ; no     ; --                   ; --               ; --                        ;
; My_First_NIOS_II_Platform_Designer:u0|My_First_NIOS_II_Platform_Designer_DEBUG:debug|ien_AF~2                                                                                                                                                                                                                                                                                                                                                                                                                                                                                                ; LCCOMB_X29_Y20_N6  ; 3       ; Clock enable               ; no     ; --                   ; --               ; --                        ;
; My_First_NIOS_II_Platform_Designer:u0|My_First_NIOS_II_Platform_Designer_DEBUG:debug|r_val~0                                                                                                                                                                                                                                                                                                                                                                                                                                                                                                 ; LCCOMB_X25_Y20_N14 ; 11      ; Clock enable               ; no     ; --                   ; --               ; --                        ;
; My_First_NIOS_II_Platform_Designer:u0|My_First_NIOS_II_Platform_Designer_DEBUG:debug|read_0                                                                                                                                                                                                                                                                                                                                                                                                                                                                                                  ; FF_X31_Y21_N3      ; 16      ; Sync. load                 ; no     ; --                   ; --               ; --                        ;
; My_First_NIOS_II_Platform_Designer:u0|My_First_NIOS_II_Platform_Designer_DEBUG:debug|wr_rfifo                                                                                                                                                                                                                                                                                                                                                                                                                                                                                                ; LCCOMB_X23_Y20_N10 ; 13      ; Clock enable, Write enable ; no     ; --                   ; --               ; --                        ;
; My_First_NIOS_II_Platform_Designer:u0|My_First_NIOS_II_Platform_Designer_GPIO:gpio|always0~2                                                                                                                                                                                                                                                                                                                                                                                                                                                                                                 ; LCCOMB_X29_Y22_N2  ; 8       ; Clock enable               ; no     ; --                   ; --               ; --                        ;
; My_First_NIOS_II_Platform_Designer:u0|My_First_NIOS_II_Platform_Designer_GPIO:pio_0|always0~1                                                                                                                                                                                                                                                                                                                                                                                                                                                                                                ; LCCOMB_X29_Y22_N4  ; 8       ; Clock enable               ; no     ; --                   ; --               ; --                        ;
; My_First_NIOS_II_Platform_Designer:u0|My_First_NIOS_II_Platform_Designer_HelloNios:hellonios|My_First_NIOS_II_Platform_Designer_HelloNios_cpu:cpu|D_ctrl_mem8~1                                                                                                                                                                                                                                                                                                                                                                                                                              ; LCCOMB_X34_Y21_N14 ; 12      ; Sync. load                 ; no     ; --                   ; --               ; --                        ;
; My_First_NIOS_II_Platform_Designer:u0|My_First_NIOS_II_Platform_Designer_HelloNios:hellonios|My_First_NIOS_II_Platform_Designer_HelloNios_cpu:cpu|D_iw[2]                                                                                                                                                                                                                                                                                                                                                                                                                                    ; FF_X34_Y19_N1      ; 25      ; Sync. clear                ; no     ; --                   ; --               ; --                        ;
; My_First_NIOS_II_Platform_Designer:u0|My_First_NIOS_II_Platform_Designer_HelloNios:hellonios|My_First_NIOS_II_Platform_Designer_HelloNios_cpu:cpu|E_alu_result~0                                                                                                                                                                                                                                                                                                                                                                                                                             ; LCCOMB_X34_Y23_N0  ; 59      ; Sync. clear                ; no     ; --                   ; --               ; --                        ;
; My_First_NIOS_II_Platform_Designer:u0|My_First_NIOS_II_Platform_Designer_HelloNios:hellonios|My_First_NIOS_II_Platform_Designer_HelloNios_cpu:cpu|E_new_inst                                                                                                                                                                                                                                                                                                                                                                                                                                 ; FF_X27_Y23_N1      ; 42      ; Sync. load                 ; no     ; --                   ; --               ; --                        ;
; My_First_NIOS_II_Platform_Designer:u0|My_First_NIOS_II_Platform_Designer_HelloNios:hellonios|My_First_NIOS_II_Platform_Designer_HelloNios_cpu:cpu|E_valid_from_R                                                                                                                                                                                                                                                                                                                                                                                                                             ; FF_X27_Y23_N23     ; 30      ; Clock enable               ; no     ; --                   ; --               ; --                        ;
; My_First_NIOS_II_Platform_Designer:u0|My_First_NIOS_II_Platform_Designer_HelloNios:hellonios|My_First_NIOS_II_Platform_Designer_HelloNios_cpu:cpu|F_valid~0                                                                                                                                                                                                                                                                                                                                                                                                                                  ; LCCOMB_X30_Y21_N30 ; 34      ; Clock enable               ; no     ; --                   ; --               ; --                        ;
; My_First_NIOS_II_Platform_Designer:u0|My_First_NIOS_II_Platform_Designer_HelloNios:hellonios|My_First_NIOS_II_Platform_Designer_HelloNios_cpu:cpu|My_First_NIOS_II_Platform_Designer_HelloNios_cpu_nios2_oci:the_My_First_NIOS_II_Platform_Designer_HelloNios_cpu_nios2_oci|My_First_NIOS_II_Platform_Designer_HelloNios_cpu_debug_slave_wrapper:the_My_First_NIOS_II_Platform_Designer_HelloNios_cpu_debug_slave_wrapper|My_First_NIOS_II_Platform_Designer_HelloNios_cpu_debug_slave_sysclk:the_My_First_NIOS_II_Platform_Designer_HelloNios_cpu_debug_slave_sysclk|jxuir                  ; FF_X29_Y15_N13     ; 2       ; Clock enable               ; no     ; --                   ; --               ; --                        ;
; My_First_NIOS_II_Platform_Designer:u0|My_First_NIOS_II_Platform_Designer_HelloNios:hellonios|My_First_NIOS_II_Platform_Designer_HelloNios_cpu:cpu|My_First_NIOS_II_Platform_Designer_HelloNios_cpu_nios2_oci:the_My_First_NIOS_II_Platform_Designer_HelloNios_cpu_nios2_oci|My_First_NIOS_II_Platform_Designer_HelloNios_cpu_debug_slave_wrapper:the_My_First_NIOS_II_Platform_Designer_HelloNios_cpu_debug_slave_wrapper|My_First_NIOS_II_Platform_Designer_HelloNios_cpu_debug_slave_sysclk:the_My_First_NIOS_II_Platform_Designer_HelloNios_cpu_debug_slave_sysclk|take_action_ocimem_a   ; LCCOMB_X29_Y14_N22 ; 5       ; Clock enable, Sync. load   ; no     ; --                   ; --               ; --                        ;
; My_First_NIOS_II_Platform_Designer:u0|My_First_NIOS_II_Platform_Designer_HelloNios:hellonios|My_First_NIOS_II_Platform_Designer_HelloNios_cpu:cpu|My_First_NIOS_II_Platform_Designer_HelloNios_cpu_nios2_oci:the_My_First_NIOS_II_Platform_Designer_HelloNios_cpu_nios2_oci|My_First_NIOS_II_Platform_Designer_HelloNios_cpu_debug_slave_wrapper:the_My_First_NIOS_II_Platform_Designer_HelloNios_cpu_debug_slave_wrapper|My_First_NIOS_II_Platform_Designer_HelloNios_cpu_debug_slave_sysclk:the_My_First_NIOS_II_Platform_Designer_HelloNios_cpu_debug_slave_sysclk|take_action_ocimem_a~0 ; LCCOMB_X28_Y15_N16 ; 16      ; Clock enable               ; no     ; --                   ; --               ; --                        ;
; My_First_NIOS_II_Platform_Designer:u0|My_First_NIOS_II_Platform_Designer_HelloNios:hellonios|My_First_NIOS_II_Platform_Designer_HelloNios_cpu:cpu|My_First_NIOS_II_Platform_Designer_HelloNios_cpu_nios2_oci:the_My_First_NIOS_II_Platform_Designer_HelloNios_cpu_nios2_oci|My_First_NIOS_II_Platform_Designer_HelloNios_cpu_debug_slave_wrapper:the_My_First_NIOS_II_Platform_Designer_HelloNios_cpu_debug_slave_wrapper|My_First_NIOS_II_Platform_Designer_HelloNios_cpu_debug_slave_sysclk:the_My_First_NIOS_II_Platform_Designer_HelloNios_cpu_debug_slave_sysclk|take_action_ocimem_a~1 ; LCCOMB_X29_Y15_N14 ; 10      ; Clock enable               ; no     ; --                   ; --               ; --                        ;
; My_First_NIOS_II_Platform_Designer:u0|My_First_NIOS_II_Platform_Designer_HelloNios:hellonios|My_First_NIOS_II_Platform_Designer_HelloNios_cpu:cpu|My_First_NIOS_II_Platform_Designer_HelloNios_cpu_nios2_oci:the_My_First_NIOS_II_Platform_Designer_HelloNios_cpu_nios2_oci|My_First_NIOS_II_Platform_Designer_HelloNios_cpu_debug_slave_wrapper:the_My_First_NIOS_II_Platform_Designer_HelloNios_cpu_debug_slave_wrapper|My_First_NIOS_II_Platform_Designer_HelloNios_cpu_debug_slave_sysclk:the_My_First_NIOS_II_Platform_Designer_HelloNios_cpu_debug_slave_sysclk|take_action_ocimem_b   ; LCCOMB_X29_Y15_N28 ; 37      ; Sync. load                 ; no     ; --                   ; --               ; --                        ;
; My_First_NIOS_II_Platform_Designer:u0|My_First_NIOS_II_Platform_Designer_HelloNios:hellonios|My_First_NIOS_II_Platform_Designer_HelloNios_cpu:cpu|My_First_NIOS_II_Platform_Designer_HelloNios_cpu_nios2_oci:the_My_First_NIOS_II_Platform_Designer_HelloNios_cpu_nios2_oci|My_First_NIOS_II_Platform_Designer_HelloNios_cpu_debug_slave_wrapper:the_My_First_NIOS_II_Platform_Designer_HelloNios_cpu_debug_slave_wrapper|My_First_NIOS_II_Platform_Designer_HelloNios_cpu_debug_slave_sysclk:the_My_First_NIOS_II_Platform_Designer_HelloNios_cpu_debug_slave_sysclk|update_jdo_strobe      ; FF_X29_Y15_N27     ; 39      ; Clock enable               ; no     ; --                   ; --               ; --                        ;
; My_First_NIOS_II_Platform_Designer:u0|My_First_NIOS_II_Platform_Designer_HelloNios:hellonios|My_First_NIOS_II_Platform_Designer_HelloNios_cpu:cpu|My_First_NIOS_II_Platform_Designer_HelloNios_cpu_nios2_oci:the_My_First_NIOS_II_Platform_Designer_HelloNios_cpu_nios2_oci|My_First_NIOS_II_Platform_Designer_HelloNios_cpu_debug_slave_wrapper:the_My_First_NIOS_II_Platform_Designer_HelloNios_cpu_debug_slave_wrapper|My_First_NIOS_II_Platform_Designer_HelloNios_cpu_debug_slave_tck:the_My_First_NIOS_II_Platform_Designer_HelloNios_cpu_debug_slave_tck|sr[33]~29                    ; LCCOMB_X28_Y3_N20  ; 18      ; Clock enable               ; no     ; --                   ; --               ; --                        ;
; My_First_NIOS_II_Platform_Designer:u0|My_First_NIOS_II_Platform_Designer_HelloNios:hellonios|My_First_NIOS_II_Platform_Designer_HelloNios_cpu:cpu|My_First_NIOS_II_Platform_Designer_HelloNios_cpu_nios2_oci:the_My_First_NIOS_II_Platform_Designer_HelloNios_cpu_nios2_oci|My_First_NIOS_II_Platform_Designer_HelloNios_cpu_debug_slave_wrapper:the_My_First_NIOS_II_Platform_Designer_HelloNios_cpu_debug_slave_wrapper|My_First_NIOS_II_Platform_Designer_HelloNios_cpu_debug_slave_tck:the_My_First_NIOS_II_Platform_Designer_HelloNios_cpu_debug_slave_tck|sr[37]~21                    ; LCCOMB_X28_Y3_N14  ; 2       ; Clock enable               ; no     ; --                   ; --               ; --                        ;
; My_First_NIOS_II_Platform_Designer:u0|My_First_NIOS_II_Platform_Designer_HelloNios:hellonios|My_First_NIOS_II_Platform_Designer_HelloNios_cpu:cpu|My_First_NIOS_II_Platform_Designer_HelloNios_cpu_nios2_oci:the_My_First_NIOS_II_Platform_Designer_HelloNios_cpu_nios2_oci|My_First_NIOS_II_Platform_Designer_HelloNios_cpu_debug_slave_wrapper:the_My_First_NIOS_II_Platform_Designer_HelloNios_cpu_debug_slave_wrapper|My_First_NIOS_II_Platform_Designer_HelloNios_cpu_debug_slave_tck:the_My_First_NIOS_II_Platform_Designer_HelloNios_cpu_debug_slave_tck|sr[3]~13                     ; LCCOMB_X27_Y3_N20  ; 13      ; Clock enable               ; no     ; --                   ; --               ; --                        ;
; My_First_NIOS_II_Platform_Designer:u0|My_First_NIOS_II_Platform_Designer_HelloNios:hellonios|My_First_NIOS_II_Platform_Designer_HelloNios_cpu:cpu|My_First_NIOS_II_Platform_Designer_HelloNios_cpu_nios2_oci:the_My_First_NIOS_II_Platform_Designer_HelloNios_cpu_nios2_oci|My_First_NIOS_II_Platform_Designer_HelloNios_cpu_debug_slave_wrapper:the_My_First_NIOS_II_Platform_Designer_HelloNios_cpu_debug_slave_wrapper|sld_virtual_jtag_basic:My_First_NIOS_II_Platform_Designer_HelloNios_cpu_debug_slave_phy|virtual_state_sdr~0                                                        ; LCCOMB_X27_Y3_N24  ; 39      ; Sync. load                 ; no     ; --                   ; --               ; --                        ;
; My_First_NIOS_II_Platform_Designer:u0|My_First_NIOS_II_Platform_Designer_HelloNios:hellonios|My_First_NIOS_II_Platform_Designer_HelloNios_cpu:cpu|My_First_NIOS_II_Platform_Designer_HelloNios_cpu_nios2_oci:the_My_First_NIOS_II_Platform_Designer_HelloNios_cpu_nios2_oci|My_First_NIOS_II_Platform_Designer_HelloNios_cpu_debug_slave_wrapper:the_My_First_NIOS_II_Platform_Designer_HelloNios_cpu_debug_slave_wrapper|sld_virtual_jtag_basic:My_First_NIOS_II_Platform_Designer_HelloNios_cpu_debug_slave_phy|virtual_state_uir~0                                                        ; LCCOMB_X24_Y10_N16 ; 4       ; Clock enable               ; no     ; --                   ; --               ; --                        ;
; My_First_NIOS_II_Platform_Designer:u0|My_First_NIOS_II_Platform_Designer_HelloNios:hellonios|My_First_NIOS_II_Platform_Designer_HelloNios_cpu:cpu|My_First_NIOS_II_Platform_Designer_HelloNios_cpu_nios2_oci:the_My_First_NIOS_II_Platform_Designer_HelloNios_cpu_nios2_oci|My_First_NIOS_II_Platform_Designer_HelloNios_cpu_nios2_avalon_reg:the_My_First_NIOS_II_Platform_Designer_HelloNios_cpu_nios2_avalon_reg|take_action_oci_intr_mask_reg~0                                                                                                                                          ; LCCOMB_X31_Y15_N2  ; 6       ; Clock enable               ; no     ; --                   ; --               ; --                        ;
; My_First_NIOS_II_Platform_Designer:u0|My_First_NIOS_II_Platform_Designer_HelloNios:hellonios|My_First_NIOS_II_Platform_Designer_HelloNios_cpu:cpu|My_First_NIOS_II_Platform_Designer_HelloNios_cpu_nios2_oci:the_My_First_NIOS_II_Platform_Designer_HelloNios_cpu_nios2_oci|My_First_NIOS_II_Platform_Designer_HelloNios_cpu_nios2_oci_break:the_My_First_NIOS_II_Platform_Designer_HelloNios_cpu_nios2_oci_break|break_readreg[20]~1                                                                                                                                                        ; LCCOMB_X29_Y15_N18 ; 61      ; Clock enable               ; no     ; --                   ; --               ; --                        ;
; My_First_NIOS_II_Platform_Designer:u0|My_First_NIOS_II_Platform_Designer_HelloNios:hellonios|My_First_NIOS_II_Platform_Designer_HelloNios_cpu:cpu|My_First_NIOS_II_Platform_Designer_HelloNios_cpu_nios2_oci:the_My_First_NIOS_II_Platform_Designer_HelloNios_cpu_nios2_oci|My_First_NIOS_II_Platform_Designer_HelloNios_cpu_nios2_oci_debug:the_My_First_NIOS_II_Platform_Designer_HelloNios_cpu_nios2_oci_debug|resetrequest                                                                                                                                                               ; FF_X30_Y13_N27     ; 3       ; Async. clear               ; yes    ; Global Clock         ; GCLK19           ; --                        ;
; My_First_NIOS_II_Platform_Designer:u0|My_First_NIOS_II_Platform_Designer_HelloNios:hellonios|My_First_NIOS_II_Platform_Designer_HelloNios_cpu:cpu|My_First_NIOS_II_Platform_Designer_HelloNios_cpu_nios2_oci:the_My_First_NIOS_II_Platform_Designer_HelloNios_cpu_nios2_oci|My_First_NIOS_II_Platform_Designer_HelloNios_cpu_nios2_ocimem:the_My_First_NIOS_II_Platform_Designer_HelloNios_cpu_nios2_ocimem|MonDReg[0]~12                                                                                                                                                                    ; LCCOMB_X29_Y15_N8  ; 31      ; Clock enable               ; no     ; --                   ; --               ; --                        ;
; My_First_NIOS_II_Platform_Designer:u0|My_First_NIOS_II_Platform_Designer_HelloNios:hellonios|My_First_NIOS_II_Platform_Designer_HelloNios_cpu:cpu|My_First_NIOS_II_Platform_Designer_HelloNios_cpu_nios2_oci:the_My_First_NIOS_II_Platform_Designer_HelloNios_cpu_nios2_oci|My_First_NIOS_II_Platform_Designer_HelloNios_cpu_nios2_ocimem:the_My_First_NIOS_II_Platform_Designer_HelloNios_cpu_nios2_ocimem|ociram_reset_req                                                                                                                                                                 ; LCCOMB_X31_Y14_N24 ; 2       ; Clock enable               ; no     ; --                   ; --               ; --                        ;
; My_First_NIOS_II_Platform_Designer:u0|My_First_NIOS_II_Platform_Designer_HelloNios:hellonios|My_First_NIOS_II_Platform_Designer_HelloNios_cpu:cpu|My_First_NIOS_II_Platform_Designer_HelloNios_cpu_nios2_oci:the_My_First_NIOS_II_Platform_Designer_HelloNios_cpu_nios2_oci|My_First_NIOS_II_Platform_Designer_HelloNios_cpu_nios2_ocimem:the_My_First_NIOS_II_Platform_Designer_HelloNios_cpu_nios2_ocimem|ociram_wr_en~1                                                                                                                                                                   ; LCCOMB_X29_Y14_N28 ; 2       ; Read enable, Write enable  ; no     ; --                   ; --               ; --                        ;
; My_First_NIOS_II_Platform_Designer:u0|My_First_NIOS_II_Platform_Designer_HelloNios:hellonios|My_First_NIOS_II_Platform_Designer_HelloNios_cpu:cpu|My_First_NIOS_II_Platform_Designer_HelloNios_cpu_nios2_oci:the_My_First_NIOS_II_Platform_Designer_HelloNios_cpu_nios2_oci|address[8]                                                                                                                                                                                                                                                                                                       ; FF_X35_Y17_N9      ; 38      ; Sync. load                 ; no     ; --                   ; --               ; --                        ;
; My_First_NIOS_II_Platform_Designer:u0|My_First_NIOS_II_Platform_Designer_HelloNios:hellonios|My_First_NIOS_II_Platform_Designer_HelloNios_cpu:cpu|R_ctrl_hi_imm16                                                                                                                                                                                                                                                                                                                                                                                                                            ; FF_X35_Y20_N25     ; 18      ; Sync. load                 ; no     ; --                   ; --               ; --                        ;
; My_First_NIOS_II_Platform_Designer:u0|My_First_NIOS_II_Platform_Designer_HelloNios:hellonios|My_First_NIOS_II_Platform_Designer_HelloNios_cpu:cpu|R_ctrl_shift_rot                                                                                                                                                                                                                                                                                                                                                                                                                           ; FF_X30_Y24_N1      ; 33      ; Sync. load                 ; no     ; --                   ; --               ; --                        ;
; My_First_NIOS_II_Platform_Designer:u0|My_First_NIOS_II_Platform_Designer_HelloNios:hellonios|My_First_NIOS_II_Platform_Designer_HelloNios_cpu:cpu|R_src1~41                                                                                                                                                                                                                                                                                                                                                                                                                                  ; LCCOMB_X35_Y24_N10 ; 32      ; Sync. load                 ; no     ; --                   ; --               ; --                        ;
; My_First_NIOS_II_Platform_Designer:u0|My_First_NIOS_II_Platform_Designer_HelloNios:hellonios|My_First_NIOS_II_Platform_Designer_HelloNios_cpu:cpu|R_src2_hi~2                                                                                                                                                                                                                                                                                                                                                                                                                                ; LCCOMB_X30_Y25_N20 ; 15      ; Sync. clear                ; no     ; --                   ; --               ; --                        ;
; My_First_NIOS_II_Platform_Designer:u0|My_First_NIOS_II_Platform_Designer_HelloNios:hellonios|My_First_NIOS_II_Platform_Designer_HelloNios_cpu:cpu|W_ienable_reg_nxt~0                                                                                                                                                                                                                                                                                                                                                                                                                        ; LCCOMB_X34_Y22_N4  ; 5       ; Clock enable               ; no     ; --                   ; --               ; --                        ;
; My_First_NIOS_II_Platform_Designer:u0|My_First_NIOS_II_Platform_Designer_HelloNios:hellonios|My_First_NIOS_II_Platform_Designer_HelloNios_cpu:cpu|W_rf_wren                                                                                                                                                                                                                                                                                                                                                                                                                                  ; LCCOMB_X36_Y25_N0  ; 2       ; Write enable               ; no     ; --                   ; --               ; --                        ;
; My_First_NIOS_II_Platform_Designer:u0|My_First_NIOS_II_Platform_Designer_HelloNios:hellonios|My_First_NIOS_II_Platform_Designer_HelloNios_cpu:cpu|W_valid                                                                                                                                                                                                                                                                                                                                                                                                                                    ; FF_X27_Y23_N5      ; 15      ; Clock enable               ; no     ; --                   ; --               ; --                        ;
; My_First_NIOS_II_Platform_Designer:u0|My_First_NIOS_II_Platform_Designer_HelloNios:hellonios|My_First_NIOS_II_Platform_Designer_HelloNios_cpu:cpu|av_ld_byte0_data[6]~0                                                                                                                                                                                                                                                                                                                                                                                                                      ; LCCOMB_X34_Y23_N14 ; 8       ; Clock enable               ; no     ; --                   ; --               ; --                        ;
; My_First_NIOS_II_Platform_Designer:u0|My_First_NIOS_II_Platform_Designer_HelloNios:hellonios|My_First_NIOS_II_Platform_Designer_HelloNios_cpu:cpu|av_ld_byte1_data_en~0                                                                                                                                                                                                                                                                                                                                                                                                                      ; LCCOMB_X32_Y23_N2  ; 8       ; Clock enable               ; no     ; --                   ; --               ; --                        ;
; My_First_NIOS_II_Platform_Designer:u0|My_First_NIOS_II_Platform_Designer_HelloNios:hellonios|My_First_NIOS_II_Platform_Designer_HelloNios_cpu:cpu|av_ld_rshift8~1                                                                                                                                                                                                                                                                                                                                                                                                                            ; LCCOMB_X31_Y23_N8  ; 27      ; Clock enable, Sync. load   ; no     ; --                   ; --               ; --                        ;
; My_First_NIOS_II_Platform_Designer:u0|My_First_NIOS_II_Platform_Designer_SRAM:sram|wren~0                                                                                                                                                                                                                                                                                                                                                                                                                                                                                                    ; LCCOMB_X27_Y24_N22 ; 4       ; Read enable, Write enable  ; no     ; --                   ; --               ; --                        ;
; My_First_NIOS_II_Platform_Designer:u0|My_First_NIOS_II_Platform_Designer_TIMER:timer|always0~0                                                                                                                                                                                                                                                                                                                                                                                                                                                                                               ; LCCOMB_X37_Y22_N20 ; 32      ; Sync. load                 ; no     ; --                   ; --               ; --                        ;
; My_First_NIOS_II_Platform_Designer:u0|My_First_NIOS_II_Platform_Designer_TIMER:timer|always0~1                                                                                                                                                                                                                                                                                                                                                                                                                                                                                               ; LCCOMB_X37_Y22_N14 ; 32      ; Clock enable               ; no     ; --                   ; --               ; --                        ;
; My_First_NIOS_II_Platform_Designer:u0|My_First_NIOS_II_Platform_Designer_TIMER:timer|control_wr_strobe                                                                                                                                                                                                                                                                                                                                                                                                                                                                                       ; LCCOMB_X37_Y22_N24 ; 5       ; Clock enable               ; no     ; --                   ; --               ; --                        ;
; My_First_NIOS_II_Platform_Designer:u0|My_First_NIOS_II_Platform_Designer_TIMER:timer|period_h_wr_strobe                                                                                                                                                                                                                                                                                                                                                                                                                                                                                      ; LCCOMB_X37_Y22_N26 ; 16      ; Clock enable               ; no     ; --                   ; --               ; --                        ;
; My_First_NIOS_II_Platform_Designer:u0|My_First_NIOS_II_Platform_Designer_TIMER:timer|period_l_wr_strobe                                                                                                                                                                                                                                                                                                                                                                                                                                                                                      ; LCCOMB_X37_Y22_N16 ; 16      ; Clock enable               ; no     ; --                   ; --               ; --                        ;
; My_First_NIOS_II_Platform_Designer:u0|My_First_NIOS_II_Platform_Designer_TIMER:timer|snap_strobe~0                                                                                                                                                                                                                                                                                                                                                                                                                                                                                           ; LCCOMB_X37_Y22_N28 ; 32      ; Clock enable               ; no     ; --                   ; --               ; --                        ;
; My_First_NIOS_II_Platform_Designer:u0|My_First_NIOS_II_Platform_Designer_adc_1_spi:adc_1_spi|always11~0                                                                                                                                                                                                                                                                                                                                                                                                                                                                                      ; LCCOMB_X23_Y22_N2  ; 6       ; Clock enable               ; no     ; --                   ; --               ; --                        ;
; My_First_NIOS_II_Platform_Designer:u0|My_First_NIOS_II_Platform_Designer_adc_1_spi:adc_1_spi|always6~0                                                                                                                                                                                                                                                                                                                                                                                                                                                                                       ; LCCOMB_X25_Y22_N20 ; 16      ; Clock enable               ; no     ; --                   ; --               ; --                        ;
; My_First_NIOS_II_Platform_Designer:u0|My_First_NIOS_II_Platform_Designer_adc_1_spi:adc_1_spi|control_wr_strobe                                                                                                                                                                                                                                                                                                                                                                                                                                                                               ; LCCOMB_X25_Y21_N20 ; 8       ; Clock enable               ; no     ; --                   ; --               ; --                        ;
; My_First_NIOS_II_Platform_Designer:u0|My_First_NIOS_II_Platform_Designer_adc_1_spi:adc_1_spi|endofpacketvalue_wr_strobe~0                                                                                                                                                                                                                                                                                                                                                                                                                                                                    ; LCCOMB_X25_Y21_N24 ; 16      ; Clock enable               ; no     ; --                   ; --               ; --                        ;
; My_First_NIOS_II_Platform_Designer:u0|My_First_NIOS_II_Platform_Designer_adc_1_spi:adc_1_spi|shift_reg[7]~14                                                                                                                                                                                                                                                                                                                                                                                                                                                                                 ; LCCOMB_X27_Y22_N10 ; 7       ; Clock enable               ; no     ; --                   ; --               ; --                        ;
; My_First_NIOS_II_Platform_Designer:u0|My_First_NIOS_II_Platform_Designer_adc_1_spi:adc_1_spi|slaveselect_wr_strobe                                                                                                                                                                                                                                                                                                                                                                                                                                                                           ; LCCOMB_X25_Y21_N26 ; 16      ; Clock enable               ; no     ; --                   ; --               ; --                        ;
; My_First_NIOS_II_Platform_Designer:u0|My_First_NIOS_II_Platform_Designer_adc_1_spi:adc_1_spi|transaction_primed                                                                                                                                                                                                                                                                                                                                                                                                                                                                              ; FF_X23_Y22_N1      ; 12      ; Clock enable               ; no     ; --                   ; --               ; --                        ;
; My_First_NIOS_II_Platform_Designer:u0|My_First_NIOS_II_Platform_Designer_adc_1_spi:adc_1_spi|write_tx_holding                                                                                                                                                                                                                                                                                                                                                                                                                                                                                ; LCCOMB_X25_Y22_N6  ; 8       ; Clock enable               ; no     ; --                   ; --               ; --                        ;
; My_First_NIOS_II_Platform_Designer:u0|My_First_NIOS_II_Platform_Designer_adc_1_spi:spi_0|always11~0                                                                                                                                                                                                                                                                                                                                                                                                                                                                                          ; LCCOMB_X26_Y21_N30 ; 6       ; Clock enable               ; no     ; --                   ; --               ; --                        ;
; My_First_NIOS_II_Platform_Designer:u0|My_First_NIOS_II_Platform_Designer_adc_1_spi:spi_0|always6~0                                                                                                                                                                                                                                                                                                                                                                                                                                                                                           ; LCCOMB_X27_Y18_N18 ; 16      ; Clock enable               ; no     ; --                   ; --               ; --                        ;
; My_First_NIOS_II_Platform_Designer:u0|My_First_NIOS_II_Platform_Designer_adc_1_spi:spi_0|control_wr_strobe                                                                                                                                                                                                                                                                                                                                                                                                                                                                                   ; LCCOMB_X29_Y18_N8  ; 8       ; Clock enable               ; no     ; --                   ; --               ; --                        ;
; My_First_NIOS_II_Platform_Designer:u0|My_First_NIOS_II_Platform_Designer_adc_1_spi:spi_0|endofpacketvalue_wr_strobe~0                                                                                                                                                                                                                                                                                                                                                                                                                                                                        ; LCCOMB_X29_Y18_N4  ; 16      ; Clock enable               ; no     ; --                   ; --               ; --                        ;
; My_First_NIOS_II_Platform_Designer:u0|My_First_NIOS_II_Platform_Designer_adc_1_spi:spi_0|shift_reg[5]~13                                                                                                                                                                                                                                                                                                                                                                                                                                                                                     ; LCCOMB_X25_Y18_N20 ; 8       ; Clock enable               ; no     ; --                   ; --               ; --                        ;
; My_First_NIOS_II_Platform_Designer:u0|My_First_NIOS_II_Platform_Designer_adc_1_spi:spi_0|slaveselect_wr_strobe                                                                                                                                                                                                                                                                                                                                                                                                                                                                               ; LCCOMB_X29_Y18_N26 ; 16      ; Clock enable               ; no     ; --                   ; --               ; --                        ;
; My_First_NIOS_II_Platform_Designer:u0|My_First_NIOS_II_Platform_Designer_adc_1_spi:spi_0|transaction_primed                                                                                                                                                                                                                                                                                                                                                                                                                                                                                  ; FF_X26_Y17_N1      ; 12      ; Clock enable               ; no     ; --                   ; --               ; --                        ;
; My_First_NIOS_II_Platform_Designer:u0|My_First_NIOS_II_Platform_Designer_adc_1_spi:spi_0|write_tx_holding                                                                                                                                                                                                                                                                                                                                                                                                                                                                                    ; LCCOMB_X26_Y21_N0  ; 8       ; Clock enable               ; no     ; --                   ; --               ; --                        ;
; My_First_NIOS_II_Platform_Designer:u0|My_First_NIOS_II_Platform_Designer_esc_spi:esc_spi|always11~0                                                                                                                                                                                                                                                                                                                                                                                                                                                                                          ; LCCOMB_X36_Y15_N10 ; 6       ; Clock enable               ; no     ; --                   ; --               ; --                        ;
; My_First_NIOS_II_Platform_Designer:u0|My_First_NIOS_II_Platform_Designer_esc_spi:esc_spi|always6~0                                                                                                                                                                                                                                                                                                                                                                                                                                                                                           ; LCCOMB_X35_Y18_N28 ; 16      ; Clock enable               ; no     ; --                   ; --               ; --                        ;
; My_First_NIOS_II_Platform_Designer:u0|My_First_NIOS_II_Platform_Designer_esc_spi:esc_spi|control_wr_strobe                                                                                                                                                                                                                                                                                                                                                                                                                                                                                   ; LCCOMB_X35_Y18_N24 ; 8       ; Clock enable               ; no     ; --                   ; --               ; --                        ;
; My_First_NIOS_II_Platform_Designer:u0|My_First_NIOS_II_Platform_Designer_esc_spi:esc_spi|endofpacketvalue_wr_strobe~0                                                                                                                                                                                                                                                                                                                                                                                                                                                                        ; LCCOMB_X29_Y22_N20 ; 16      ; Clock enable               ; no     ; --                   ; --               ; --                        ;
; My_First_NIOS_II_Platform_Designer:u0|My_First_NIOS_II_Platform_Designer_esc_spi:esc_spi|shift_reg[4]~14                                                                                                                                                                                                                                                                                                                                                                                                                                                                                     ; LCCOMB_X36_Y16_N10 ; 7       ; Clock enable               ; no     ; --                   ; --               ; --                        ;
; My_First_NIOS_II_Platform_Designer:u0|My_First_NIOS_II_Platform_Designer_esc_spi:esc_spi|slaveselect_wr_strobe                                                                                                                                                                                                                                                                                                                                                                                                                                                                               ; LCCOMB_X29_Y22_N14 ; 16      ; Clock enable               ; no     ; --                   ; --               ; --                        ;
; My_First_NIOS_II_Platform_Designer:u0|My_First_NIOS_II_Platform_Designer_esc_spi:esc_spi|transaction_primed                                                                                                                                                                                                                                                                                                                                                                                                                                                                                  ; FF_X36_Y15_N9      ; 12      ; Clock enable               ; no     ; --                   ; --               ; --                        ;
; My_First_NIOS_II_Platform_Designer:u0|My_First_NIOS_II_Platform_Designer_esc_spi:esc_spi|write_tx_holding                                                                                                                                                                                                                                                                                                                                                                                                                                                                                    ; LCCOMB_X36_Y17_N4  ; 8       ; Clock enable               ; no     ; --                   ; --               ; --                        ;
; My_First_NIOS_II_Platform_Designer:u0|My_First_NIOS_II_Platform_Designer_mm_interconnect_0:mm_interconnect_0|My_First_NIOS_II_Platform_Designer_mm_interconnect_0_cmd_mux_001:cmd_mux_001|altera_merlin_arbitrator:arb|top_priority_reg[0]~0                                                                                                                                                                                                                                                                                                                                                 ; LCCOMB_X31_Y20_N4  ; 2       ; Clock enable               ; no     ; --                   ; --               ; --                        ;
; My_First_NIOS_II_Platform_Designer:u0|My_First_NIOS_II_Platform_Designer_mm_interconnect_0:mm_interconnect_0|My_First_NIOS_II_Platform_Designer_mm_interconnect_0_cmd_mux_001:cmd_mux_001|update_grant~1                                                                                                                                                                                                                                                                                                                                                                                     ; LCCOMB_X31_Y20_N14 ; 4       ; Clock enable               ; no     ; --                   ; --               ; --                        ;
; My_First_NIOS_II_Platform_Designer:u0|My_First_NIOS_II_Platform_Designer_mm_interconnect_0:mm_interconnect_0|My_First_NIOS_II_Platform_Designer_mm_interconnect_0_cmd_mux_001:cmd_mux_002|altera_merlin_arbitrator:arb|top_priority_reg[0]~0                                                                                                                                                                                                                                                                                                                                                 ; LCCOMB_X30_Y21_N14 ; 2       ; Clock enable               ; no     ; --                   ; --               ; --                        ;
; My_First_NIOS_II_Platform_Designer:u0|My_First_NIOS_II_Platform_Designer_mm_interconnect_0:mm_interconnect_0|My_First_NIOS_II_Platform_Designer_mm_interconnect_0_cmd_mux_001:cmd_mux_002|update_grant~1                                                                                                                                                                                                                                                                                                                                                                                     ; LCCOMB_X28_Y24_N14 ; 4       ; Clock enable               ; no     ; --                   ; --               ; --                        ;
; My_First_NIOS_II_Platform_Designer:u0|My_First_NIOS_II_Platform_Designer_mm_interconnect_0:mm_interconnect_0|altera_avalon_sc_fifo:hellonios_debug_mem_slave_agent_rsp_fifo|mem_used[1]~0                                                                                                                                                                                                                                                                                                                                                                                                    ; LCCOMB_X31_Y16_N14 ; 3       ; Clock enable               ; no     ; --                   ; --               ; --                        ;
; My_First_NIOS_II_Platform_Designer:u0|My_First_NIOS_II_Platform_Designer_mm_interconnect_0:mm_interconnect_0|altera_avalon_sc_fifo:sram_s1_agent_rsp_fifo|mem_used[1]~0                                                                                                                                                                                                                                                                                                                                                                                                                      ; LCCOMB_X27_Y24_N16 ; 2       ; Clock enable               ; no     ; --                   ; --               ; --                        ;
; My_First_NIOS_II_Platform_Designer:u0|altera_reset_controller:rst_controller|r_early_rst                                                                                                                                                                                                                                                                                                                                                                                                                                                                                                     ; FF_X24_Y19_N17     ; 5       ; Clock enable               ; no     ; --                   ; --               ; --                        ;
; My_First_NIOS_II_Platform_Designer:u0|altera_reset_controller:rst_controller|r_sync_rst                                                                                                                                                                                                                                                                                                                                                                                                                                                                                                      ; FF_X24_Y19_N1      ; 1069    ; Async. clear               ; yes    ; Global Clock         ; GCLK6            ; --                        ;
; altera_internal_jtag~TCKUTAP                                                                                                                                                                                                                                                                                                                                                                                                                                                                                                                                                                 ; JTAG_X1_Y17_N0     ; 418     ; Clock                      ; yes    ; Global Clock         ; GCLK1            ; --                        ;
; altera_internal_jtag~TMSUTAP                                                                                                                                                                                                                                                                                                                                                                                                                                                                                                                                                                 ; JTAG_X1_Y17_N0     ; 25      ; Sync. clear                ; no     ; --                   ; --               ; --                        ;
; sld_hub:auto_hub|alt_sld_fab_with_jtag_input:\instrumentation_fabric_with_node_gen:fabric_gen_new_way:with_jtag_input_gen:instrumentation_fabric|alt_sld_fab:instrumentation_fabric|alt_sld_fab_alt_sld_fab:alt_sld_fab|alt_sld_fab_alt_sld_fab_sldfabric:sldfabric|sld_jtag_hub:\jtag_hub_gen:real_sld_jtag_hub|clr_reg                                                                                                                                                                                                                                                                     ; FF_X19_Y18_N15     ; 86      ; Async. clear               ; no     ; --                   ; --               ; --                        ;
; sld_hub:auto_hub|alt_sld_fab_with_jtag_input:\instrumentation_fabric_with_node_gen:fabric_gen_new_way:with_jtag_input_gen:instrumentation_fabric|alt_sld_fab:instrumentation_fabric|alt_sld_fab_alt_sld_fab:alt_sld_fab|alt_sld_fab_alt_sld_fab_sldfabric:sldfabric|sld_jtag_hub:\jtag_hub_gen:real_sld_jtag_hub|design_hash_proc~0                                                                                                                                                                                                                                                          ; LCCOMB_X20_Y18_N20 ; 4       ; Sync. load                 ; no     ; --                   ; --               ; --                        ;
; sld_hub:auto_hub|alt_sld_fab_with_jtag_input:\instrumentation_fabric_with_node_gen:fabric_gen_new_way:with_jtag_input_gen:instrumentation_fabric|alt_sld_fab:instrumentation_fabric|alt_sld_fab_alt_sld_fab:alt_sld_fab|alt_sld_fab_alt_sld_fab_sldfabric:sldfabric|sld_jtag_hub:\jtag_hub_gen:real_sld_jtag_hub|hub_info_reg_ena                                                                                                                                                                                                                                                            ; LCCOMB_X20_Y18_N8  ; 4       ; Clock enable               ; no     ; --                   ; --               ; --                        ;
; sld_hub:auto_hub|alt_sld_fab_with_jtag_input:\instrumentation_fabric_with_node_gen:fabric_gen_new_way:with_jtag_input_gen:instrumentation_fabric|alt_sld_fab:instrumentation_fabric|alt_sld_fab_alt_sld_fab:alt_sld_fab|alt_sld_fab_alt_sld_fab_sldfabric:sldfabric|sld_jtag_hub:\jtag_hub_gen:real_sld_jtag_hub|hub_info_reg_ena~0                                                                                                                                                                                                                                                          ; LCCOMB_X20_Y19_N6  ; 6       ; Clock enable               ; no     ; --                   ; --               ; --                        ;
; sld_hub:auto_hub|alt_sld_fab_with_jtag_input:\instrumentation_fabric_with_node_gen:fabric_gen_new_way:with_jtag_input_gen:instrumentation_fabric|alt_sld_fab:instrumentation_fabric|alt_sld_fab_alt_sld_fab:alt_sld_fab|alt_sld_fab_alt_sld_fab_sldfabric:sldfabric|sld_jtag_hub:\jtag_hub_gen:real_sld_jtag_hub|identity_contrib_shift_reg[0]~1                                                                                                                                                                                                                                             ; LCCOMB_X20_Y18_N4  ; 4       ; Clock enable               ; no     ; --                   ; --               ; --                        ;
; sld_hub:auto_hub|alt_sld_fab_with_jtag_input:\instrumentation_fabric_with_node_gen:fabric_gen_new_way:with_jtag_input_gen:instrumentation_fabric|alt_sld_fab:instrumentation_fabric|alt_sld_fab_alt_sld_fab:alt_sld_fab|alt_sld_fab_alt_sld_fab_sldfabric:sldfabric|sld_jtag_hub:\jtag_hub_gen:real_sld_jtag_hub|irf_reg[2][0]~8                                                                                                                                                                                                                                                             ; LCCOMB_X18_Y19_N0  ; 2       ; Clock enable               ; no     ; --                   ; --               ; --                        ;
; sld_hub:auto_hub|alt_sld_fab_with_jtag_input:\instrumentation_fabric_with_node_gen:fabric_gen_new_way:with_jtag_input_gen:instrumentation_fabric|alt_sld_fab:instrumentation_fabric|alt_sld_fab_alt_sld_fab:alt_sld_fab|alt_sld_fab_alt_sld_fab_sldfabric:sldfabric|sld_jtag_hub:\jtag_hub_gen:real_sld_jtag_hub|irf_reg[3][0]~11                                                                                                                                                                                                                                                            ; LCCOMB_X18_Y19_N4  ; 10      ; Clock enable               ; no     ; --                   ; --               ; --                        ;
; sld_hub:auto_hub|alt_sld_fab_with_jtag_input:\instrumentation_fabric_with_node_gen:fabric_gen_new_way:with_jtag_input_gen:instrumentation_fabric|alt_sld_fab:instrumentation_fabric|alt_sld_fab_alt_sld_fab:alt_sld_fab|alt_sld_fab_alt_sld_fab_sldfabric:sldfabric|sld_jtag_hub:\jtag_hub_gen:real_sld_jtag_hub|irf_reg[3][4]                                                                                                                                                                                                                                                               ; FF_X18_Y19_N13     ; 8       ; Clock enable               ; no     ; --                   ; --               ; --                        ;
; sld_hub:auto_hub|alt_sld_fab_with_jtag_input:\instrumentation_fabric_with_node_gen:fabric_gen_new_way:with_jtag_input_gen:instrumentation_fabric|alt_sld_fab:instrumentation_fabric|alt_sld_fab_alt_sld_fab:alt_sld_fab|alt_sld_fab_alt_sld_fab_sldfabric:sldfabric|sld_jtag_hub:\jtag_hub_gen:real_sld_jtag_hub|irf_reg[3][7]                                                                                                                                                                                                                                                               ; FF_X19_Y20_N25     ; 24      ; Clock enable               ; no     ; --                   ; --               ; --                        ;
; sld_hub:auto_hub|alt_sld_fab_with_jtag_input:\instrumentation_fabric_with_node_gen:fabric_gen_new_way:with_jtag_input_gen:instrumentation_fabric|alt_sld_fab:instrumentation_fabric|alt_sld_fab_alt_sld_fab:alt_sld_fab|alt_sld_fab_alt_sld_fab_sldfabric:sldfabric|sld_jtag_hub:\jtag_hub_gen:real_sld_jtag_hub|irsr_reg[2]~24                                                                                                                                                                                                                                                              ; LCCOMB_X18_Y20_N2  ; 10      ; Clock enable               ; no     ; --                   ; --               ; --                        ;
; sld_hub:auto_hub|alt_sld_fab_with_jtag_input:\instrumentation_fabric_with_node_gen:fabric_gen_new_way:with_jtag_input_gen:instrumentation_fabric|alt_sld_fab:instrumentation_fabric|alt_sld_fab_alt_sld_fab:alt_sld_fab|alt_sld_fab_alt_sld_fab_sldfabric:sldfabric|sld_jtag_hub:\jtag_hub_gen:real_sld_jtag_hub|mixer_addr_reg_internal[3]~10                                                                                                                                                                                                                                               ; LCCOMB_X19_Y19_N16 ; 5       ; Clock enable               ; no     ; --                   ; --               ; --                        ;
; sld_hub:auto_hub|alt_sld_fab_with_jtag_input:\instrumentation_fabric_with_node_gen:fabric_gen_new_way:with_jtag_input_gen:instrumentation_fabric|alt_sld_fab:instrumentation_fabric|alt_sld_fab_alt_sld_fab:alt_sld_fab|alt_sld_fab_alt_sld_fab_sldfabric:sldfabric|sld_jtag_hub:\jtag_hub_gen:real_sld_jtag_hub|mixer_addr_reg_internal[3]~9                                                                                                                                                                                                                                                ; LCCOMB_X21_Y18_N28 ; 5       ; Sync. load                 ; no     ; --                   ; --               ; --                        ;
; sld_hub:auto_hub|alt_sld_fab_with_jtag_input:\instrumentation_fabric_with_node_gen:fabric_gen_new_way:with_jtag_input_gen:instrumentation_fabric|alt_sld_fab:instrumentation_fabric|alt_sld_fab_alt_sld_fab:alt_sld_fab|alt_sld_fab_alt_sld_fab_sldfabric:sldfabric|sld_jtag_hub:\jtag_hub_gen:real_sld_jtag_hub|node_ena~14                                                                                                                                                                                                                                                                 ; LCCOMB_X19_Y18_N22 ; 3       ; Clock enable               ; no     ; --                   ; --               ; --                        ;
; sld_hub:auto_hub|alt_sld_fab_with_jtag_input:\instrumentation_fabric_with_node_gen:fabric_gen_new_way:with_jtag_input_gen:instrumentation_fabric|alt_sld_fab:instrumentation_fabric|alt_sld_fab_alt_sld_fab:alt_sld_fab|alt_sld_fab_alt_sld_fab_sldfabric:sldfabric|sld_jtag_hub:\jtag_hub_gen:real_sld_jtag_hub|reset_ena_reg_proc~0                                                                                                                                                                                                                                                        ; LCCOMB_X19_Y18_N4  ; 5       ; Clock enable               ; no     ; --                   ; --               ; --                        ;
; sld_hub:auto_hub|alt_sld_fab_with_jtag_input:\instrumentation_fabric_with_node_gen:fabric_gen_new_way:with_jtag_input_gen:instrumentation_fabric|alt_sld_fab:instrumentation_fabric|alt_sld_fab_alt_sld_fab:alt_sld_fab|alt_sld_fab_alt_sld_fab_sldfabric:sldfabric|sld_jtag_hub:\jtag_hub_gen:real_sld_jtag_hub|shadow_irf_reg[2][0]~18                                                                                                                                                                                                                                                     ; LCCOMB_X19_Y19_N14 ; 2       ; Clock enable               ; no     ; --                   ; --               ; --                        ;
; sld_hub:auto_hub|alt_sld_fab_with_jtag_input:\instrumentation_fabric_with_node_gen:fabric_gen_new_way:with_jtag_input_gen:instrumentation_fabric|alt_sld_fab:instrumentation_fabric|alt_sld_fab_alt_sld_fab:alt_sld_fab|alt_sld_fab_alt_sld_fab_sldfabric:sldfabric|sld_jtag_hub:\jtag_hub_gen:real_sld_jtag_hub|shadow_irf_reg[3][0]~7                                                                                                                                                                                                                                                      ; LCCOMB_X19_Y19_N22 ; 10      ; Clock enable               ; no     ; --                   ; --               ; --                        ;
; sld_hub:auto_hub|alt_sld_fab_with_jtag_input:\instrumentation_fabric_with_node_gen:fabric_gen_new_way:with_jtag_input_gen:instrumentation_fabric|alt_sld_fab:instrumentation_fabric|alt_sld_fab_alt_sld_fab:alt_sld_fab|alt_sld_fab_alt_sld_fab_sldfabric:sldfabric|sld_jtag_hub:\jtag_hub_gen:real_sld_jtag_hub|sld_rom_sr:hub_info_reg|WORD_SR[1]~19                                                                                                                                                                                                                                       ; LCCOMB_X18_Y21_N26 ; 4       ; Clock enable               ; no     ; --                   ; --               ; --                        ;
; sld_hub:auto_hub|alt_sld_fab_with_jtag_input:\instrumentation_fabric_with_node_gen:fabric_gen_new_way:with_jtag_input_gen:instrumentation_fabric|alt_sld_fab:instrumentation_fabric|alt_sld_fab_alt_sld_fab:alt_sld_fab|alt_sld_fab_alt_sld_fab_sldfabric:sldfabric|sld_jtag_hub:\jtag_hub_gen:real_sld_jtag_hub|sld_rom_sr:hub_info_reg|word_counter[4]~20                                                                                                                                                                                                                                  ; LCCOMB_X17_Y21_N16 ; 6       ; Sync. clear                ; no     ; --                   ; --               ; --                        ;
; sld_hub:auto_hub|alt_sld_fab_with_jtag_input:\instrumentation_fabric_with_node_gen:fabric_gen_new_way:with_jtag_input_gen:instrumentation_fabric|alt_sld_fab:instrumentation_fabric|alt_sld_fab_alt_sld_fab:alt_sld_fab|alt_sld_fab_alt_sld_fab_sldfabric:sldfabric|sld_jtag_hub:\jtag_hub_gen:real_sld_jtag_hub|sld_rom_sr:hub_info_reg|word_counter[4]~23                                                                                                                                                                                                                                  ; LCCOMB_X17_Y21_N30 ; 6       ; Clock enable               ; no     ; --                   ; --               ; --                        ;
; sld_hub:auto_hub|alt_sld_fab_with_jtag_input:\instrumentation_fabric_with_node_gen:fabric_gen_new_way:with_jtag_input_gen:instrumentation_fabric|alt_sld_fab:instrumentation_fabric|alt_sld_fab_alt_sld_fab:alt_sld_fab|alt_sld_fab_alt_sld_fab_sldfabric:sldfabric|sld_jtag_hub:\jtag_hub_gen:real_sld_jtag_hub|sld_shadow_jsm:shadow_jsm|state[0]                                                                                                                                                                                                                                          ; FF_X19_Y18_N1      ; 15      ; Async. clear               ; no     ; --                   ; --               ; --                        ;
; sld_hub:auto_hub|alt_sld_fab_with_jtag_input:\instrumentation_fabric_with_node_gen:fabric_gen_new_way:with_jtag_input_gen:instrumentation_fabric|alt_sld_fab:instrumentation_fabric|alt_sld_fab_alt_sld_fab:alt_sld_fab|alt_sld_fab_alt_sld_fab_sldfabric:sldfabric|sld_jtag_hub:\jtag_hub_gen:real_sld_jtag_hub|sld_shadow_jsm:shadow_jsm|state[11]                                                                                                                                                                                                                                         ; FF_X20_Y17_N25     ; 12      ; Clock enable               ; no     ; --                   ; --               ; --                        ;
; sld_hub:auto_hub|alt_sld_fab_with_jtag_input:\instrumentation_fabric_with_node_gen:fabric_gen_new_way:with_jtag_input_gen:instrumentation_fabric|alt_sld_fab:instrumentation_fabric|alt_sld_fab_alt_sld_fab:alt_sld_fab|alt_sld_fab_alt_sld_fab_sldfabric:sldfabric|sld_jtag_hub:\jtag_hub_gen:real_sld_jtag_hub|sld_shadow_jsm:shadow_jsm|state[3]                                                                                                                                                                                                                                          ; FF_X20_Y17_N7      ; 58      ; Sync. load                 ; no     ; --                   ; --               ; --                        ;
; sld_hub:auto_hub|alt_sld_fab_with_jtag_input:\instrumentation_fabric_with_node_gen:fabric_gen_new_way:with_jtag_input_gen:instrumentation_fabric|alt_sld_fab:instrumentation_fabric|alt_sld_fab_alt_sld_fab:alt_sld_fab|alt_sld_fab_alt_sld_fab_sldfabric:sldfabric|sld_jtag_hub:\jtag_hub_gen:real_sld_jtag_hub|sld_shadow_jsm:shadow_jsm|state[4]                                                                                                                                                                                                                                          ; FF_X19_Y18_N27     ; 60      ; Sync. clear, Sync. load    ; no     ; --                   ; --               ; --                        ;
; sld_hub:auto_hub|alt_sld_fab_with_jtag_input:\instrumentation_fabric_with_node_gen:fabric_gen_new_way:with_jtag_input_gen:instrumentation_fabric|alt_sld_fab:instrumentation_fabric|alt_sld_fab_alt_sld_fab:alt_sld_fab|alt_sld_fab_alt_sld_fab_sldfabric:sldfabric|sld_jtag_hub:\jtag_hub_gen:real_sld_jtag_hub|virtual_ir_dr_scan_proc~0                                                                                                                                                                                                                                                   ; LCCOMB_X20_Y17_N20 ; 3       ; Clock enable               ; no     ; --                   ; --               ; --                        ;
; sld_hub:auto_hub|alt_sld_fab_with_jtag_input:\instrumentation_fabric_with_node_gen:fabric_gen_new_way:with_jtag_input_gen:instrumentation_fabric|alt_sld_fab:instrumentation_fabric|alt_sld_fab_alt_sld_fab:alt_sld_fab|alt_sld_fab_alt_sld_fab_sldfabric:sldfabric|sld_jtag_hub:\jtag_hub_gen:real_sld_jtag_hub|virtual_ir_scan_reg                                                                                                                                                                                                                                                         ; FF_X21_Y19_N1      ; 47      ; Async. clear               ; no     ; --                   ; --               ; --                        ;
; sld_hub:auto_hub|alt_sld_fab_with_jtag_input:\instrumentation_fabric_with_node_gen:fabric_gen_new_way:with_jtag_input_gen:instrumentation_fabric|alt_sld_fab:instrumentation_fabric|alt_sld_fab_alt_sld_fab:alt_sld_fab|sldfabric_ident_writedata[0]~0                                                                                                                                                                                                                                                                                                                                       ; LCCOMB_X19_Y19_N2  ; 4       ; Clock enable               ; no     ; --                   ; --               ; --                        ;
; sld_signaltap:auto_signaltap_0|sld_signaltap_impl:sld_signaltap_body|sld_signaltap_implb:sld_signaltap_body|altdpram:\stp_non_zero_ram_gen:attribute_mem_gen:attribute_mem|lpm_decode:wdecoder|decode_6vf:auto_generated|eq_node[0]~1                                                                                                                                                                                                                                                                                                                                                        ; LCCOMB_X21_Y26_N16 ; 15      ; Clock enable               ; no     ; --                   ; --               ; --                        ;
; sld_signaltap:auto_signaltap_0|sld_signaltap_impl:sld_signaltap_body|sld_signaltap_implb:sld_signaltap_body|altdpram:\stp_non_zero_ram_gen:attribute_mem_gen:attribute_mem|lpm_decode:wdecoder|decode_6vf:auto_generated|eq_node[1]~0                                                                                                                                                                                                                                                                                                                                                        ; LCCOMB_X21_Y26_N6  ; 15      ; Clock enable               ; no     ; --                   ; --               ; --                        ;
; sld_signaltap:auto_signaltap_0|sld_signaltap_impl:sld_signaltap_body|sld_signaltap_implb:sld_signaltap_body|buffer_write_enable_delayed                                                                                                                                                                                                                                                                                                                                                                                                                                                      ; FF_X21_Y26_N31     ; 4       ; Clock enable, Write enable ; no     ; --                   ; --               ; --                        ;
; sld_signaltap:auto_signaltap_0|sld_signaltap_impl:sld_signaltap_body|sld_signaltap_implb:sld_signaltap_body|collect_data                                                                                                                                                                                                                                                                                                                                                                                                                                                                     ; LCCOMB_X19_Y24_N20 ; 21      ; Clock enable               ; no     ; --                   ; --               ; --                        ;
; sld_signaltap:auto_signaltap_0|sld_signaltap_impl:sld_signaltap_body|sld_signaltap_implb:sld_signaltap_body|process_0~0                                                                                                                                                                                                                                                                                                                                                                                                                                                                      ; LCCOMB_X15_Y24_N20 ; 32      ; Sync. clear                ; no     ; --                   ; --               ; --                        ;
; sld_signaltap:auto_signaltap_0|sld_signaltap_impl:sld_signaltap_body|sld_signaltap_implb:sld_signaltap_body|process_0~1                                                                                                                                                                                                                                                                                                                                                                                                                                                                      ; LCCOMB_X15_Y24_N22 ; 32      ; Sync. load                 ; no     ; --                   ; --               ; --                        ;
; sld_signaltap:auto_signaltap_0|sld_signaltap_impl:sld_signaltap_body|sld_signaltap_implb:sld_signaltap_body|reset_all                                                                                                                                                                                                                                                                                                                                                                                                                                                                        ; FF_X18_Y22_N5      ; 139     ; Async. clear               ; yes    ; Global Clock         ; GCLK10           ; --                        ;
; sld_signaltap:auto_signaltap_0|sld_signaltap_impl:sld_signaltap_body|sld_signaltap_implb:sld_signaltap_body|serial_crc_16:\tdo_crc_gen:tdo_crc_calc|lfsr[0]~1                                                                                                                                                                                                                                                                                                                                                                                                                                ; LCCOMB_X15_Y24_N30 ; 13      ; Clock enable               ; no     ; --                   ; --               ; --                        ;
; sld_signaltap:auto_signaltap_0|sld_signaltap_impl:sld_signaltap_body|sld_signaltap_implb:sld_signaltap_body|sld_buffer_manager:sld_buffer_manager_inst|final_trigger_set~4                                                                                                                                                                                                                                                                                                                                                                                                                   ; LCCOMB_X19_Y24_N2  ; 16      ; Clock enable               ; no     ; --                   ; --               ; --                        ;
; sld_signaltap:auto_signaltap_0|sld_signaltap_impl:sld_signaltap_body|sld_signaltap_implb:sld_signaltap_body|sld_buffer_manager:sld_buffer_manager_inst|last_buffer_write_address_sig[0]~0                                                                                                                                                                                                                                                                                                                                                                                                    ; LCCOMB_X19_Y24_N12 ; 7       ; Clock enable               ; no     ; --                   ; --               ; --                        ;
; sld_signaltap:auto_signaltap_0|sld_signaltap_impl:sld_signaltap_body|sld_signaltap_implb:sld_signaltap_body|sld_offload_buffer_mgr:\stp_non_zero_depth_offload_gen:stp_offload_buff_mgr_inst|Equal2~0                                                                                                                                                                                                                                                                                                                                                                                        ; LCCOMB_X20_Y22_N30 ; 1       ; Clock enable               ; no     ; --                   ; --               ; --                        ;
; sld_signaltap:auto_signaltap_0|sld_signaltap_impl:sld_signaltap_body|sld_signaltap_implb:sld_signaltap_body|sld_offload_buffer_mgr:\stp_non_zero_depth_offload_gen:stp_offload_buff_mgr_inst|acq_buf_read_reset                                                                                                                                                                                                                                                                                                                                                                              ; LCCOMB_X18_Y24_N8  ; 7       ; Sync. load                 ; no     ; --                   ; --               ; --                        ;
; sld_signaltap:auto_signaltap_0|sld_signaltap_impl:sld_signaltap_body|sld_signaltap_implb:sld_signaltap_body|sld_offload_buffer_mgr:\stp_non_zero_depth_offload_gen:stp_offload_buff_mgr_inst|lpm_counter:\adv_point_3_and_more:advance_pointer_counter|cntr_4gi:auto_generated|counter_reg_bit[3]~0                                                                                                                                                                                                                                                                                          ; LCCOMB_X18_Y22_N28 ; 4       ; Sync. load                 ; no     ; --                   ; --               ; --                        ;
; sld_signaltap:auto_signaltap_0|sld_signaltap_impl:sld_signaltap_body|sld_signaltap_implb:sld_signaltap_body|sld_offload_buffer_mgr:\stp_non_zero_depth_offload_gen:stp_offload_buff_mgr_inst|lpm_counter:status_advance_pointer_counter|cntr_7gi:auto_generated|counter_reg_bit[3]~0                                                                                                                                                                                                                                                                                                         ; LCCOMB_X20_Y22_N28 ; 4       ; Sync. load                 ; no     ; --                   ; --               ; --                        ;
; sld_signaltap:auto_signaltap_0|sld_signaltap_impl:sld_signaltap_body|sld_signaltap_implb:sld_signaltap_body|sld_offload_buffer_mgr:\stp_non_zero_depth_offload_gen:stp_offload_buff_mgr_inst|lpm_counter:status_read_pointer_counter|cntr_r2j:auto_generated|counter_reg_bit[0]~0                                                                                                                                                                                                                                                                                                            ; LCCOMB_X19_Y22_N14 ; 1       ; Sync. load                 ; no     ; --                   ; --               ; --                        ;
; sld_signaltap:auto_signaltap_0|sld_signaltap_impl:sld_signaltap_body|sld_signaltap_implb:sld_signaltap_body|sld_offload_buffer_mgr:\stp_non_zero_depth_offload_gen:stp_offload_buff_mgr_inst|read_pointer_counter_clk_ena                                                                                                                                                                                                                                                                                                                                                                    ; LCCOMB_X18_Y22_N14 ; 7       ; Clock enable               ; no     ; --                   ; --               ; --                        ;
; sld_signaltap:auto_signaltap_0|sld_signaltap_impl:sld_signaltap_body|sld_signaltap_implb:sld_signaltap_body|sld_rom_sr:crc_rom_sr|WORD_SR[3]~8                                                                                                                                                                                                                                                                                                                                                                                                                                               ; LCCOMB_X18_Y21_N2  ; 4       ; Sync. clear                ; no     ; --                   ; --               ; --                        ;
; sld_signaltap:auto_signaltap_0|sld_signaltap_impl:sld_signaltap_body|sld_signaltap_implb:sld_signaltap_body|sld_rom_sr:crc_rom_sr|WORD_SR[3]~9                                                                                                                                                                                                                                                                                                                                                                                                                                               ; LCCOMB_X18_Y21_N4  ; 4       ; Clock enable               ; no     ; --                   ; --               ; --                        ;
; sld_signaltap:auto_signaltap_0|sld_signaltap_impl:sld_signaltap_body|sld_signaltap_implb:sld_signaltap_body|sld_rom_sr:crc_rom_sr|word_counter[0]~5                                                                                                                                                                                                                                                                                                                                                                                                                                          ; LCCOMB_X18_Y21_N18 ; 4       ; Clock enable               ; no     ; --                   ; --               ; --                        ;
; sld_signaltap:auto_signaltap_0|sld_signaltap_impl:sld_signaltap_body|sld_signaltap_implb:sld_signaltap_body|status_shift_enable~1                                                                                                                                                                                                                                                                                                                                                                                                                                                            ; LCCOMB_X17_Y20_N26 ; 17      ; Clock enable               ; no     ; --                   ; --               ; --                        ;
; sld_signaltap:auto_signaltap_0|sld_signaltap_impl:sld_signaltap_body|sld_signaltap_implb:sld_signaltap_body|tdo_crc_len_reg[9]~34                                                                                                                                                                                                                                                                                                                                                                                                                                                            ; LCCOMB_X15_Y24_N12 ; 32      ; Clock enable               ; no     ; --                   ; --               ; --                        ;
; sld_signaltap:auto_signaltap_0|sld_signaltap_impl:sld_signaltap_body|sld_signaltap_implb:sld_signaltap_body|tdo_crc_val_shift_reg[0]~1                                                                                                                                                                                                                                                                                                                                                                                                                                                       ; LCCOMB_X15_Y25_N20 ; 16      ; Clock enable               ; no     ; --                   ; --               ; --                        ;
; sld_signaltap:auto_signaltap_0|sld_signaltap_impl:sld_signaltap_body|sld_signaltap_implb:sld_signaltap_body|trigger_setup_ena                                                                                                                                                                                                                                                                                                                                                                                                                                                                ; LCCOMB_X15_Y24_N14 ; 57      ; Clock enable               ; no     ; --                   ; --               ; --                        ;
+----------------------------------------------------------------------------------------------------------------------------------------------------------------------------------------------------------------------------------------------------------------------------------------------------------------------------------------------------------------------------------------------------------------------------------------------------------------------------------------------------------------------------------------------------------------------------------------------+--------------------+---------+----------------------------+--------+----------------------+------------------+---------------------------+


+------------------------------------------------------------------------------------------------------------------------------------------------------------------------------------------------------------------------------------------------------------------------------------------------------------------------------------------------------------------------------------------------------------------------------------------------------------------------------------------------------------------------------------------------------------------------+
; Global & Other Fast Signals                                                                                                                                                                                                                                                                                                                                                                                                                                                                                                                                            ;
+--------------------------------------------------------------------------------------------------------------------------------------------------------------------------------------------------------------------------------------------------------------------------------------------------------------------------------------------------------------------------------------------------------------------------------+----------------+---------+--------------------------------------+----------------------+------------------+---------------------------+
; Name                                                                                                                                                                                                                                                                                                                                                                                                                           ; Location       ; Fan-Out ; Fan-Out Using Intentional Clock Skew ; Global Resource Used ; Global Line Name ; Enable Signal Source Name ;
+--------------------------------------------------------------------------------------------------------------------------------------------------------------------------------------------------------------------------------------------------------------------------------------------------------------------------------------------------------------------------------------------------------------------------------+----------------+---------+--------------------------------------+----------------------+------------------+---------------------------+
; CLOCK_50                                                                                                                                                                                                                                                                                                                                                                                                                       ; PIN_E1         ; 1510    ; 0                                    ; Global Clock         ; GCLK2            ; --                        ;
; My_First_NIOS_II_Platform_Designer:u0|My_First_NIOS_II_Platform_Designer_HelloNios:hellonios|My_First_NIOS_II_Platform_Designer_HelloNios_cpu:cpu|My_First_NIOS_II_Platform_Designer_HelloNios_cpu_nios2_oci:the_My_First_NIOS_II_Platform_Designer_HelloNios_cpu_nios2_oci|My_First_NIOS_II_Platform_Designer_HelloNios_cpu_nios2_oci_debug:the_My_First_NIOS_II_Platform_Designer_HelloNios_cpu_nios2_oci_debug|resetrequest ; FF_X30_Y13_N27 ; 3       ; 0                                    ; Global Clock         ; GCLK19           ; --                        ;
; My_First_NIOS_II_Platform_Designer:u0|altera_reset_controller:rst_controller|r_sync_rst                                                                                                                                                                                                                                                                                                                                        ; FF_X24_Y19_N1  ; 1069    ; 0                                    ; Global Clock         ; GCLK6            ; --                        ;
; altera_internal_jtag~TCKUTAP                                                                                                                                                                                                                                                                                                                                                                                                   ; JTAG_X1_Y17_N0 ; 418     ; 0                                    ; Global Clock         ; GCLK1            ; --                        ;
; sld_signaltap:auto_signaltap_0|sld_signaltap_impl:sld_signaltap_body|sld_signaltap_implb:sld_signaltap_body|reset_all                                                                                                                                                                                                                                                                                                          ; FF_X18_Y22_N5  ; 139     ; 0                                    ; Global Clock         ; GCLK10           ; --                        ;
+--------------------------------------------------------------------------------------------------------------------------------------------------------------------------------------------------------------------------------------------------------------------------------------------------------------------------------------------------------------------------------------------------------------------------------+----------------+---------+--------------------------------------+----------------------+------------------+---------------------------+


+----------------------------------------------------------------------------------------------------------------------------------------------------------------------------------------------------------------------------------------------------------------------------------------------------------------------------------------------------------------------------------------------------------------------------------------------------------------------------------------------------------------------------------------------------------------------------------------------------------------------------------------------------------------------------------------------------------------------------------------------------------------------------------------------------------------------------------------------------------------------------------------------------------------------------------------------------------------------------------------------------------------------------------------------------------------------------------------------------------------------------------------------------------------------------------------------------------------------------------------------------------------------------------------------------------------------------------------------------------------+
; Fitter RAM Summary                                                                                                                                                                                                                                                                                                                                                                                                                                                                                                                                                                                                                                                                                                                                                                                                                                                                                                                                                                                                                                                                                                                                                                                                                                                                                                                                             ;
+----------------------------------------------------------------------------------------------------------------------------------------------------------------------------------------------------------------------------------------------------------------------------------------------------------------------------------------------------------------------------------------------------------------------------------------------------------------------------------------------------------------------------------------------------------------------------------------------------------------------+------+------------------+--------------+--------------+--------------+--------------+--------------+------------------------+-------------------------+------------------------+-------------------------+-------+-----------------------------+-----------------------------+-----------------------------+-----------------------------+---------------------+------+-------------------------------------------------------------------------------------------------------------------------------------------------------------------+----------------------------------------------------------------+----------------------+------------------------+------------------------+----------+------------------------+---------------+
; Name                                                                                                                                                                                                                                                                                                                                                                                                                                                                                                                                                                                                                 ; Type ; Mode             ; Clock Mode   ; Port A Depth ; Port A Width ; Port B Depth ; Port B Width ; Port A Input Registers ; Port A Output Registers ; Port B Input Registers ; Port B Output Registers ; Size  ; Implementation Port A Depth ; Implementation Port A Width ; Implementation Port B Depth ; Implementation Port B Width ; Implementation Bits ; M9Ks ; MIF                                                                                                                                                               ; Location                                                       ; Mixed Width RDW Mode ; Port A RDW Mode        ; Port B RDW Mode        ; ECC Mode ; ECC Pipeline Registers ; Fits in MLABs ;
+----------------------------------------------------------------------------------------------------------------------------------------------------------------------------------------------------------------------------------------------------------------------------------------------------------------------------------------------------------------------------------------------------------------------------------------------------------------------------------------------------------------------------------------------------------------------------------------------------------------------+------+------------------+--------------+--------------+--------------+--------------+--------------+------------------------+-------------------------+------------------------+-------------------------+-------+-----------------------------+-----------------------------+-----------------------------+-----------------------------+---------------------+------+-------------------------------------------------------------------------------------------------------------------------------------------------------------------+----------------------------------------------------------------+----------------------+------------------------+------------------------+----------+------------------------+---------------+
; My_First_NIOS_II_Platform_Designer:u0|My_First_NIOS_II_Platform_Designer_DEBUG:debug|My_First_NIOS_II_Platform_Designer_DEBUG_scfifo_r:the_My_First_NIOS_II_Platform_Designer_DEBUG_scfifo_r|scfifo:rfifo|scfifo_cr21:auto_generated|a_dpfifo_e011:dpfifo|altsyncram_gio1:FIFOram|ALTSYNCRAM                                                                                                                                                                                                                                                                                                                         ; AUTO ; Simple Dual Port ; Single Clock ; 64           ; 8            ; 64           ; 8            ; yes                    ; no                      ; yes                    ; no                      ; 512   ; 64                          ; 8                           ; 64                          ; 8                           ; 512                 ; 1    ; None                                                                                                                                                              ; M9K_X22_Y20_N0                                                 ; Don't care           ; New data with NBE Read ; New data with NBE Read ; Off      ; No                     ; No - Unknown  ;
; My_First_NIOS_II_Platform_Designer:u0|My_First_NIOS_II_Platform_Designer_DEBUG:debug|My_First_NIOS_II_Platform_Designer_DEBUG_scfifo_w:the_My_First_NIOS_II_Platform_Designer_DEBUG_scfifo_w|scfifo:wfifo|scfifo_cr21:auto_generated|a_dpfifo_e011:dpfifo|altsyncram_gio1:FIFOram|ALTSYNCRAM                                                                                                                                                                                                                                                                                                                         ; AUTO ; Simple Dual Port ; Single Clock ; 64           ; 8            ; 64           ; 8            ; yes                    ; no                      ; yes                    ; yes                     ; 512   ; 64                          ; 8                           ; 64                          ; 8                           ; 512                 ; 1    ; None                                                                                                                                                              ; M9K_X33_Y16_N0                                                 ; Don't care           ; New data with NBE Read ; New data with NBE Read ; Off      ; No                     ; No - Unknown  ;
; My_First_NIOS_II_Platform_Designer:u0|My_First_NIOS_II_Platform_Designer_HelloNios:hellonios|My_First_NIOS_II_Platform_Designer_HelloNios_cpu:cpu|My_First_NIOS_II_Platform_Designer_HelloNios_cpu_nios2_oci:the_My_First_NIOS_II_Platform_Designer_HelloNios_cpu_nios2_oci|My_First_NIOS_II_Platform_Designer_HelloNios_cpu_nios2_ocimem:the_My_First_NIOS_II_Platform_Designer_HelloNios_cpu_nios2_ocimem|My_First_NIOS_II_Platform_Designer_HelloNios_cpu_ociram_sp_ram_module:My_First_NIOS_II_Platform_Designer_HelloNios_cpu_ociram_sp_ram|altsyncram:the_altsyncram|altsyncram_3c71:auto_generated|ALTSYNCRAM ; AUTO ; Single Port      ; Single Clock ; 256          ; 32           ; --           ; --           ; yes                    ; no                      ; --                     ; --                      ; 8192  ; 256                         ; 32                          ; --                          ; --                          ; 8192                ; 1    ; None                                                                                                                                                              ; M9K_X33_Y14_N0                                                 ; Don't care           ; New data with NBE Read ; New data with NBE Read ; Off      ; No                     ; No - Unknown  ;
; My_First_NIOS_II_Platform_Designer:u0|My_First_NIOS_II_Platform_Designer_HelloNios:hellonios|My_First_NIOS_II_Platform_Designer_HelloNios_cpu:cpu|My_First_NIOS_II_Platform_Designer_HelloNios_cpu_register_bank_a_module:My_First_NIOS_II_Platform_Designer_HelloNios_cpu_register_bank_a|altsyncram:the_altsyncram|altsyncram_vlc1:auto_generated|ALTSYNCRAM                                                                                                                                                                                                                                                       ; AUTO ; Simple Dual Port ; Single Clock ; 32           ; 32           ; 32           ; 32           ; yes                    ; no                      ; yes                    ; no                      ; 1024  ; 32                          ; 32                          ; 32                          ; 32                          ; 1024                ; 1    ; None                                                                                                                                                              ; M9K_X33_Y26_N0                                                 ; Don't care           ; New data with NBE Read ; New data with NBE Read ; Off      ; No                     ; No - Unknown  ;
; My_First_NIOS_II_Platform_Designer:u0|My_First_NIOS_II_Platform_Designer_HelloNios:hellonios|My_First_NIOS_II_Platform_Designer_HelloNios_cpu:cpu|My_First_NIOS_II_Platform_Designer_HelloNios_cpu_register_bank_b_module:My_First_NIOS_II_Platform_Designer_HelloNios_cpu_register_bank_b|altsyncram:the_altsyncram|altsyncram_vlc1:auto_generated|ALTSYNCRAM                                                                                                                                                                                                                                                       ; AUTO ; Simple Dual Port ; Single Clock ; 32           ; 32           ; 32           ; 32           ; yes                    ; no                      ; yes                    ; no                      ; 1024  ; 32                          ; 32                          ; 32                          ; 32                          ; 1024                ; 1    ; None                                                                                                                                                              ; M9K_X33_Y25_N0                                                 ; Don't care           ; New data with NBE Read ; New data with NBE Read ; Off      ; No                     ; No - Unknown  ;
; My_First_NIOS_II_Platform_Designer:u0|My_First_NIOS_II_Platform_Designer_SRAM:sram|altsyncram:the_altsyncram|altsyncram_g4u1:auto_generated|ALTSYNCRAM                                                                                                                                                                                                                                                                                                                                                                                                                                                               ; AUTO ; Single Port      ; Single Clock ; 1024         ; 32           ; --           ; --           ; yes                    ; no                      ; --                     ; --                      ; 32768 ; 1024                        ; 32                          ; --                          ; --                          ; 32768               ; 4    ; C:/Users/guan-ming.dennis-won/Documents/Code/Workspace/Workspace/Cyclone_10_LP/NIOS_II/software/HelloNios_II/mem_init/My_First_NIOS_II_Platform_Designer_SRAM.hex ; M9K_X33_Y20_N0, M9K_X33_Y17_N0, M9K_X33_Y19_N0, M9K_X33_Y18_N0 ; Don't care           ; New data with NBE Read ; New data with NBE Read ; Off      ; No                     ; No - Unknown  ;
; sld_signaltap:auto_signaltap_0|sld_signaltap_impl:sld_signaltap_body|sld_signaltap_implb:sld_signaltap_body|altsyncram:\stp_non_zero_ram_gen:stp_buffer_ram|altsyncram_l424:auto_generated|ALTSYNCRAM                                                                                                                                                                                                                                                                                                                                                                                                                ; AUTO ; Simple Dual Port ; Dual Clocks  ; 128          ; 12           ; 128          ; 12           ; yes                    ; no                      ; yes                    ; no                      ; 1536  ; 128                         ; 12                          ; 128                         ; 12                          ; 1536                ; 1    ; None                                                                                                                                                              ; M9K_X22_Y24_N0                                                 ; Don't care           ; New data with NBE Read ; New data with NBE Read ; Off      ; No                     ; No - Unknown  ;
+----------------------------------------------------------------------------------------------------------------------------------------------------------------------------------------------------------------------------------------------------------------------------------------------------------------------------------------------------------------------------------------------------------------------------------------------------------------------------------------------------------------------------------------------------------------------------------------------------------------------+------+------------------+--------------+--------------+--------------+--------------+--------------+------------------------+-------------------------+------------------------+-------------------------+-------+-----------------------------+-----------------------------+-----------------------------+-----------------------------+---------------------+------+-------------------------------------------------------------------------------------------------------------------------------------------------------------------+----------------------------------------------------------------+----------------------+------------------------+------------------------+----------+------------------------+---------------+
Note: Fitter may spread logical memories into multiple blocks to improve timing. The actual required RAM blocks can be found in the Fitter Resource Usage section.


RAM content values are presented in the following format: (Binary) (Octal) (Decimal) (Hexadecimal) 
+------------------------------------------------------------------------------------------------------------------------------------------------------------------------------------------------------------------------------------------------------------------+
; |My_First_NIOS_II|My_First_NIOS_II_Platform_Designer:u0|My_First_NIOS_II_Platform_Designer_SRAM:sram|altsyncram:the_altsyncram|altsyncram_g4u1:auto_generated|ALTSYNCRAM                                                                                         ;
+------------------------------------------------------------------------------------------------------------------------------------------------------------------------------------------------------------------------------------------------------------------+
;   Addr   ;              +0              ;              +1              ;              +2              ;              +3              ;              +4              ;              +5              ;              +6              ;              +7              ;
+----------+------------------------------+------------------------------+------------------------------+------------------------------+------------------------------+------------------------------+------------------------------+------------------------------+
;0;(00000000010000000000000000110100) (20000064) (4194356) (400034)    ;(00001000010001000000100000010100) (1021004024) (138676244) (8440814)   ;(00001000000000000110100000111010) (1000064072) (134244410) (800683A)   ;(00000000000000000000000000000000) (0) (0) (00)   ;(00000000000000000000000000000000) (0) (0) (00)   ;(00000000000000000000000000000000) (0) (0) (00)   ;(00000000000000000000000000000000) (0) (0) (00)   ;(00000000000000000000000000000000) (0) (0) (00)   ;
;8;(00000110110000000000000000110100) (660000064) (113246260) (6C00034)    ;(11011110110010000000000000010100) (179189542) (-557318124) (-2-1-3-7-15-15-14-12)   ;(00000110100000000000000000110100) (640000064) (109051956) (6800034)   ;(11010110101001100000100100010100) (-831406058) (-693761772) (-2-9-5-9-15-6-14-12)   ;(00000000100000000000000000110100) (40000064) (8388660) (800034)   ;(00010000100001100000101100010100) (2041405424) (277220116) (10860B14)   ;(00000000110000000000000000110100) (60000064) (12582964) (C00034)   ;(00011000110001100000111100010100) (-1233559872) (415633172) (18C60F14)   ;
;16;(00010000110000000000001100100110) (2060001446) (281019174) (10C00326)    ;(00010000000000000000000000010101) (2000000025) (268435477) (10000015)   ;(00010000100000000000000100000100) (2040000404) (276824324) (10800104)   ;(00010000111111111111110100110110) (2077776466) (285211958) (10FFFD36)   ;(00000000000000010011000000000000) (230000) (77824) (13000)   ;(00000000000000010011111000000000) (237000) (81408) (13E00)   ;(00000000001111111111111100000110) (17777406) (4194054) (3FFF06)   ;(11011110111111111111110100000100) (194965922) (-553648892) (-2-1000-2-15-12)   ;
;24;(11011100000000000000000000010101) (-82810457) (-603979755) (-2-3-15-15-15-15-14-11)    ;(00000100000011000010000000000100) (403020004) (67903492) (40C2004)   ;(11011111110000000000001000010101) (277190543) (-541064683) (-20-3-15-15-13-14-11)   ;(11011100010000000000000100010101) (-62810057) (-599785195) (-2-3-11-15-15-14-14-11)   ;(10000000100000000000000000110111) (-1295326767) (-2139094985) (-7-15-7-15-15-15-12-9)   ;(00000000000000010001001011000000) (211300) (70336) (112C0)   ;(10000000100000000000000000110111) (-1295326767) (-2139094985) (-7-15-7-15-15-15-12-9)   ;(00000000001000011000100000111010) (10304072) (2197562) (21883A)   ;
;32;(00000100010011000010010000000100) (423022004) (72098820) (44C2404)    ;(10001100000000000000000000110101) (64673231) (-1946157003) (-7-3-15-15-15-15-12-11)   ;(00000001000000000000000000110100) (100000064) (16777268) (1000034)   ;(00100001000001011111110000000100) (-193591292) (554040324) (2105FC04)   ;(00000000000000010100000011000000) (240300) (82112) (140C0)   ;(00000001000000001111101000000100) (100175004) (16841220) (100FA04)   ;(10000100000000000000000001000100) (-935326730) (-2080374716) (-7-11-15-15-15-15-11-12)   ;(00000000000000010001000011000000) (210300) (69824) (110C0)   ;
;40;(00000000001111111111100000000110) (17774006) (4192262) (3FF806)    ;(11010000101000000000001000010111) (-1432809455) (-794820073) (-2-15-5-15-15-13-14-9)   ;(00000000110011000010010000000100) (63022004) (13378564) (CC2404)   ;(00010000000001010000000000111010) (2001200072) (268763194) (1005003A)   ;(11010000101000000000001000010101) (-1432809457) (-794820075) (-2-15-5-15-15-13-14-11)   ;(00011000100000000000000000110101) (-1254967231) (411041845) (18800035)   ;(00000000100011000001100000000100) (43014004) (9181188) (8C1804)   ;(00010000000000000000000000110101) (2000000065) (268435509) (10000035)   ;
;48;(11010000101000000000001000010111) (-1432809455) (-794820073) (-2-15-5-15-15-13-14-9)    ;(00010000000000000000001100011110) (2000001436) (268436254) (1000031E)   ;(00000001000000000000000000110100) (100000064) (16777268) (1000034)   ;(00100001000001100000000000000100) (-193567292) (554041348) (21060004)   ;(00000000000000010100000011000001) (240301) (82113) (140C1)   ;(11111000000000000010100000111010) (-777753706) (-134207430) (-7-15-15-13-7-12-6)   ;(11011110111111111111110000000100) (194965522) (-553649148) (-2-1000-3-15-12)   ;(11011001100000000000000100010101) (-342810057) (-645922539) (-2-6-7-15-15-14-14-11)   ;
;56;(11011001010000000000000000010101) (-362810457) (-650117099) (-2-6-11-15-15-15-14-11)    ;(00100000000011111000100000111010) (-291263224) (537888826) (200F883A)   ;(11011000000000000000001000010101) (-482809457) (-671088107) (-2-7-15-15-15-13-14-11)   ;(00000001100000000000000100000100) (140000404) (25166084) (1800104)   ;(00000000000010111000100000111010) (2704072) (755770) (B883A)   ;(00000001000011000001000000000100) (103010004) (17567748) (10C1004)   ;(11011111110000000000001100010101) (277190943) (-541064427) (-20-3-15-15-12-14-11)   ;(00000000000000010100101000000000) (245000) (84480) (14A00)   ;
;64;(11011111110000000000001100010111) (277190945) (-541064425) (-20-3-15-15-12-14-9)    ;(11011110110000000000010000000100) (177191522) (-557841404) (-2-1-3-15-15-11-15-12)   ;(11111000000000000010100000111010) (-777753706) (-134207430) (-7-15-15-13-7-12-6)   ;(11011110111111111111111100000100) (194966922) (-553648380) (-2-10000-15-12)   ;(00000001010000001111101000000100) (120175004) (21035524) (140FA04)   ;(11011111110000000000000000010101) (277189543) (-541065195) (-20-3-15-15-15-14-11)   ;(00000000000000010010101100000000) (225400) (76544) (12B00)   ;(00010000000010011000100000111010) (2002304072) (269060154) (1009883A)   ;
;72;(11011111110000000000000000010111) (277189545) (-541065193) (-20-3-15-15-15-14-9)    ;(11011110110000000000000100000100) (177189922) (-557842172) (-2-1-3-15-15-14-15-12)   ;(00000000000000010100010001000001) (242101) (83009) (14441)   ;(11011110111111111111010000000100) (194961522) (-553651196) (-2-1000-11-15-12)   ;(11011100110000000000101000010101) (-22805457) (-591394283) (-2-3-3-15-15-5-14-11)   ;(11011100000000000000011100010101) (-82807057) (-603977963) (-2-3-15-15-15-8-14-11)   ;(11011100110000000000010100000100) (-22808078) (-591395580) (-2-3-3-15-15-10-15-12)   ;(00000100000000000000000100000100) (400000404) (67109124) (4000104)   ;
;80;(00000001010000000000000000110100) (120000064) (20971572) (1400034)    ;(10000000000011011000100000111010) (-1332022762) (-2146596806) (-7-15-15-2-7-7-12-6)   ;(10011000000010011000100000111010) (1666977238) (-1744205766) (-6-7-15-6-7-7-12-6)   ;(00101001010001100000011000000100) (826435708) (692454916) (29460604)   ;(11011111110000000000101100010101) (277194943) (-541062379) (-20-3-15-15-4-14-11)   ;(11011100010000000000100000010101) (-62806457) (-599783403) (-2-3-11-15-15-7-14-11)   ;(11011100100000000000100100010101) (-42806057) (-595588843) (-2-3-7-15-15-6-14-11)   ;(11011000000000000000011000010101) (-482807457) (-671087083) (-2-7-15-15-15-9-14-11)   ;
;88;(00000000000000010010110110000000) (226600) (77184) (12D80)    ;(00000001010000000000000000110100) (120000064) (20971572) (1400034)   ;(10000000000011011000100000111010) (-1332022762) (-2146596806) (-7-15-15-2-7-7-12-6)   ;(11011001000000000000010000000100) (-382808478) (-654310396) (-2-6-15-15-15-11-15-12)   ;(00101001010001100000011100000100) (826436108) (692455172) (29460704)   ;(00000000000000010010110110000000) (226600) (77184) (12D80)   ;(00000001010000000000000000110100) (120000064) (20971572) (1400034)   ;(10000000000011011000100000111010) (-1332022762) (-2146596806) (-7-15-15-2-7-7-12-6)   ;
;96;(00101001010001100000100000000100) (826436708) (692455428) (29460804)    ;(11011001000000000000001100000100) (-382809078) (-654310652) (-2-6-15-15-15-12-15-12)   ;(00000000000000010010110110000000) (226600) (77184) (12D80)   ;(00000100010011000010000000000100) (423020004) (72097796) (44C2004)   ;(10001000000000000000000000110101) (-335326769) (-2013265867) (-7-7-15-15-15-15-12-11)   ;(00000001000001001110001000000100) (101161004) (17097220) (104E204)   ;(00000000000000010100010001000000) (242100) (83008) (14440)   ;(00000000100000000000000001000100) (40000104) (8388676) (800044)   ;
;104;(10001000100000000000000000110101) (-295326769) (-2004877259) (-7-7-7-15-15-15-12-11)    ;(00000001000100111000100000000100) (104704004) (18057220) (1138804)   ;(00000000000000010100010001000000) (242100) (83008) (14440)   ;(00000100010011000001000000000100) (423010004) (72093700) (44C1004)   ;(11011001110000000000011000000100) (-322807478) (-641726972) (-2-6-3-15-15-9-15-12)   ;(10000000000011011000100000111010) (-1332022762) (-2146596806) (-7-15-15-2-7-7-12-6)   ;(00000000000010111000100000111010) (2704072) (755770) (B883A)   ;(10001000000010011000100000111010) (-333022762) (-2012641222) (-7-7-15-6-7-7-12-6)   ;
;112;(11011000000000000000001000010101) (-482809457) (-671088107) (-2-7-15-15-15-13-14-11)    ;(11011000000000000000000100010101) (-482810057) (-671088363) (-2-7-15-15-15-14-14-11)   ;(11011000000000000000000000010101) (-482810457) (-671088619) (-2-7-15-15-15-15-14-11)   ;(00000000000000010100101000000000) (245000) (84480) (14A00)   ;(00000100101100001101010000010100) (454152024) (78697492) (4B0D414)   ;(10010000000010011000100000111010) (666977238) (-1878423494) (-6-15-15-6-7-7-12-6)   ;(00000000000000010100010001000000) (242100) (83008) (14440)   ;(10001000000010011000100000111010) (-333022762) (-2012641222) (-7-7-15-6-7-7-12-6)   ;
;120;(11011000000000000000001000010101) (-482809457) (-671088107) (-2-7-15-15-15-13-14-11)    ;(11011100110000000000000100010101) (-22810057) (-591396587) (-2-3-3-15-15-14-14-11)   ;(11011100000000000000000000010101) (-82810457) (-603979755) (-2-3-15-15-15-15-14-11)   ;(00000000000011111000100000111010) (3704072) (1017914) (F883A)   ;(00000000000011011000100000111010) (3304072) (886842) (D883A)   ;(00000000000010111000100000111010) (2704072) (755770) (B883A)   ;(00000000000000010100101000000000) (245000) (84480) (14A00)   ;(11011001110000000000010000000100) (-322808478) (-641727484) (-2-6-3-15-15-11-15-12)   ;
;128;(10000000000011011000100000111010) (-1332022762) (-2146596806) (-7-15-15-2-7-7-12-6)    ;(00000000000010111000100000111010) (2704072) (755770) (B883A)   ;(10001000000010011000100000111010) (-333022762) (-2012641222) (-7-7-15-6-7-7-12-6)   ;(11011000000000000000001000010101) (-482809457) (-671088107) (-2-7-15-15-15-13-14-11)   ;(11011000000000000000000100010101) (-482810057) (-671088363) (-2-7-15-15-15-14-14-11)   ;(11011000000000000000000000010101) (-482810457) (-671088619) (-2-7-15-15-15-15-14-11)   ;(00000000000000010100101000000000) (245000) (84480) (14A00)   ;(10010000000010011000100000111010) (666977238) (-1878423494) (-6-15-15-6-7-7-12-6)   ;
;136;(00000000000000010100010001000000) (242100) (83008) (14440)    ;(11011000100000000000001100000100) (-442809078) (-662699260) (-2-7-7-15-15-12-15-12)   ;(10001000000010011000100000111010) (-333022762) (-2012641222) (-7-7-15-6-7-7-12-6)   ;(11011000000000000000001000010101) (-482809457) (-671088107) (-2-7-15-15-15-13-14-11)   ;(11011000100000000000000100010101) (-442810057) (-662699755) (-2-7-7-15-15-14-14-11)   ;(11011100000000000000000000010101) (-82810457) (-603979755) (-2-3-15-15-15-15-14-11)   ;(00000000000011111000100000111010) (3704072) (1017914) (F883A)   ;(00000000000011011000100000111010) (3304072) (886842) (D883A)   ;
;144;(00000000000010111000100000111010) (2704072) (755770) (B883A)    ;(00000000000000010100101000000000) (245000) (84480) (14A00)   ;(11011001110000000000010000000100) (-322808478) (-641727484) (-2-6-3-15-15-11-15-12)   ;(10000000000011011000100000111010) (-1332022762) (-2146596806) (-7-15-15-2-7-7-12-6)   ;(00000000000010111000100000111010) (2704072) (755770) (B883A)   ;(10001000000010011000100000111010) (-333022762) (-2012641222) (-7-7-15-6-7-7-12-6)   ;(11011000000000000000001000010101) (-482809457) (-671088107) (-2-7-15-15-15-13-14-11)   ;(11011000000000000000000100010101) (-482810057) (-671088363) (-2-7-15-15-15-14-14-11)   ;
;152;(11011000000000000000000000010101) (-482810457) (-671088619) (-2-7-15-15-15-15-14-11)    ;(00000000000000010100101000000000) (245000) (84480) (14A00)   ;(10010000000010011000100000111010) (666977238) (-1878423494) (-6-15-15-6-7-7-12-6)   ;(00000000000000010100010001000000) (242100) (83008) (14440)   ;(11011000100000000000001100000100) (-442809078) (-662699260) (-2-7-7-15-15-12-15-12)   ;(11011000000000000000001000010101) (-482809457) (-671088107) (-2-7-15-15-15-13-14-11)   ;(11011000100000000000000100010101) (-442810057) (-662699755) (-2-7-7-15-15-14-14-11)   ;(11011100000000000000000000010101) (-82810457) (-603979755) (-2-3-15-15-15-15-14-11)   ;
;160;(00000000000011111000100000111010) (3704072) (1017914) (F883A)    ;(00000000000011011000100000111010) (3304072) (886842) (D883A)   ;(00000000000010111000100000111010) (2704072) (755770) (B883A)   ;(10001000000010011000100000111010) (-333022762) (-2012641222) (-7-7-15-6-7-7-12-6)   ;(00000000000000010100101000000000) (245000) (84480) (14A00)   ;(11011111110000000000101100010111) (277194945) (-541062377) (-20-3-15-15-4-14-9)   ;(11011100110000000000101000010111) (-22805455) (-591394281) (-2-3-3-15-15-5-14-9)   ;(11011100100000000000100100010111) (-42806055) (-595588841) (-2-3-7-15-15-6-14-9)   ;
;168;(11011100010000000000100000010111) (-62806455) (-599783401) (-2-3-11-15-15-7-14-9)    ;(11011100000000000000011100010111) (-82807055) (-603977961) (-2-3-15-15-15-8-14-9)   ;(11011110110000000000110000000100) (177195522) (-557839356) (-2-1-3-15-15-3-15-12)   ;(11111000000000000010100000111010) (-777753706) (-134207430) (-7-15-15-13-7-12-6)   ;(00000000000001011000100000111010) (1304072) (362554) (5883A)   ;(00100000000000000000011100100110) (-294963850) (536872742) (20000726)   ;(00100000110000000000000001001100) (-234967182) (549453900) (20C0004C)   ;(00100000000010001101000001111010) (-292817124) (537448570) (2008D07A)   ;
;176;(00011000000000000000000100100110) (-1294966850) (402653478) (18000126)    ;(00010001010001011000100000111010) (2121304072) (289769530) (1145883A)   ;(00101001010010111000100000111010) (827736776) (692815930) (294B883A)   ;(00100000001111111111101000011110) (-277192260) (541063710) (203FFA1E)   ;(11111000000000000010100000111010) (-777753706) (-134207430) (-7-15-15-13-7-12-6)   ;(11111000000000000010100000111010) (-777753706) (-134207430) (-7-15-15-13-7-12-6)   ;(00100000000001011000100000111010) (-293663224) (537233466) (2005883A)   ;(00100000000001111000100000111010) (-293263224) (537364538) (2007883A)   ;
;184;(00100001100011011000100000111010) (-151663224) (562923578) (218D883A)    ;(00011001100000000000010100100110) (-1154964850) (427820326) (19800526)   ;(00101001000000000000000000000011) (805032707) (687865859) (29000003)   ;(00011000110000000000000001000100) (-1234967192) (415236164) (18C00044)   ;(00101001010000000000000001000100) (825032808) (692060228) (29400044)   ;(00011001001111111111111111000101) (-1177189591) (423624645) (193FFFC5)   ;(00000000001111111111101000000110) (17775006) (4192774) (3FFA06)   ;(11111000000000000010100000111010) (-777753706) (-134207430) (-7-15-15-13-7-12-6)   ;
;192;(11011110111111111111111100000100) (194966922) (-553648380) (-2-10000-15-12)    ;(00000001000000000000000000110100) (100000064) (16777268) (1000034)   ;(00000001010000000000000000110100) (120000064) (20971572) (1400034)   ;(11011111110000000000000000010101) (277189543) (-541065195) (-20-3-15-15-15-14-11)   ;(00100001000001100000100100000100) (-193562892) (554043652) (21060904)   ;(00101001010001100000101000000100) (826437708) (692455940) (29460A04)   ;(00100001010000000000011000011110) (-174964260) (557843998) (2140061E)   ;(00000001000000000000000000110100) (100000064) (16777268) (1000034)   ;
;200;(00000001010000000000000000110100) (120000064) (20971572) (1400034)    ;(00100001000001000000100000000100) (-193963292) (553912324) (21040804)   ;(00101001010001000000100000000100) (826036708) (692324356) (29440804)   ;(00100001010000000001001000011110) (-174956260) (557847070) (2140121E)   ;(00000000000000000000101100000110) (5406) (2822) (B06)   ;(00000000110000000000000000110100) (60000064) (12582964) (C00034)   ;(00011000110001100000101000000100) (-1233562292) (415631876) (18C60A04)   ;(00011001000001111100100000111010) (-1193223224) (419940410) (1907C83A)   ;
;208;(00000000000001011000100000111010) (1304072) (362554) (5883A)    ;(00010000111111111111010100100110) (2077772446) (285209894) (10FFF526)   ;(00010001010011111000100000111010) (2123704072) (290424890) (114F883A)   ;(00111001110000000000000000010111) (-1429934565) (968884247) (39C00017)   ;(00010001000011011000100000111010) (2103304072) (286099514) (110D883A)   ;(00010000100000000000000100000100) (2040000404) (276824324) (10800104)   ;(00110001110000000000000000010101) (1865032729) (834666517) (31C00015)   ;(00000000001111111111100100000110) (17774406) (4192518) (3FF906)   ;
;216;(00000001000000000000000000110100) (100000064) (16777268) (1000034)    ;(00000001010000000000000000110100) (120000064) (20971572) (1400034)   ;(00100001000001011111110000000100) (-193591292) (554040324) (2105FC04)   ;(00101001010001011111110000000100) (826408708) (692452356) (2945FC04)   ;(00100001010000000001000000011110) (-174957260) (557846558) (2140101E)   ;(00000000000000000000101100000110) (5406) (2822) (B06)   ;(00000000110000000000000000110100) (60000064) (12582964) (C00034)   ;(00011000110001000000100000000100) (-1233963292) (415500292) (18C40804)   ;
;224;(00011001000001111100100000111010) (-1193223224) (419940410) (1907C83A)    ;(00000000000001011000100000111010) (1304072) (362554) (5883A)   ;(00010000111111111111010100100110) (2077772446) (285209894) (10FFF526)   ;(00010001010011111000100000111010) (2123704072) (290424890) (114F883A)   ;(00111001110000000000000000010111) (-1429934565) (968884247) (39C00017)   ;(00010001000011011000100000111010) (2103304072) (286099514) (110D883A)   ;(00010000100000000000000100000100) (2040000404) (276824324) (10800104)   ;(00110001110000000000000000010101) (1865032729) (834666517) (31C00015)   ;
;232;(00000000001111111111100100000110) (17774406) (4192518) (3FF906)    ;(00000000000000010110000100000000) (260400) (90368) (16100)   ;(11011111110000000000000000010111) (277189545) (-541065193) (-20-3-15-15-15-14-9)   ;(11011110110000000000000100000100) (177189922) (-557842172) (-2-1-3-15-15-14-15-12)   ;(00000000000000010110000101000001) (260501) (90433) (16141)   ;(00000000110000000000000000110100) (60000064) (12582964) (C00034)   ;(00011000110001100000100100000100) (-1233562892) (415631620) (18C60904)   ;(00011001000001111100100000111010) (-1193223224) (419940410) (1907C83A)   ;
;240;(00000000000001011000100000111010) (1304072) (362554) (5883A)    ;(00011000101111111111011100100110) (-1237193850) (415233830) (18BFF726)   ;(00010001010011111000100000111010) (2123704072) (290424890) (114F883A)   ;(00111001110000000000000000010111) (-1429934565) (968884247) (39C00017)   ;(00010001000011011000100000111010) (2103304072) (286099514) (110D883A)   ;(00010000100000000000000100000100) (2040000404) (276824324) (10800104)   ;(00110001110000000000000000010101) (1865032729) (834666517) (31C00015)   ;(00000000001111111111100100000110) (17774406) (4192518) (3FF906)   ;
;248;(11011110111111111111111100000100) (194966922) (-553648380) (-2-10000-15-12)    ;(00000000000010011000100000111010) (2304072) (624698) (9883A)   ;(11011111110000000000000000010101) (277189543) (-541065195) (-20-3-15-15-15-14-11)   ;(00000000000000010100010010000000) (242200) (83072) (14480)   ;(00000000000000010100011010000000) (243200) (83584) (14680)   ;(11010001101000000000001100010111) (-1332809055) (-778042601) (-2-14-5-15-15-12-14-9)   ;(11010001011000000000010000010111) (-1352808455) (-782236649) (-2-14-9-15-15-11-14-9)   ;(11010001001000000000010100010111) (-1372808055) (-786430697) (-2-14-13-15-15-10-14-9)   ;
;256;(11011111110000000000000000010111) (277189545) (-541065193) (-20-3-15-15-15-14-9)    ;(11011110110000000000000100000100) (177189922) (-557842172) (-2-1-3-15-15-14-15-12)   ;(00000000000000010000010111000001) (202701) (67009) (105C1)   ;(11011110111111111111111000000100) (194966522) (-553648636) (-2-1000-1-15-12)   ;(11011100000000000000000000010101) (-82810457) (-603979755) (-2-3-15-15-15-15-14-11)   ;(11011111110000000000000100010101) (277189943) (-541064939) (-20-3-15-15-14-14-11)   ;(00100000001000011000100000111010) (-284663224) (539068474) (2021883A)   ;(00000000000000010110001000000000) (261000) (90624) (16200)   ;
;264;(00000001000000000000000000110100) (100000064) (16777268) (1000034)    ;(00000000000011111000100000111010) (3704072) (1017914) (F883A)   ;(00010000000011011000100000111010) (2003304072) (269322298) (100D883A)   ;(10000000000010111000100000111010) (-1332622762) (-2146727878) (-7-15-15-4-7-7-12-6)   ;(00100001000001100000100100000100) (-193562892) (554043652) (21060904)   ;(11011111110000000000000100010111) (277189945) (-541064937) (-20-3-15-15-14-14-9)   ;(11011100000000000000000000010111) (-82810455) (-603979753) (-2-3-15-15-15-15-14-9)   ;(11011110110000000000001000000100) (177190522) (-557841916) (-2-1-3-15-15-13-15-12)   ;
;272;(00000000000000010100011011000001) (243301) (83649) (146C1)    ;(00000000000000010101100010000001) (254201) (88193) (15881)   ;(11011110111111111111111100000100) (194966922) (-553648380) (-2-10000-15-12)   ;(11011111110000000000000000010101) (277189543) (-541065195) (-20-3-15-15-15-14-11)   ;(00000000000000010110000110000000) (260600) (90496) (16180)   ;(00000000100000000000000001000100) (40000104) (8388676) (800044)   ;(00010000000000010111000000111010) (2000270072) (268529722) (1001703A)   ;(11011111110000000000000000010111) (277189545) (-541065193) (-20-3-15-15-15-14-9)   ;
;280;(11011110110000000000000100000100) (177189922) (-557842172) (-2-1-3-15-15-14-15-12)    ;(11111000000000000010100000111010) (-777753706) (-134207430) (-7-15-15-13-7-12-6)   ;(11111000000000000010100000111010) (-777753706) (-134207430) (-7-15-15-13-7-12-6)   ;(00100001000000000000000000010111) (-194967269) (553648151) (21000017)   ;(00110000000001011000100000111010) (1706336776) (805668922) (3005883A)   ;(00101001100011011000100000111010) (848336776) (697141306) (298D883A)   ;(00100001110000000000000100000100) (-134966892) (566231300) (21C00104)   ;(00101001100000000000011100101110) (845036160) (696256302) (2980072E)   ;
;288;(00111000110000000000000000110111) (-1529934525) (952107063) (38C00037)    ;(00011000111111111111111111101100) (-1217189542) (419430380) (18FFFFEC)   ;(00011000001111111111110000100110) (-1277191250) (406846502) (183FFC26)   ;(00101000110000000000000000000111) (765032711) (683671559) (28C00007)   ;(00100000110000000000000000110101) (-234967231) (549453877) (20C00035)   ;(00101001010000000000000001000100) (825032808) (692060228) (29400044)   ;(00000000001111111111100000000110) (17774006) (4192262) (3FF806)   ;(11111000000000000010100000111010) (-777753706) (-134207430) (-7-15-15-13-7-12-6)   ;
;296;(11011000100000000000000000010111) (-442810455) (-662700009) (-2-7-7-15-15-15-14-9)    ;(11011010000000000000000100010111) (-282810055) (-637533929) (-2-5-15-15-15-14-14-9)   ;(00000000110000000000000001000100) (60000104) (12582980) (C00044)   ;(11011010010000000000001000010111) (-262809455) (-633339369) (-2-5-11-15-15-13-14-9)   ;(00011001010010101001100000111010) (-1172453224) (424319034) (194A983A)   ;(00111001100111011000100000111010) (-1442630520) (966625338) (399D883A)   ;(01000000100111111000100000111010) (-2099779576) (1084196922) (409F883A)   ;(00100001010000000000010100110101) (-174964831) (557843765) (21400535)   ;
;304;(01001000110000000000000010001100) (-1087483434) (1220542604) (48C0008C)    ;(00011000000000000000001000011110) (-1294966260) (402653726) (1800021E)   ;(00000000110000010000000000000100) (60200004) (12648452) (C10004)   ;(00100000110000000000001100110101) (-234965831) (549454645) (20C00335)   ;(00100000110000000000000000110111) (-234967229) (549453879) (20C00037)   ;(00000000110000000000000001000100) (60000104) (12582980) (C00044)   ;(00010000000101011000100000111010) (2005304072) (269846586) (1015883A)   ;(00100010110000000000001000000100) (-34966292) (583008772) (22C00204)   ;
;312;(00100011000000000000000100000100) (5033108) (587202820) (23000104)    ;(01011001010000000000000000110111) (972516419) (1497366583) (59400037)   ;(00101011010000000001000000001100) (1025042718) (725618700) (2B40100C)   ;(00101001010000000010000000001100) (825052718) (692068364) (2940200C)   ;(01101000000000000000000100100110) (-1442450498) (1744830758) (68000126)   ;(00011000000000000000001100011110) (-1294965860) (402653982) (1800031E)   ;(00101000001111111111101000100110) (722807750) (675281446) (283FFA26)   ;(01101000000000000000111000100110) (-1442443898) (1744834086) (68000E26)   ;
;320;(00000000000000000001111000000110) (17006) (7686) (1E06)    ;(00000000110000000000110000001110) (60006016) (12585998) (C00C0E)   ;(00011000111111111111111111000100) (-1217189592) (419430340) (18FFFFC4)   ;(00111011100000000000010100101110) (-1249932136) (998245678) (3B80052E)   ;(00111011010000000000000001000100) (-1269934488) (994050116) (3B400044)   ;(00111001110000000000000000000011) (-1429934589) (968884227) (39C00003)   ;(01100001110000000000000000110101) (2012516417) (1639972917) (61C00035)   ;(01101000000011111000100000111010) (-1438746872) (1745848378) (680F883A)   ;
;328;(00000000000000000000010100000110) (2406) (1286) (506)    ;(01010000000000000000001100100110) (-147482202) (1342178086) (50000326)   ;(01010010101111111111111111000100) (110294056) (1388314564) (52BFFFC4)   ;(01100000000000000000000000110101) (1852516417) (1610612789) (60000035)   ;(00000000000000000000000100000110) (406) (262) (106)   ;(00000000111111110000000000000100) (77600004) (16711684) (FF0004)   ;(00101000001111111110101000100110) (722797750) (675277350) (283FEA26)   ;(00100001010000000000000000110111) (-174967229) (557842487) (21400037)   ;
;336;(00110000000000000000001000100110) (1705033750) (805306918) (30000226)    ;(00110001101111111111111111000100) (1862810408) (834666436) (31BFFFC4)   ;(00000000000000000000001000000110) (1006) (518) (206)   ;(01000001010000000000000000000101) (-2027483643) (1094713349) (41400005)   ;(01000010000000000000000001000100) (-1947483544) (1107296324) (42000044)   ;(00011000110000000000000001000100) (-1234967192) (415236164) (18C00044)   ;(00110000001111111110001000011110) (1722793740) (809493022) (303FE21E)   ;(01000011111111111110000100011110) (-1769723212) (1140842782) (43FFE11E)   ;
;344;(01011000110000000000000000110111) (912516419) (1488977975) (58C00037)    ;(00011000110000000000100000001100) (-1234963282) (415238156) (18C0080C)   ;(00011000001111111111110100100110) (-1277190850) (406846758) (183FFD26)   ;(01001010010000000000000001001100) (-927483534) (1245708364) (4A40004C)   ;(01001000000000000000010000011110) (-1147481612) (1207960606) (4800041E)   ;(00100000000000000000001100110101) (-294965831) (536871733) (20000335)   ;(11111000000000000010100000111010) (-777753706) (-134207430) (-7-15-15-13-7-12-6)   ;(00000000111111111110111100001110) (77767416) (16772878) (FFEF0E)   ;
;352;(00000000001111111110000100000110) (17760406) (4186374) (3FE106)    ;(11111000000000000010100000111010) (-777753706) (-134207430) (-7-15-15-13-7-12-6)   ;(00000001010001100110011010110100) (121463264) (21391028) (14666B4)   ;(11011110111111111111111000000100) (194966522) (-553648636) (-2-1000-1-15-12)   ;(00101001011001100110011001000100) (836495808) (694576708) (29666644)   ;(11011100000000000000000000010101) (-82810457) (-603979755) (-2-3-15-15-15-15-14-11)   ;(11011111110000000000000100010101) (277189943) (-541064939) (-20-3-15-15-14-14-11)   ;(00100000001000011000100000111010) (-284663224) (539068474) (2021883A)   ;
;360;(00000000000000010111001101000000) (271500) (95040) (17340)    ;(00010000000000000001000000100110) (2000010046) (268439590) (10001026)   ;(00000001011000000000000000110100) (130000064) (23068724) (1600034)   ;(00000001001110011001100110110100) (116314664) (20552116) (13999B4)   ;(00000000000001111000100000111010) (1704072) (493626) (7883A)   ;(00101001011111111111111111000100) (842810408) (696254404) (297FFFC4)   ;(00100001000110011001100111000100) (-188652592) (555325892) (211999C4)   ;(00101001011111111111111111000100) (842810408) (696254404) (297FFFC4)   ;
;368;(00101000001111111111111000011110) (722809740) (675282462) (283FFE1E)    ;(00011000110000000000000001000100) (-1234967192) (415236164) (18C00044)   ;(10000001001000011000100000111010) (-1225022762) (-2128508870) (-7-14-13-14-7-7-12-6)   ;(00011000101111111111101100010110) (-1237191870) (415234838) (18BFFB16)   ;(00000001010000000000000101000100) (120000504) (20971844) (1400144)   ;(10000000000010011000100000111010) (-1333022762) (-2146858950) (-7-15-15-6-7-7-12-6)   ;(00000000000000010010101100000000) (225400) (76544) (12B00)   ;(00010000101111111111111111000100) (2057777704) (281018308) (10BFFFC4)   ;
;376;(00010000001111111111111000011110) (2017777036) (272629278) (103FFE1E)    ;(00000000000000000000010100000110) (2406) (1286) (506)   ;(00000001010000000000000101000100) (120000504) (20971844) (1400144)   ;(10000000000010011000100000111010) (-1333022762) (-2146858950) (-7-15-15-6-7-7-12-6)   ;(00000000000000010010101100000000) (225400) (76544) (12B00)   ;(00010000101111111111111111000100) (2057777704) (281018308) (10BFFFC4)   ;(00000000101111111111111000010110) (57777026) (12582422) (BFFE16)   ;(00000000000001011000100000111010) (1304072) (362554) (5883A)   ;
;384;(11011111110000000000000100010111) (277189945) (-541064937) (-20-3-15-15-14-14-9)    ;(11011100000000000000000000010111) (-82810455) (-603979753) (-2-3-15-15-15-15-14-9)   ;(11011110110000000000001000000100) (177190522) (-557841916) (-2-1-3-15-15-13-15-12)   ;(11111000000000000010100000111010) (-777753706) (-134207430) (-7-15-15-13-7-12-6)   ;(11111000000000000010100000111010) (-777753706) (-134207430) (-7-15-15-13-7-12-6)   ;(11111000000000000010100000111010) (-777753706) (-134207430) (-7-15-15-13-7-12-6)   ;(00000000000000010111000011111010) (270372) (94458) (170FA)   ;(11111000000000000010100000111010) (-777753706) (-134207430) (-7-15-15-13-7-12-6)   ;
;392;(00100000000001011000100000111010) (-293663224) (537233466) (2005883A)    ;(00010000110000000000000000000111) (2060000007) (281018375) (10C00007)   ;(00011000000000000000001000100110) (-1294966250) (402653734) (18000226)   ;(00010000100000000000000001000100) (2040000104) (276824132) (10800044)   ;(00000000001111111111110000000110) (17776006) (4193286) (3FFC06)   ;(00010001000001011100100000111010) (2101344072) (285591610) (1105C83A)   ;(11111000000000000010100000111010) (-777753706) (-134207430) (-7-15-15-13-7-12-6)   ;(00100000000000000001101100010110) (-294951870) (536877846) (20001B16)   ;
;400;(00000000000011111000100000111010) (3704072) (1017914) (F883A)    ;(00101000000000000001011000010110) (705045730) (671094294) (28001616)   ;(00100000000011011000100000111010) (-291663224) (537757754) (200D883A)   ;(00101001000000000001101000101110) (805047760) (687872558) (29001A2E)   ;(00000000100000000000100000000100) (40004004) (8390660) (800804)   ;(00000000110000000000000001000100) (60000104) (12582980) (C00044)   ;(00000000000000000000000100000110) (406) (262) (106)   ;(00010000000000000000110100100110) (2000006446) (268438822) (10000D26)   ;
;408;(00101001010010111000100000111010) (827736776) (692815930) (294B883A)    ;(00010000101111111111111111000100) (2057777704) (281018308) (10BFFFC4)   ;(00011000110001111000100000111010) (-1233263224) (415729722) (18C7883A)   ;(00101001001111111111101100110110) (822808170) (692058934) (293FFB36)   ;(00000000000001011000100000111010) (1304072) (362554) (5883A)   ;(00011000000000000000011100100110) (-1294963850) (402655014) (18000726)   ;(00000000000001011000100000111010) (1304072) (362554) (5883A)   ;(00110001010000000000001000110110) (1825033770) (826278454) (31400236)   ;
;416;(00110001010011011100100000111010) (1828376776) (827181114) (314DC83A)    ;(00010000110001001011000000111010) (2061130072) (281325626) (10C4B03A)   ;(00011000000001101101000001111010) (-1293417124) (403099770) (1806D07A)   ;(00101000000010101101000001111010) (707582876) (671797370) (280AD07A)   ;(00011000001111111111101000011110) (-1277192260) (406845982) (183FFA1E)   ;(00111000000000000000000100100110) (-1589934146) (939524390) (38000126)   ;(00000000100001011100100000111010) (41344072) (8767546) (85C83A)   ;(11111000000000000010100000111010) (-777753706) (-134207430) (-7-15-15-13-7-12-6)   ;
;424;(00000001010010111100100000111010) (122744072) (21743674) (14BC83A)    ;(00111001110000000000000001011100) (-1429934458) (968884316) (39C0005C)   ;(00000000001111111110011100000110) (17763406) (4187910) (3FE706)   ;(00000001000010011100100000111010) (102344072) (17418298) (109C83A)   ;(00000001110000000000000001000100) (160000104) (29360196) (1C00044)   ;(00000000001111111110001100000110) (17761406) (4186886) (3FE306)   ;(00000000110000000000000001000100) (60000104) (12582980) (C00044)   ;(00000000001111111110111000000110) (17767006) (4189702) (3FEE06)   ;
;432;(00100000000000000001011100010110) (-294953870) (536876822) (20001716)    ;(00000000000011111000100000111010) (3704072) (1017914) (F883A)   ;(00100000000001011000100000111010) (-293663224) (537233466) (2005883A)   ;(00101000000000000001001000010110) (705043730) (671093270) (28001216)   ;(00101001000000000001011000101110) (805045760) (687871534) (2900162E)   ;(00000001100000000000100000000100) (140004004) (25167876) (1800804)   ;(00000000110000000000000001000100) (60000104) (12582980) (C00044)   ;(00000000000000000000000100000110) (406) (262) (106)   ;
;440;(00110000000000000000101000100110) (1705037750) (805308966) (30000A26)    ;(00101001010010111000100000111010) (827736776) (692815930) (294B883A)   ;(00110001101111111111111111000100) (1862810408) (834666436) (31BFFFC4)   ;(00011000110001111000100000111010) (-1233263224) (415729722) (18C7883A)   ;(00101001001111111111101100110110) (822808170) (692058934) (293FFB36)   ;(00011000000000000000010100100110) (-1294964850) (402654502) (18000526)   ;(00011000000001101101000001111010) (-1293417124) (403099770) (1806D07A)   ;(00010001010000000000000100110110) (2120000466) (289407286) (11400136)   ;
;448;(00010001010001011100100000111010) (2121344072) (289785914) (1145C83A)    ;(00101000000010101101000001111010) (707582876) (671797370) (280AD07A)   ;(00011000001111111111101100011110) (-1277191860) (406846238) (183FFB1E)   ;(00111000000000000000000100100110) (-1589934146) (939524390) (38000126)   ;(00000000100001011100100000111010) (41344072) (8767546) (85C83A)   ;(11111000000000000010100000111010) (-777753706) (-134207430) (-7-15-15-13-7-12-6)   ;(00000001010010111100100000111010) (122744072) (21743674) (14BC83A)   ;(00000000001111111110110000000110) (17766006) (4189190) (3FEC06)   ;
;456;(00000001000010011100100000111010) (102344072) (17418298) (109C83A)    ;(00000001110000000000000001000100) (160000104) (29360196) (1C00044)   ;(00000000001111111110011100000110) (17763406) (4187910) (3FE706)   ;(00000000110000000000000001000100) (60000104) (12582980) (C00044)   ;(00000000001111111111000100000110) (17770406) (4190470) (3FF106)   ;(00100000000011011000100000111010) (-291663224) (537757754) (200D883A)   ;(00101001000000000001010100101110) (805045160) (687871278) (2900152E)   ;(00101000000000000001010000010110) (705044730) (671093782) (28001416)   ;
;464;(00000000100000000000100000000100) (40004004) (8390660) (800804)    ;(00000000110000000000000001000100) (60000104) (12582980) (C00044)   ;(00000000000000000000001000000110) (1006) (518) (206)   ;(00010000000000000000111000100110) (2000007046) (268439078) (10000E26)   ;(00101000000000000000010100010110) (705035130) (671089942) (28000516)   ;(00101001010010111000100000111010) (827736776) (692815930) (294B883A)   ;(00010000101111111111111111000100) (2057777704) (281018308) (10BFFFC4)   ;(00011000110001111000100000111010) (-1233263224) (415729722) (18C7883A)   ;
;472;(00101001001111111111101000110110) (822807770) (692058678) (293FFA36)    ;(00011000000000000000100000100110) (-1294963250) (402655270) (18000826)   ;(00000000000001011000100000111010) (1304072) (362554) (5883A)   ;(00110001010000000000001000110110) (1825033770) (826278454) (31400236)   ;(00110001010011011100100000111010) (1828376776) (827181114) (314DC83A)   ;(00010000110001001011000000111010) (2061130072) (281325626) (10C4B03A)   ;(00011000000001101101000001111010) (-1293417124) (403099770) (1806D07A)   ;(00101000000010101101000001111010) (707582876) (671797370) (280AD07A)   ;
;480;(00011000001111111111101000011110) (-1277192260) (406845982) (183FFA1E)    ;(11111000000000000010100000111010) (-777753706) (-134207430) (-7-15-15-13-7-12-6)   ;(00000000000001011000100000111010) (1304072) (362554) (5883A)   ;(11111000000000000010100000111010) (-777753706) (-134207430) (-7-15-15-13-7-12-6)   ;(00000000110000000000000001000100) (60000104) (12582980) (C00044)   ;(00000000001111111111010000000110) (17772006) (4191238) (3FF406)   ;(00100000000001011000100000111010) (-293663224) (537233466) (2005883A)   ;(00101001000000000001001000101110) (805043760) (687870510) (2900122E)   ;
;488;(00101000000000000001000100010110) (705043130) (671093014) (28001116)    ;(00000001100000000000100000000100) (140004004) (25167876) (1800804)   ;(00000000110000000000000001000100) (60000104) (12582980) (C00044)   ;(00000000000000000000001000000110) (1006) (518) (206)   ;(00110000000000000000110000100110) (1705038750) (805309478) (30000C26)   ;(00101000000000000000010100010110) (705035130) (671089942) (28000516)   ;(00101001010010111000100000111010) (827736776) (692815930) (294B883A)   ;(00110001101111111111111111000100) (1862810408) (834666436) (31BFFFC4)   ;
;496;(00011000110001111000100000111010) (-1233263224) (415729722) (18C7883A)    ;(00101001001111111111101000110110) (822807770) (692058678) (293FFA36)   ;(00011000000000000000011000100110) (-1294964250) (402654758) (18000626)   ;(00011000000001101101000001111010) (-1293417124) (403099770) (1806D07A)   ;(00010001010000000000000100110110) (2120000466) (289407286) (11400136)   ;(00010001010001011100100000111010) (2121344072) (289785914) (1145C83A)   ;(00101000000010101101000001111010) (707582876) (671797370) (280AD07A)   ;(00011000001111111111101100011110) (-1277191860) (406846238) (183FFB1E)   ;
;504;(11111000000000000010100000111010) (-777753706) (-134207430) (-7-15-15-13-7-12-6)    ;(11111000000000000010100000111010) (-777753706) (-134207430) (-7-15-15-13-7-12-6)   ;(00000000110000000000000001000100) (60000104) (12582980) (C00044)   ;(00000000001111111111011100000110) (17773406) (4192006) (3FF706)   ;(01100001011011000110010101000100) (1985578856) (1634493764) (616C6544)   ;(00110000001100010010000001111001) (1719252875) (808525945) (30312079)   ;(01110011011011010011000000110000) (-109220884) (1936535600) (736D3030)   ;(00000000000010100010000100100000) (2420440) (663840) (A2120)   ;
;512;(01101100011011000110010101001000) (-1009388434) (1819043144) (6C6C6548)    ;(01110010011001100010000001101111) (-211030787) (1919295599) (7266206F)   ;(01001110001000000110110101101111) (-537417091) (1310748015) (4E206D6F)   ;(00100000011100110110111101101001) (-260299745) (544436073) (20736F69)   ;(00001010001000010100100101001001) (1210244511) (169953609) (A214949)   ;(00000000000000000000000000000000) (0) (0) (00)   ;(00000100000000110000000100000001) (400600401) (67305729) (4030101)   ;(00000000000000000101010100000110) (52406) (21766) (5506)   ;
;520;(00001000000001110000011000000101) (1001603005) (134678021) (8070605)    ;(00000000000000000000000000000000) (0) (0) (00)   ;(00000000000000000011000010100000) (30240) (12448) (30A0)   ;(00000000000000000000000000000000) (0) (0) (00)   ;(00000000000000000000000000000000) (0) (0) (00)   ;(00000000000000000000000000000000) (0) (0) (00)   ;(00000000000000000000000000000000) (0) (0) (00)   ;(00000000000000000000000000000000) (0) (0) (00)   ;
;528;(00000000000000000000000000000000) (0) (0) (00)    ;(00000000000000000000000000000000) (0) (0) (00)   ;(00000000000000000000000000000000) (0) (0) (00)   ;(00000000000000000000000000000000) (0) (0) (00)   ;(00000000000000000000000000000000) (0) (0) (00)   ;(00000000000000000000000000000000) (0) (0) (00)   ;(00000000000000000000000000000000) (0) (0) (00)   ;(00000000000000000000000000000000) (0) (0) (00)   ;
;536;(00000000000000000000000000000000) (0) (0) (00)    ;(00000000000000000000000000000000) (0) (0) (00)   ;(00000000000000000000000000000000) (0) (0) (00)   ;(00000000000000000000000000000000) (0) (0) (00)   ;(00000000000000000000000000000000) (0) (0) (00)   ;(00000000000000000000000000000000) (0) (0) (00)   ;(00000000000000000000000000000000) (0) (0) (00)   ;(00000000000000000000000000000000) (0) (0) (00)   ;
;544;(00000000000000000000000000000000) (0) (0) (00)    ;(00000000000000000000000000000000) (0) (0) (00)   ;(00000000000000000000000000000000) (0) (0) (00)   ;(00000000000000000000000000000000) (0) (0) (00)   ;(00000000000000000000000000000000) (0) (0) (00)   ;(00000000000000000000000000000000) (0) (0) (00)   ;(00000000000000000000000000000000) (0) (0) (00)   ;(00000000000000000000000000000000) (0) (0) (00)   ;
;552;(00000000000000000000000000000000) (0) (0) (00)    ;(00000000000000000000000000000000) (0) (0) (00)   ;(00000000000000000000000000000000) (0) (0) (00)   ;(00000000000000000000000000000000) (0) (0) (00)   ;(00000000000000000000000000000000) (0) (0) (00)   ;(00000000000000000000000000000000) (0) (0) (00)   ;(00000000000000000000000000000000) (0) (0) (00)   ;(00000000000000000000000000000000) (0) (0) (00)   ;
;560;(00000000000000000000000000000000) (0) (0) (00)    ;(00000000000000000000000000000000) (0) (0) (00)   ;(00000000000000000000000000000000) (0) (0) (00)   ;(00000000000000000000000000000000) (0) (0) (00)   ;(00000000000000000000000000000000) (0) (0) (00)   ;(00000000000000000000000000000000) (0) (0) (00)   ;(00000000000000000000000000000000) (0) (0) (00)   ;(00000000000000000000000000000000) (0) (0) (00)   ;
;568;(00000000000000000000000000000000) (0) (0) (00)    ;(00000000000000000000000000000000) (0) (0) (00)   ;(00000000000000000000000000000000) (0) (0) (00)   ;(00000000000000000000000000000000) (0) (0) (00)   ;(00000000000000000000000000000000) (0) (0) (00)   ;(00000000000000000000000000000000) (0) (0) (00)   ;(00000000000000000000000000000000) (0) (0) (00)   ;(00000000000000000000000000000000) (0) (0) (00)   ;
;576;(00000000000000000000000000000000) (0) (0) (00)    ;(00000000000000000000000000000000) (0) (0) (00)   ;(00000000000000000000000000000000) (0) (0) (00)   ;(00000000000000000000000000000000) (0) (0) (00)   ;(00000000000000000000000000000000) (0) (0) (00)   ;(00000000000000000000000000000000) (0) (0) (00)   ;(00000000000000000000000000000000) (0) (0) (00)   ;(00000000000000000000000000000000) (0) (0) (00)   ;
;584;(00000000000000000000000000000000) (0) (0) (00)    ;(00000000000000000000000000000000) (0) (0) (00)   ;(00000000000000000000000000000000) (0) (0) (00)   ;(00000000000000000000000000000000) (0) (0) (00)   ;(00000000000000000000000000000000) (0) (0) (00)   ;(00000000000000000000000000000000) (0) (0) (00)   ;(00000000000000000000000000000000) (0) (0) (00)   ;(00000000000000000000000000000000) (0) (0) (00)   ;
;592;(00000000000000000000000000000000) (0) (0) (00)    ;(00000000000000000000000000000000) (0) (0) (00)   ;(00000000000000000000000000000000) (0) (0) (00)   ;(00000000000000000000000000000000) (0) (0) (00)   ;(00000000000000000000000000000000) (0) (0) (00)   ;(00000000000000000000000000000000) (0) (0) (00)   ;(00000000000000000000000000000000) (0) (0) (00)   ;(00000000000000000000000000000000) (0) (0) (00)   ;
;600;(00000000000000000000000000000000) (0) (0) (00)    ;(00000000000000000000000000000000) (0) (0) (00)   ;(00000000000000000000000000000000) (0) (0) (00)   ;(00000000000000000000000000000000) (0) (0) (00)   ;(00000000000000000000000000000000) (0) (0) (00)   ;(00000000000000000000000000000000) (0) (0) (00)   ;(00000000000000000000000000000000) (0) (0) (00)   ;(00000000000000000000000000000000) (0) (0) (00)   ;
;608;(00000000000000000000000000000000) (0) (0) (00)    ;(00000000000000000000000000000000) (0) (0) (00)   ;(00000000000000000000000000000000) (0) (0) (00)   ;(00000000000000000000000000000000) (0) (0) (00)   ;(00000000000000000000000000000000) (0) (0) (00)   ;(00000000000000000000000000000000) (0) (0) (00)   ;(00000000000000000000000000000000) (0) (0) (00)   ;(00000000000000000000000000000000) (0) (0) (00)   ;
;616;(00000000000000000000000000000000) (0) (0) (00)    ;(00000000000000000000000000000000) (0) (0) (00)   ;(00000000000000000000000000000000) (0) (0) (00)   ;(00000000000000000000000000000000) (0) (0) (00)   ;(00000000000000000000000000000000) (0) (0) (00)   ;(00000000000000000000000000000000) (0) (0) (00)   ;(00000000000000000000000000000000) (0) (0) (00)   ;(00000000000000000000000000000000) (0) (0) (00)   ;
;624;(00000000000000000000000000000000) (0) (0) (00)    ;(00000000000000000000000000000000) (0) (0) (00)   ;(00000000000000000000000000000000) (0) (0) (00)   ;(00000000000000000000000000000000) (0) (0) (00)   ;(00000000000000000000000000000000) (0) (0) (00)   ;(00000000000000000000000000000000) (0) (0) (00)   ;(00000000000000000000000000000000) (0) (0) (00)   ;(00000000000000000000000000000000) (0) (0) (00)   ;
;632;(00000000000000000000000000000000) (0) (0) (00)    ;(00000000000000000000000000000000) (0) (0) (00)   ;(00000000000000000000000000000000) (0) (0) (00)   ;(00000000000000000000000000000000) (0) (0) (00)   ;(00000000000000000000000000000000) (0) (0) (00)   ;(00000000000000000000000000000000) (0) (0) (00)   ;(00000000000000000000000000000000) (0) (0) (00)   ;(00000000000000000000000000000000) (0) (0) (00)   ;
;640;(00000000000000000000000000000000) (0) (0) (00)    ;(00000000000000000000000000000000) (0) (0) (00)   ;(00000000000000000000000000000000) (0) (0) (00)   ;(00000000000000000000000000000000) (0) (0) (00)   ;(00000000000000000000000000000000) (0) (0) (00)   ;(00000000000000000000000000000000) (0) (0) (00)   ;(00000000000000000000000000000000) (0) (0) (00)   ;(00000000000000000000000000000000) (0) (0) (00)   ;
;648;(00000000000000000000000000000000) (0) (0) (00)    ;(00000000000000000000000000000000) (0) (0) (00)   ;(00000000000000000000000000000000) (0) (0) (00)   ;(00000000000000000000000000000000) (0) (0) (00)   ;(00000000000000000000000000000000) (0) (0) (00)   ;(00000000000000000000000000000000) (0) (0) (00)   ;(00000000000000000000000000000000) (0) (0) (00)   ;(00000000000000000000000000000000) (0) (0) (00)   ;
;656;(00000000000000000000000000000000) (0) (0) (00)    ;(00000000000000000000000000000000) (0) (0) (00)   ;(00000000000000000000000000000000) (0) (0) (00)   ;(00000000000000000000000000000000) (0) (0) (00)   ;(00000000000000000000000000000000) (0) (0) (00)   ;(00000000000000000000000000000000) (0) (0) (00)   ;(00000000000000000000000000000000) (0) (0) (00)   ;(00000000000000000000000000000000) (0) (0) (00)   ;
;664;(00000000000000000000000000000000) (0) (0) (00)    ;(00000000000000000000000000000000) (0) (0) (00)   ;(00000000000000000000000000000000) (0) (0) (00)   ;(00000000000000000000000000000000) (0) (0) (00)   ;(00000000000000000000000000000000) (0) (0) (00)   ;(00000000000000000000000000000000) (0) (0) (00)   ;(00000000000000000000000000000000) (0) (0) (00)   ;(00000000000000000000000000000000) (0) (0) (00)   ;
;672;(00000000000000000000000000000000) (0) (0) (00)    ;(00000000000000000000000000000000) (0) (0) (00)   ;(00000000000000000000000000000000) (0) (0) (00)   ;(00000000000000000000000000000000) (0) (0) (00)   ;(00000000000000000000000000000000) (0) (0) (00)   ;(00000000000000000000000000000000) (0) (0) (00)   ;(00000000000000000000000000000000) (0) (0) (00)   ;(00000000000000000000000000000000) (0) (0) (00)   ;
;680;(00000000000000000000000000000000) (0) (0) (00)    ;(00000000000000000000000000000000) (0) (0) (00)   ;(00000000000000000000000000000000) (0) (0) (00)   ;(00000000000000000000000000000000) (0) (0) (00)   ;(00000000000000000000000000000000) (0) (0) (00)   ;(00000000000000000000000000000000) (0) (0) (00)   ;(00000000000000000000000000000000) (0) (0) (00)   ;(00000000000000000000000000000000) (0) (0) (00)   ;
;688;(00000000000000000000000000000000) (0) (0) (00)    ;(00000000000000000000000000000000) (0) (0) (00)   ;(00000000000000000000000000000000) (0) (0) (00)   ;(00000000000000000000000000000000) (0) (0) (00)   ;(00000000000000000000000000000000) (0) (0) (00)   ;(00000000000000000000000000000000) (0) (0) (00)   ;(00000000000000000000000000000000) (0) (0) (00)   ;(00000000000000000000000000000000) (0) (0) (00)   ;
;696;(00000000000000000000000000000000) (0) (0) (00)    ;(00000000000000000000000000000000) (0) (0) (00)   ;(00000000000000000000000000000000) (0) (0) (00)   ;(00000000000000000000000000000000) (0) (0) (00)   ;(00000000000000000000000000000000) (0) (0) (00)   ;(00000000000000000000000000000000) (0) (0) (00)   ;(00000000000000000000000000000000) (0) (0) (00)   ;(00000000000000000000000000000000) (0) (0) (00)   ;
;704;(00000000000000000000000000000000) (0) (0) (00)    ;(00000000000000000000000000000000) (0) (0) (00)   ;(00000000000000000000000000000000) (0) (0) (00)   ;(00000000000000000000000000000000) (0) (0) (00)   ;(00000000000000000000000000000000) (0) (0) (00)   ;(00000000000000000000000000000000) (0) (0) (00)   ;(00000000000000000000000000000000) (0) (0) (00)   ;(00000000000000000000000000000000) (0) (0) (00)   ;
;712;(00000000000000000000000000000000) (0) (0) (00)    ;(00000000000000000000000000000000) (0) (0) (00)   ;(00000000000000000000000000000000) (0) (0) (00)   ;(00000000000000000000000000000000) (0) (0) (00)   ;(00000000000000000000000000000000) (0) (0) (00)   ;(00000000000000000000000000000000) (0) (0) (00)   ;(00000000000000000000000000000000) (0) (0) (00)   ;(00000000000000000000000000000000) (0) (0) (00)   ;
;720;(00000000000000000000000000000000) (0) (0) (00)    ;(00000000000000000000000000000000) (0) (0) (00)   ;(00000000000000000000000000000000) (0) (0) (00)   ;(00000000000000000000000000000000) (0) (0) (00)   ;(00000000000000000000000000000000) (0) (0) (00)   ;(00000000000000000000000000000000) (0) (0) (00)   ;(00000000000000000000000000000000) (0) (0) (00)   ;(00000000000000000000000000000000) (0) (0) (00)   ;
;728;(00000000000000000000000000000000) (0) (0) (00)    ;(00000000000000000000000000000000) (0) (0) (00)   ;(00000000000000000000000000000000) (0) (0) (00)   ;(00000000000000000000000000000000) (0) (0) (00)   ;(00000000000000000000000000000000) (0) (0) (00)   ;(00000000000000000000000000000000) (0) (0) (00)   ;(00000000000000000000000000000000) (0) (0) (00)   ;(00000000000000000000000000000000) (0) (0) (00)   ;
;736;(00000000000000000000000000000000) (0) (0) (00)    ;(00000000000000000000000000000000) (0) (0) (00)   ;(00000000000000000000000000000000) (0) (0) (00)   ;(00000000000000000000000000000000) (0) (0) (00)   ;(00000000000000000000000000000000) (0) (0) (00)   ;(00000000000000000000000000000000) (0) (0) (00)   ;(00000000000000000000000000000000) (0) (0) (00)   ;(00000000000000000000000000000000) (0) (0) (00)   ;
;744;(00000000000000000000000000000000) (0) (0) (00)    ;(00000000000000000000000000000000) (0) (0) (00)   ;(00000000000000000000000000000000) (0) (0) (00)   ;(00000000000000000000000000000000) (0) (0) (00)   ;(00000000000000000000000000000000) (0) (0) (00)   ;(00000000000000000000000000000000) (0) (0) (00)   ;(00000000000000000000000000000000) (0) (0) (00)   ;(00000000000000000000000000000000) (0) (0) (00)   ;
;752;(00000000000000000000000000000000) (0) (0) (00)    ;(00000000000000000000000000000000) (0) (0) (00)   ;(00000000000000000000000000000000) (0) (0) (00)   ;(00000000000000000000000000000000) (0) (0) (00)   ;(00000000000000000000000000000000) (0) (0) (00)   ;(00000000000000000000000000000000) (0) (0) (00)   ;(00000000000000000000000000000000) (0) (0) (00)   ;(00000000000000000000000000000000) (0) (0) (00)   ;
;760;(00000000000000000000000000000000) (0) (0) (00)    ;(00000000000000000000000000000000) (0) (0) (00)   ;(00000000000000000000000000000000) (0) (0) (00)   ;(00000000000000000000000000000000) (0) (0) (00)   ;(00000000000000000000000000000000) (0) (0) (00)   ;(00000000000000000000000000000000) (0) (0) (00)   ;(00000000000000000000000000000000) (0) (0) (00)   ;(00000000000000000000000000000000) (0) (0) (00)   ;
;768;(00000000000000000000000000000000) (0) (0) (00)    ;(00000000000000000000000000000000) (0) (0) (00)   ;(00000000000000000000000000000000) (0) (0) (00)   ;(00000000000000000000000000000000) (0) (0) (00)   ;(00000000000000000000000000000000) (0) (0) (00)   ;(00000000000000000000000000000000) (0) (0) (00)   ;(00000000000000000000000000000000) (0) (0) (00)   ;(00000000000000000000000000000000) (0) (0) (00)   ;
;776;(00000000000000000000000000000000) (0) (0) (00)    ;(00000000000000000000000000000000) (0) (0) (00)   ;(00000000000000000000000000000000) (0) (0) (00)   ;(00000000000000000000000000000000) (0) (0) (00)   ;(00000000000000000000000000000000) (0) (0) (00)   ;(00000000000000000000000000000000) (0) (0) (00)   ;(00000000000000000000000000000000) (0) (0) (00)   ;(00000000000000000000000000000000) (0) (0) (00)   ;
;784;(00000000000000000000000000000000) (0) (0) (00)    ;(00000000000000000000000000000000) (0) (0) (00)   ;(00000000000000000000000000000000) (0) (0) (00)   ;(00000000000000000000000000000000) (0) (0) (00)   ;(00000000000000000000000000000000) (0) (0) (00)   ;(00000000000000000000000000000000) (0) (0) (00)   ;(00000000000000000000000000000000) (0) (0) (00)   ;(00000000000000000000000000000000) (0) (0) (00)   ;
;792;(00000000000000000000000000000000) (0) (0) (00)    ;(00000000000000000000000000000000) (0) (0) (00)   ;(00000000000000000000000000000000) (0) (0) (00)   ;(00000000000000000000000000000000) (0) (0) (00)   ;(00000000000000000000000000000000) (0) (0) (00)   ;(00000000000000000000000000000000) (0) (0) (00)   ;(00000000000000000000000000000000) (0) (0) (00)   ;(00000000000000000000000000000000) (0) (0) (00)   ;
;800;(00000000000000000000000000000000) (0) (0) (00)    ;(00000000000000000000000000000000) (0) (0) (00)   ;(00000000000000000000000000000000) (0) (0) (00)   ;(00000000000000000000000000000000) (0) (0) (00)   ;(00000000000000000000000000000000) (0) (0) (00)   ;(00000000000000000000000000000000) (0) (0) (00)   ;(00000000000000000000000000000000) (0) (0) (00)   ;(00000000000000000000000000000000) (0) (0) (00)   ;
;808;(00000000000000000000000000000000) (0) (0) (00)    ;(00000000000000000000000000000000) (0) (0) (00)   ;(00000000000000000000000000000000) (0) (0) (00)   ;(00000000000000000000000000000000) (0) (0) (00)   ;(00000000000000000000000000000000) (0) (0) (00)   ;(00000000000000000000000000000000) (0) (0) (00)   ;(00000000000000000000000000000000) (0) (0) (00)   ;(00000000000000000000000000000000) (0) (0) (00)   ;
;816;(00000000000000000000000000000000) (0) (0) (00)    ;(00000000000000000000000000000000) (0) (0) (00)   ;(00000000000000000000000000000000) (0) (0) (00)   ;(00000000000000000000000000000000) (0) (0) (00)   ;(00000000000000000000000000000000) (0) (0) (00)   ;(00000000000000000000000000000000) (0) (0) (00)   ;(00000000000000000000000000000000) (0) (0) (00)   ;(00000000000000000000000000000000) (0) (0) (00)   ;
;824;(00000000000000000000000000000000) (0) (0) (00)    ;(00000000000000000000000000000000) (0) (0) (00)   ;(00000000000000000000000000000000) (0) (0) (00)   ;(00000000000000000000000000000000) (0) (0) (00)   ;(00000000000000000000000000000000) (0) (0) (00)   ;(00000000000000000000000000000000) (0) (0) (00)   ;(00000000000000000000000000000000) (0) (0) (00)   ;(00000000000000000000000000000000) (0) (0) (00)   ;
;832;(00000000000000000000000000000000) (0) (0) (00)    ;(00000000000000000000000000000000) (0) (0) (00)   ;(00000000000000000000000000000000) (0) (0) (00)   ;(00000000000000000000000000000000) (0) (0) (00)   ;(00000000000000000000000000000000) (0) (0) (00)   ;(00000000000000000000000000000000) (0) (0) (00)   ;(00000000000000000000000000000000) (0) (0) (00)   ;(00000000000000000000000000000000) (0) (0) (00)   ;
;840;(00000000000000000000000000000000) (0) (0) (00)    ;(00000000000000000000000000000000) (0) (0) (00)   ;(00000000000000000000000000000000) (0) (0) (00)   ;(00000000000000000000000000000000) (0) (0) (00)   ;(00000000000000000000000000000000) (0) (0) (00)   ;(00000000000000000000000000000000) (0) (0) (00)   ;(00000000000000000000000000000000) (0) (0) (00)   ;(00000000000000000000000000000000) (0) (0) (00)   ;
;848;(00000000000000000000000000000000) (0) (0) (00)    ;(00000000000000000000000000000000) (0) (0) (00)   ;(00000000000000000000000000000000) (0) (0) (00)   ;(00000000000000000000000000000000) (0) (0) (00)   ;(00000000000000000000000000000000) (0) (0) (00)   ;(00000000000000000000000000000000) (0) (0) (00)   ;(00000000000000000000000000000000) (0) (0) (00)   ;(00000000000000000000000000000000) (0) (0) (00)   ;
;856;(00000000000000000000000000000000) (0) (0) (00)    ;(00000000000000000000000000000000) (0) (0) (00)   ;(00000000000000000000000000000000) (0) (0) (00)   ;(00000000000000000000000000000000) (0) (0) (00)   ;(00000000000000000000000000000000) (0) (0) (00)   ;(00000000000000000000000000000000) (0) (0) (00)   ;(00000000000000000000000000000000) (0) (0) (00)   ;(00000000000000000000000000000000) (0) (0) (00)   ;
;864;(00000000000000000000000000000000) (0) (0) (00)    ;(00000000000000000000000000000000) (0) (0) (00)   ;(00000000000000000000000000000000) (0) (0) (00)   ;(00000000000000000000000000000000) (0) (0) (00)   ;(00000000000000000000000000000000) (0) (0) (00)   ;(00000000000000000000000000000000) (0) (0) (00)   ;(00000000000000000000000000000000) (0) (0) (00)   ;(00000000000000000000000000000000) (0) (0) (00)   ;
;872;(00000000000000000000000000000000) (0) (0) (00)    ;(00000000000000000000000000000000) (0) (0) (00)   ;(00000000000000000000000000000000) (0) (0) (00)   ;(00000000000000000000000000000000) (0) (0) (00)   ;(00000000000000000000000000000000) (0) (0) (00)   ;(00000000000000000000000000000000) (0) (0) (00)   ;(00000000000000000000000000000000) (0) (0) (00)   ;(00000000000000000000000000000000) (0) (0) (00)   ;
;880;(00000000000000000000000000000000) (0) (0) (00)    ;(00000000000000000000000000000000) (0) (0) (00)   ;(00000000000000000000000000000000) (0) (0) (00)   ;(00000000000000000000000000000000) (0) (0) (00)   ;(00000000000000000000000000000000) (0) (0) (00)   ;(00000000000000000000000000000000) (0) (0) (00)   ;(00000000000000000000000000000000) (0) (0) (00)   ;(00000000000000000000000000000000) (0) (0) (00)   ;
;888;(00000000000000000000000000000000) (0) (0) (00)    ;(00000000000000000000000000000000) (0) (0) (00)   ;(00000000000000000000000000000000) (0) (0) (00)   ;(00000000000000000000000000000000) (0) (0) (00)   ;(00000000000000000000000000000000) (0) (0) (00)   ;(00000000000000000000000000000000) (0) (0) (00)   ;(00000000000000000000000000000000) (0) (0) (00)   ;(00000000000000000000000000000000) (0) (0) (00)   ;
;896;(00000000000000000000000000000000) (0) (0) (00)    ;(00000000000000000000000000000000) (0) (0) (00)   ;(00000000000000000000000000000000) (0) (0) (00)   ;(00000000000000000000000000000000) (0) (0) (00)   ;(00000000000000000000000000000000) (0) (0) (00)   ;(00000000000000000000000000000000) (0) (0) (00)   ;(00000000000000000000000000000000) (0) (0) (00)   ;(00000000000000000000000000000000) (0) (0) (00)   ;
;904;(00000000000000000000000000000000) (0) (0) (00)    ;(00000000000000000000000000000000) (0) (0) (00)   ;(00000000000000000000000000000000) (0) (0) (00)   ;(00000000000000000000000000000000) (0) (0) (00)   ;(00000000000000000000000000000000) (0) (0) (00)   ;(00000000000000000000000000000000) (0) (0) (00)   ;(00000000000000000000000000000000) (0) (0) (00)   ;(00000000000000000000000000000000) (0) (0) (00)   ;
;912;(00000000000000000000000000000000) (0) (0) (00)    ;(00000000000000000000000000000000) (0) (0) (00)   ;(00000000000000000000000000000000) (0) (0) (00)   ;(00000000000000000000000000000000) (0) (0) (00)   ;(00000000000000000000000000000000) (0) (0) (00)   ;(00000000000000000000000000000000) (0) (0) (00)   ;(00000000000000000000000000000000) (0) (0) (00)   ;(00000000000000000000000000000000) (0) (0) (00)   ;
;920;(00000000000000000000000000000000) (0) (0) (00)    ;(00000000000000000000000000000000) (0) (0) (00)   ;(00000000000000000000000000000000) (0) (0) (00)   ;(00000000000000000000000000000000) (0) (0) (00)   ;(00000000000000000000000000000000) (0) (0) (00)   ;(00000000000000000000000000000000) (0) (0) (00)   ;(00000000000000000000000000000000) (0) (0) (00)   ;(00000000000000000000000000000000) (0) (0) (00)   ;
;928;(00000000000000000000000000000000) (0) (0) (00)    ;(00000000000000000000000000000000) (0) (0) (00)   ;(00000000000000000000000000000000) (0) (0) (00)   ;(00000000000000000000000000000000) (0) (0) (00)   ;(00000000000000000000000000000000) (0) (0) (00)   ;(00000000000000000000000000000000) (0) (0) (00)   ;(00000000000000000000000000000000) (0) (0) (00)   ;(00000000000000000000000000000000) (0) (0) (00)   ;
;936;(00000000000000000000000000000000) (0) (0) (00)    ;(00000000000000000000000000000000) (0) (0) (00)   ;(00000000000000000000000000000000) (0) (0) (00)   ;(00000000000000000000000000000000) (0) (0) (00)   ;(00000000000000000000000000000000) (0) (0) (00)   ;(00000000000000000000000000000000) (0) (0) (00)   ;(00000000000000000000000000000000) (0) (0) (00)   ;(00000000000000000000000000000000) (0) (0) (00)   ;
;944;(00000000000000000000000000000000) (0) (0) (00)    ;(00000000000000000000000000000000) (0) (0) (00)   ;(00000000000000000000000000000000) (0) (0) (00)   ;(00000000000000000000000000000000) (0) (0) (00)   ;(00000000000000000000000000000000) (0) (0) (00)   ;(00000000000000000000000000000000) (0) (0) (00)   ;(00000000000000000000000000000000) (0) (0) (00)   ;(00000000000000000000000000000000) (0) (0) (00)   ;
;952;(00000000000000000000000000000000) (0) (0) (00)    ;(00000000000000000000000000000000) (0) (0) (00)   ;(00000000000000000000000000000000) (0) (0) (00)   ;(00000000000000000000000000000000) (0) (0) (00)   ;(00000000000000000000000000000000) (0) (0) (00)   ;(00000000000000000000000000000000) (0) (0) (00)   ;(00000000000000000000000000000000) (0) (0) (00)   ;(00000000000000000000000000000000) (0) (0) (00)   ;
;960;(00000000000000000000000000000000) (0) (0) (00)    ;(00000000000000000000000000000000) (0) (0) (00)   ;(00000000000000000000000000000000) (0) (0) (00)   ;(00000000000000000000000000000000) (0) (0) (00)   ;(00000000000000000000000000000000) (0) (0) (00)   ;(00000000000000000000000000000000) (0) (0) (00)   ;(00000000000000000000000000000000) (0) (0) (00)   ;(00000000000000000000000000000000) (0) (0) (00)   ;
;968;(00000000000000000000000000000000) (0) (0) (00)    ;(00000000000000000000000000000000) (0) (0) (00)   ;(00000000000000000000000000000000) (0) (0) (00)   ;(00000000000000000000000000000000) (0) (0) (00)   ;(00000000000000000000000000000000) (0) (0) (00)   ;(00000000000000000000000000000000) (0) (0) (00)   ;(00000000000000000000000000000000) (0) (0) (00)   ;(00000000000000000000000000000000) (0) (0) (00)   ;
;976;(00000000000000000000000000000000) (0) (0) (00)    ;(00000000000000000000000000000000) (0) (0) (00)   ;(00000000000000000000000000000000) (0) (0) (00)   ;(00000000000000000000000000000000) (0) (0) (00)   ;(00000000000000000000000000000000) (0) (0) (00)   ;(00000000000000000000000000000000) (0) (0) (00)   ;(00000000000000000000000000000000) (0) (0) (00)   ;(00000000000000000000000000000000) (0) (0) (00)   ;
;984;(00000000000000000000000000000000) (0) (0) (00)    ;(00000000000000000000000000000000) (0) (0) (00)   ;(00000000000000000000000000000000) (0) (0) (00)   ;(00000000000000000000000000000000) (0) (0) (00)   ;(00000000000000000000000000000000) (0) (0) (00)   ;(00000000000000000000000000000000) (0) (0) (00)   ;(00000000000000000000000000000000) (0) (0) (00)   ;(00000000000000000000000000000000) (0) (0) (00)   ;
;992;(00000000000000000000000000000000) (0) (0) (00)    ;(00000000000000000000000000000000) (0) (0) (00)   ;(00000000000000000000000000000000) (0) (0) (00)   ;(00000000000000000000000000000000) (0) (0) (00)   ;(00000000000000000000000000000000) (0) (0) (00)   ;(00000000000000000000000000000000) (0) (0) (00)   ;(00000000000000000000000000000000) (0) (0) (00)   ;(00000000000000000000000000000000) (0) (0) (00)   ;
;1000;(00000000000000000000000000000000) (0) (0) (00)    ;(00000000000000000000000000000000) (0) (0) (00)   ;(00000000000000000000000000000000) (0) (0) (00)   ;(00000000000000000000000000000000) (0) (0) (00)   ;(00000000000000000000000000000000) (0) (0) (00)   ;(00000000000000000000000000000000) (0) (0) (00)   ;(00000000000000000000000000000000) (0) (0) (00)   ;(00000000000000000000000000000000) (0) (0) (00)   ;
;1008;(00000000000000000000000000000000) (0) (0) (00)    ;(00000000000000000000000000000000) (0) (0) (00)   ;(00000000000000000000000000000000) (0) (0) (00)   ;(00000000000000000000000000000000) (0) (0) (00)   ;(00000000000000000000000000000000) (0) (0) (00)   ;(00000000000000000000000000000000) (0) (0) (00)   ;(00000000000000000000000000000000) (0) (0) (00)   ;(00000000000000000000000000000000) (0) (0) (00)   ;
;1016;(00000000000000000000000000000000) (0) (0) (00)    ;(00000000000000000000000000000000) (0) (0) (00)   ;(00000000000000000000000000000000) (0) (0) (00)   ;(00000000000000000000000000000000) (0) (0) (00)   ;(00000000000000000000000000000000) (0) (0) (00)   ;(00000000000000000000000000000000) (0) (0) (00)   ;(00000000000000000000000000000000) (0) (0) (00)   ;(00000000000000000000000000000000) (0) (0) (00)   ;


+------------------------------------------------+
; Routing Usage Summary                          ;
+-----------------------+------------------------+
; Routing Resource Type ; Usage                  ;
+-----------------------+------------------------+
; Block interconnects   ; 4,072 / 71,559 ( 6 % ) ;
; C16 interconnects     ; 29 / 2,597 ( 1 % )     ;
; C4 interconnects      ; 2,306 / 46,848 ( 5 % ) ;
; Direct links          ; 584 / 71,559 ( < 1 % ) ;
; Global clocks         ; 5 / 20 ( 25 % )        ;
; Local interconnects   ; 1,545 / 24,624 ( 6 % ) ;
; R24 interconnects     ; 39 / 2,496 ( 2 % )     ;
; R4 interconnects      ; 2,628 / 62,424 ( 4 % ) ;
+-----------------------+------------------------+


+-----------------------------------------------------------------------------+
; LAB Logic Elements                                                          ;
+---------------------------------------------+-------------------------------+
; Number of Logic Elements  (Average = 12.44) ; Number of LABs  (Total = 235) ;
+---------------------------------------------+-------------------------------+
; 1                                           ; 21                            ;
; 2                                           ; 6                             ;
; 3                                           ; 2                             ;
; 4                                           ; 6                             ;
; 5                                           ; 2                             ;
; 6                                           ; 3                             ;
; 7                                           ; 2                             ;
; 8                                           ; 6                             ;
; 9                                           ; 1                             ;
; 10                                          ; 2                             ;
; 11                                          ; 10                            ;
; 12                                          ; 6                             ;
; 13                                          ; 14                            ;
; 14                                          ; 28                            ;
; 15                                          ; 30                            ;
; 16                                          ; 96                            ;
+---------------------------------------------+-------------------------------+


+--------------------------------------------------------------------+
; LAB-wide Signals                                                   ;
+------------------------------------+-------------------------------+
; LAB-wide Signals  (Average = 2.27) ; Number of LABs  (Total = 235) ;
+------------------------------------+-------------------------------+
; 1 Async. clear                     ; 160                           ;
; 1 Clock                            ; 195                           ;
; 1 Clock enable                     ; 90                            ;
; 1 Sync. clear                      ; 10                            ;
; 1 Sync. load                       ; 27                            ;
; 2 Async. clears                    ; 1                             ;
; 2 Clock enables                    ; 30                            ;
; 2 Clocks                           ; 20                            ;
+------------------------------------+-------------------------------+


+------------------------------------------------------------------------------+
; LAB Signals Sourced                                                          ;
+----------------------------------------------+-------------------------------+
; Number of Signals Sourced  (Average = 19.92) ; Number of LABs  (Total = 235) ;
+----------------------------------------------+-------------------------------+
; 0                                            ; 1                             ;
; 1                                            ; 12                            ;
; 2                                            ; 8                             ;
; 3                                            ; 2                             ;
; 4                                            ; 6                             ;
; 5                                            ; 1                             ;
; 6                                            ; 1                             ;
; 7                                            ; 3                             ;
; 8                                            ; 3                             ;
; 9                                            ; 1                             ;
; 10                                           ; 1                             ;
; 11                                           ; 2                             ;
; 12                                           ; 2                             ;
; 13                                           ; 2                             ;
; 14                                           ; 2                             ;
; 15                                           ; 3                             ;
; 16                                           ; 10                            ;
; 17                                           ; 4                             ;
; 18                                           ; 7                             ;
; 19                                           ; 9                             ;
; 20                                           ; 12                            ;
; 21                                           ; 12                            ;
; 22                                           ; 18                            ;
; 23                                           ; 12                            ;
; 24                                           ; 23                            ;
; 25                                           ; 18                            ;
; 26                                           ; 16                            ;
; 27                                           ; 8                             ;
; 28                                           ; 8                             ;
; 29                                           ; 5                             ;
; 30                                           ; 10                            ;
; 31                                           ; 4                             ;
; 32                                           ; 9                             ;
+----------------------------------------------+-------------------------------+


+---------------------------------------------------------------------------------+
; LAB Signals Sourced Out                                                         ;
+-------------------------------------------------+-------------------------------+
; Number of Signals Sourced Out  (Average = 8.31) ; Number of LABs  (Total = 235) ;
+-------------------------------------------------+-------------------------------+
; 0                                               ; 1                             ;
; 1                                               ; 29                            ;
; 2                                               ; 11                            ;
; 3                                               ; 13                            ;
; 4                                               ; 15                            ;
; 5                                               ; 6                             ;
; 6                                               ; 13                            ;
; 7                                               ; 11                            ;
; 8                                               ; 21                            ;
; 9                                               ; 15                            ;
; 10                                              ; 19                            ;
; 11                                              ; 22                            ;
; 12                                              ; 10                            ;
; 13                                              ; 10                            ;
; 14                                              ; 6                             ;
; 15                                              ; 11                            ;
; 16                                              ; 15                            ;
; 17                                              ; 0                             ;
; 18                                              ; 2                             ;
; 19                                              ; 1                             ;
; 20                                              ; 1                             ;
; 21                                              ; 0                             ;
; 22                                              ; 1                             ;
; 23                                              ; 1                             ;
; 24                                              ; 1                             ;
+-------------------------------------------------+-------------------------------+


+------------------------------------------------------------------------------+
; LAB Distinct Inputs                                                          ;
+----------------------------------------------+-------------------------------+
; Number of Distinct Inputs  (Average = 16.06) ; Number of LABs  (Total = 235) ;
+----------------------------------------------+-------------------------------+
; 0                                            ; 0                             ;
; 1                                            ; 0                             ;
; 2                                            ; 9                             ;
; 3                                            ; 15                            ;
; 4                                            ; 9                             ;
; 5                                            ; 9                             ;
; 6                                            ; 9                             ;
; 7                                            ; 6                             ;
; 8                                            ; 1                             ;
; 9                                            ; 7                             ;
; 10                                           ; 8                             ;
; 11                                           ; 4                             ;
; 12                                           ; 8                             ;
; 13                                           ; 9                             ;
; 14                                           ; 9                             ;
; 15                                           ; 8                             ;
; 16                                           ; 6                             ;
; 17                                           ; 6                             ;
; 18                                           ; 8                             ;
; 19                                           ; 10                            ;
; 20                                           ; 8                             ;
; 21                                           ; 13                            ;
; 22                                           ; 11                            ;
; 23                                           ; 10                            ;
; 24                                           ; 5                             ;
; 25                                           ; 6                             ;
; 26                                           ; 3                             ;
; 27                                           ; 7                             ;
; 28                                           ; 7                             ;
; 29                                           ; 5                             ;
; 30                                           ; 2                             ;
; 31                                           ; 3                             ;
; 32                                           ; 1                             ;
; 33                                           ; 4                             ;
; 34                                           ; 3                             ;
; 35                                           ; 1                             ;
; 36                                           ; 1                             ;
; 37                                           ; 1                             ;
; 38                                           ; 1                             ;
+----------------------------------------------+-------------------------------+


+------------------------------------------+
; I/O Rules Summary                        ;
+----------------------------------+-------+
; I/O Rules Statistic              ; Total ;
+----------------------------------+-------+
; Total I/O Rules                  ; 30    ;
; Number of I/O Rules Passed       ; 12    ;
; Number of I/O Rules Failed       ; 0     ;
; Number of I/O Rules Unchecked    ; 0     ;
; Number of I/O Rules Inapplicable ; 18    ;
+----------------------------------+-------+


+-----------------------------------------------------------------------------------------------------------------------------------------------------------------------------------------------------------------------------------------------------------------------------------------------------+
; I/O Rules Details                                                                                                                                                                                                                                                                                   ;
+--------------+-----------+-----------------------------------+------------------------------------------------------------------------------------------------------+----------+--------------------------------------------------------------------------+---------------------+-------------------+
; Status       ; ID        ; Category                          ; Rule Description                                                                                     ; Severity ; Information                                                              ; Area                ; Extra Information ;
+--------------+-----------+-----------------------------------+------------------------------------------------------------------------------------------------------+----------+--------------------------------------------------------------------------+---------------------+-------------------+
; Pass         ; IO_000001 ; Capacity Checks                   ; Number of pins in an I/O bank should not exceed the number of locations available.                   ; Critical ; 0 such failures found.                                                   ; I/O                 ;                   ;
; Inapplicable ; IO_000002 ; Capacity Checks                   ; Number of clocks in an I/O bank should not exceed the number of clocks available.                    ; Critical ; No Global Signal assignments found.                                      ; I/O                 ;                   ;
; Pass         ; IO_000003 ; Capacity Checks                   ; Number of pins in a Vrefgroup should not exceed the number of locations available.                   ; Critical ; 0 such failures found.                                                   ; I/O                 ;                   ;
; Inapplicable ; IO_000004 ; Voltage Compatibility Checks      ; The I/O bank should support the requested VCCIO.                                                     ; Critical ; No IOBANK_VCCIO assignments found.                                       ; I/O                 ;                   ;
; Inapplicable ; IO_000005 ; Voltage Compatibility Checks      ; The I/O bank should not have competing VREF values.                                                  ; Critical ; No VREF I/O Standard assignments found.                                  ; I/O                 ;                   ;
; Pass         ; IO_000006 ; Voltage Compatibility Checks      ; The I/O bank should not have competing VCCIO values.                                                 ; Critical ; 0 such failures found.                                                   ; I/O                 ;                   ;
; Pass         ; IO_000007 ; Valid Location Checks             ; Checks for unavailable locations.                                                                    ; Critical ; 0 such failures found.                                                   ; I/O                 ;                   ;
; Inapplicable ; IO_000008 ; Valid Location Checks             ; Checks for reserved locations.                                                                       ; Critical ; No reserved LogicLock region found.                                      ; I/O                 ;                   ;
; Pass         ; IO_000009 ; I/O Properties Checks for One I/O ; The location should support the requested I/O standard.                                              ; Critical ; 0 such failures found.                                                   ; I/O                 ;                   ;
; Pass         ; IO_000010 ; I/O Properties Checks for One I/O ; The location should support the requested I/O direction.                                             ; Critical ; 0 such failures found.                                                   ; I/O                 ;                   ;
; Inapplicable ; IO_000011 ; I/O Properties Checks for One I/O ; The location should support the requested Current Strength.                                          ; Critical ; No Current Strength assignments found.                                   ; I/O                 ;                   ;
; Pass         ; IO_000012 ; I/O Properties Checks for One I/O ; The location should support the requested On Chip Termination value.                                 ; Critical ; 0 such failures found.                                                   ; I/O                 ;                   ;
; Inapplicable ; IO_000013 ; I/O Properties Checks for One I/O ; The location should support the requested Bus Hold value.                                            ; Critical ; No Enable Bus-Hold Circuitry assignments found.                          ; I/O                 ;                   ;
; Inapplicable ; IO_000014 ; I/O Properties Checks for One I/O ; The location should support the requested Weak Pull Up value.                                        ; Critical ; No Weak Pull-Up Resistor assignments found.                              ; I/O                 ;                   ;
; Pass         ; IO_000015 ; I/O Properties Checks for One I/O ; The location should support the requested PCI Clamp Diode.                                           ; Critical ; 0 such failures found.                                                   ; I/O                 ;                   ;
; Inapplicable ; IO_000018 ; I/O Properties Checks for One I/O ; The I/O standard should support the requested Current Strength.                                      ; Critical ; No Current Strength assignments found.                                   ; I/O                 ;                   ;
; Pass         ; IO_000019 ; I/O Properties Checks for One I/O ; The I/O standard should support the requested On Chip Termination value.                             ; Critical ; 0 such failures found.                                                   ; I/O                 ;                   ;
; Pass         ; IO_000020 ; I/O Properties Checks for One I/O ; The I/O standard should support the requested PCI Clamp Diode.                                       ; Critical ; 0 such failures found.                                                   ; I/O                 ;                   ;
; Inapplicable ; IO_000021 ; I/O Properties Checks for One I/O ; The I/O standard should support the requested Weak Pull Up value.                                    ; Critical ; No Weak Pull-Up Resistor assignments found.                              ; I/O                 ;                   ;
; Inapplicable ; IO_000022 ; I/O Properties Checks for One I/O ; The I/O standard should support the requested Bus Hold value.                                        ; Critical ; No Enable Bus-Hold Circuitry assignments found.                          ; I/O                 ;                   ;
; Inapplicable ; IO_000023 ; I/O Properties Checks for One I/O ; The I/O standard should support the Open Drain value.                                                ; Critical ; No open drain assignments found.                                         ; I/O                 ;                   ;
; Pass         ; IO_000024 ; I/O Properties Checks for One I/O ; The I/O direction should support the On Chip Termination value.                                      ; Critical ; 0 such failures found.                                                   ; I/O                 ;                   ;
; Inapplicable ; IO_000026 ; I/O Properties Checks for One I/O ; On Chip Termination and Current Strength should not be used at the same time.                        ; Critical ; No Current Strength assignments found.                                   ; I/O                 ;                   ;
; Inapplicable ; IO_000027 ; I/O Properties Checks for One I/O ; Weak Pull Up and Bus Hold should not be used at the same time.                                       ; Critical ; No Enable Bus-Hold Circuitry or Weak Pull-Up Resistor assignments found. ; I/O                 ;                   ;
; Inapplicable ; IO_000045 ; I/O Properties Checks for One I/O ; The I/O standard should support the requested Slew Rate value.                                       ; Critical ; No Slew Rate assignments found.                                          ; I/O                 ;                   ;
; Inapplicable ; IO_000046 ; I/O Properties Checks for One I/O ; The location should support the requested Slew Rate value.                                           ; Critical ; No Slew Rate assignments found.                                          ; I/O                 ;                   ;
; Inapplicable ; IO_000047 ; I/O Properties Checks for One I/O ; On Chip Termination and Slew Rate should not be used at the same time.                               ; Critical ; No Slew Rate assignments found.                                          ; I/O                 ;                   ;
; Pass         ; IO_000033 ; Electromigration Checks           ; Current density for consecutive I/Os should not exceed 240mA for row I/Os and 240mA for column I/Os. ; Critical ; 0 such failures found.                                                   ; I/O                 ;                   ;
; Inapplicable ; IO_000034 ; SI Related Distance Checks        ; Single-ended outputs should be 5 LAB row(s) away from a differential I/O.                            ; High     ; No Differential I/O Standard assignments found.                          ; I/O                 ;                   ;
; Inapplicable ; IO_000042 ; SI Related SSO Limit Checks       ; No more than 20 outputs are allowed in a VREF group when VREF is being read from.                    ; High     ; No VREF I/O Standard assignments found.                                  ; I/O                 ;                   ;
; ----         ; ----      ; Disclaimer                        ; OCT rules are checked but not reported.                                                              ; None     ; ----                                                                     ; On Chip Termination ;                   ;
+--------------+-----------+-----------------------------------+------------------------------------------------------------------------------------------------------+----------+--------------------------------------------------------------------------+---------------------+-------------------+


+---------------------------------------------------------------------------------------------------------------------------------------------------------------------------------------------------------------------------------------------------------------------------------------------------------------------------------------------------------------------------------------------------------------------------------------------------------------------------+
; I/O Rules Matrix                                                                                                                                                                                                                                                                                                                                                                                                                                                          ;
+---------------------+--------------+--------------+--------------+--------------+--------------+-----------+--------------+--------------+-----------+-----------+--------------+--------------+--------------+--------------+--------------+--------------+--------------+--------------+--------------+--------------+--------------+--------------+--------------+--------------+--------------+--------------+--------------+-----------+--------------+--------------+
; Pin/Rules           ; IO_000001    ; IO_000002    ; IO_000003    ; IO_000004    ; IO_000005    ; IO_000006 ; IO_000007    ; IO_000008    ; IO_000009 ; IO_000010 ; IO_000011    ; IO_000012    ; IO_000013    ; IO_000014    ; IO_000015    ; IO_000018    ; IO_000019    ; IO_000020    ; IO_000021    ; IO_000022    ; IO_000023    ; IO_000024    ; IO_000026    ; IO_000027    ; IO_000045    ; IO_000046    ; IO_000047    ; IO_000033 ; IO_000034    ; IO_000042    ;
+---------------------+--------------+--------------+--------------+--------------+--------------+-----------+--------------+--------------+-----------+-----------+--------------+--------------+--------------+--------------+--------------+--------------+--------------+--------------+--------------+--------------+--------------+--------------+--------------+--------------+--------------+--------------+--------------+-----------+--------------+--------------+
; Total Pass          ; 10           ; 0            ; 10           ; 0            ; 0            ; 25        ; 10           ; 0            ; 25        ; 25        ; 0            ; 19           ; 0            ; 0            ; 2            ; 0            ; 19           ; 2            ; 0            ; 0            ; 0            ; 19           ; 0            ; 0            ; 0            ; 0            ; 0            ; 25        ; 0            ; 0            ;
; Total Unchecked     ; 0            ; 0            ; 0            ; 0            ; 0            ; 0         ; 0            ; 0            ; 0         ; 0         ; 0            ; 0            ; 0            ; 0            ; 0            ; 0            ; 0            ; 0            ; 0            ; 0            ; 0            ; 0            ; 0            ; 0            ; 0            ; 0            ; 0            ; 0         ; 0            ; 0            ;
; Total Inapplicable  ; 15           ; 25           ; 15           ; 25           ; 25           ; 0         ; 15           ; 25           ; 0         ; 0         ; 25           ; 6            ; 25           ; 25           ; 23           ; 25           ; 6            ; 23           ; 25           ; 25           ; 25           ; 6            ; 25           ; 25           ; 25           ; 25           ; 25           ; 0         ; 25           ; 25           ;
; Total Fail          ; 0            ; 0            ; 0            ; 0            ; 0            ; 0         ; 0            ; 0            ; 0         ; 0         ; 0            ; 0            ; 0            ; 0            ; 0            ; 0            ; 0            ; 0            ; 0            ; 0            ; 0            ; 0            ; 0            ; 0            ; 0            ; 0            ; 0            ; 0         ; 0            ; 0            ;
; LEDG[0]             ; Pass         ; Inapplicable ; Pass         ; Inapplicable ; Inapplicable ; Pass      ; Pass         ; Inapplicable ; Pass      ; Pass      ; Inapplicable ; Pass         ; Inapplicable ; Inapplicable ; Inapplicable ; Inapplicable ; Pass         ; Inapplicable ; Inapplicable ; Inapplicable ; Inapplicable ; Pass         ; Inapplicable ; Inapplicable ; Inapplicable ; Inapplicable ; Inapplicable ; Pass      ; Inapplicable ; Inapplicable ;
; LEDG[1]             ; Pass         ; Inapplicable ; Pass         ; Inapplicable ; Inapplicable ; Pass      ; Pass         ; Inapplicable ; Pass      ; Pass      ; Inapplicable ; Pass         ; Inapplicable ; Inapplicable ; Inapplicable ; Inapplicable ; Pass         ; Inapplicable ; Inapplicable ; Inapplicable ; Inapplicable ; Pass         ; Inapplicable ; Inapplicable ; Inapplicable ; Inapplicable ; Inapplicable ; Pass      ; Inapplicable ; Inapplicable ;
; LEDG[2]             ; Pass         ; Inapplicable ; Pass         ; Inapplicable ; Inapplicable ; Pass      ; Pass         ; Inapplicable ; Pass      ; Pass      ; Inapplicable ; Pass         ; Inapplicable ; Inapplicable ; Inapplicable ; Inapplicable ; Pass         ; Inapplicable ; Inapplicable ; Inapplicable ; Inapplicable ; Pass         ; Inapplicable ; Inapplicable ; Inapplicable ; Inapplicable ; Inapplicable ; Pass      ; Inapplicable ; Inapplicable ;
; LEDG[3]             ; Pass         ; Inapplicable ; Pass         ; Inapplicable ; Inapplicable ; Pass      ; Pass         ; Inapplicable ; Pass      ; Pass      ; Inapplicable ; Pass         ; Inapplicable ; Inapplicable ; Inapplicable ; Inapplicable ; Pass         ; Inapplicable ; Inapplicable ; Inapplicable ; Inapplicable ; Pass         ; Inapplicable ; Inapplicable ; Inapplicable ; Inapplicable ; Inapplicable ; Pass      ; Inapplicable ; Inapplicable ;
; LEDG[4]             ; Inapplicable ; Inapplicable ; Inapplicable ; Inapplicable ; Inapplicable ; Pass      ; Inapplicable ; Inapplicable ; Pass      ; Pass      ; Inapplicable ; Pass         ; Inapplicable ; Inapplicable ; Inapplicable ; Inapplicable ; Pass         ; Inapplicable ; Inapplicable ; Inapplicable ; Inapplicable ; Pass         ; Inapplicable ; Inapplicable ; Inapplicable ; Inapplicable ; Inapplicable ; Pass      ; Inapplicable ; Inapplicable ;
; LEDG[5]             ; Inapplicable ; Inapplicable ; Inapplicable ; Inapplicable ; Inapplicable ; Pass      ; Inapplicable ; Inapplicable ; Pass      ; Pass      ; Inapplicable ; Pass         ; Inapplicable ; Inapplicable ; Inapplicable ; Inapplicable ; Pass         ; Inapplicable ; Inapplicable ; Inapplicable ; Inapplicable ; Pass         ; Inapplicable ; Inapplicable ; Inapplicable ; Inapplicable ; Inapplicable ; Pass      ; Inapplicable ; Inapplicable ;
; LEDG[6]             ; Inapplicable ; Inapplicable ; Inapplicable ; Inapplicable ; Inapplicable ; Pass      ; Inapplicable ; Inapplicable ; Pass      ; Pass      ; Inapplicable ; Pass         ; Inapplicable ; Inapplicable ; Inapplicable ; Inapplicable ; Pass         ; Inapplicable ; Inapplicable ; Inapplicable ; Inapplicable ; Pass         ; Inapplicable ; Inapplicable ; Inapplicable ; Inapplicable ; Inapplicable ; Pass      ; Inapplicable ; Inapplicable ;
; LEDG[7]             ; Inapplicable ; Inapplicable ; Inapplicable ; Inapplicable ; Inapplicable ; Pass      ; Inapplicable ; Inapplicable ; Pass      ; Pass      ; Inapplicable ; Pass         ; Inapplicable ; Inapplicable ; Inapplicable ; Inapplicable ; Pass         ; Inapplicable ; Inapplicable ; Inapplicable ; Inapplicable ; Pass         ; Inapplicable ; Inapplicable ; Inapplicable ; Inapplicable ; Inapplicable ; Pass      ; Inapplicable ; Inapplicable ;
; RESET_ADC[0]        ; Pass         ; Inapplicable ; Pass         ; Inapplicable ; Inapplicable ; Pass      ; Pass         ; Inapplicable ; Pass      ; Pass      ; Inapplicable ; Pass         ; Inapplicable ; Inapplicable ; Inapplicable ; Inapplicable ; Pass         ; Inapplicable ; Inapplicable ; Inapplicable ; Inapplicable ; Pass         ; Inapplicable ; Inapplicable ; Inapplicable ; Inapplicable ; Inapplicable ; Pass      ; Inapplicable ; Inapplicable ;
; RESET_ADC[1]        ; Inapplicable ; Inapplicable ; Inapplicable ; Inapplicable ; Inapplicable ; Pass      ; Inapplicable ; Inapplicable ; Pass      ; Pass      ; Inapplicable ; Pass         ; Inapplicable ; Inapplicable ; Inapplicable ; Inapplicable ; Pass         ; Inapplicable ; Inapplicable ; Inapplicable ; Inapplicable ; Pass         ; Inapplicable ; Inapplicable ; Inapplicable ; Inapplicable ; Inapplicable ; Pass      ; Inapplicable ; Inapplicable ;
; RESET_ADC[2]        ; Inapplicable ; Inapplicable ; Inapplicable ; Inapplicable ; Inapplicable ; Pass      ; Inapplicable ; Inapplicable ; Pass      ; Pass      ; Inapplicable ; Pass         ; Inapplicable ; Inapplicable ; Inapplicable ; Inapplicable ; Pass         ; Inapplicable ; Inapplicable ; Inapplicable ; Inapplicable ; Pass         ; Inapplicable ; Inapplicable ; Inapplicable ; Inapplicable ; Inapplicable ; Pass      ; Inapplicable ; Inapplicable ;
; RESET_ADC[3]        ; Inapplicable ; Inapplicable ; Inapplicable ; Inapplicable ; Inapplicable ; Pass      ; Inapplicable ; Inapplicable ; Pass      ; Pass      ; Inapplicable ; Pass         ; Inapplicable ; Inapplicable ; Inapplicable ; Inapplicable ; Pass         ; Inapplicable ; Inapplicable ; Inapplicable ; Inapplicable ; Pass         ; Inapplicable ; Inapplicable ; Inapplicable ; Inapplicable ; Inapplicable ; Pass      ; Inapplicable ; Inapplicable ;
; RESET_ADC[4]        ; Inapplicable ; Inapplicable ; Inapplicable ; Inapplicable ; Inapplicable ; Pass      ; Inapplicable ; Inapplicable ; Pass      ; Pass      ; Inapplicable ; Pass         ; Inapplicable ; Inapplicable ; Inapplicable ; Inapplicable ; Pass         ; Inapplicable ; Inapplicable ; Inapplicable ; Inapplicable ; Pass         ; Inapplicable ; Inapplicable ; Inapplicable ; Inapplicable ; Inapplicable ; Pass      ; Inapplicable ; Inapplicable ;
; RESET_ADC[5]        ; Inapplicable ; Inapplicable ; Inapplicable ; Inapplicable ; Inapplicable ; Pass      ; Inapplicable ; Inapplicable ; Pass      ; Pass      ; Inapplicable ; Pass         ; Inapplicable ; Inapplicable ; Inapplicable ; Inapplicable ; Pass         ; Inapplicable ; Inapplicable ; Inapplicable ; Inapplicable ; Pass         ; Inapplicable ; Inapplicable ; Inapplicable ; Inapplicable ; Inapplicable ; Pass      ; Inapplicable ; Inapplicable ;
; RESET_ADC[6]        ; Inapplicable ; Inapplicable ; Inapplicable ; Inapplicable ; Inapplicable ; Pass      ; Inapplicable ; Inapplicable ; Pass      ; Pass      ; Inapplicable ; Pass         ; Inapplicable ; Inapplicable ; Inapplicable ; Inapplicable ; Pass         ; Inapplicable ; Inapplicable ; Inapplicable ; Inapplicable ; Pass         ; Inapplicable ; Inapplicable ; Inapplicable ; Inapplicable ; Inapplicable ; Pass      ; Inapplicable ; Inapplicable ;
; RESET_ADC[7]        ; Inapplicable ; Inapplicable ; Inapplicable ; Inapplicable ; Inapplicable ; Pass      ; Inapplicable ; Inapplicable ; Pass      ; Pass      ; Inapplicable ; Pass         ; Inapplicable ; Inapplicable ; Inapplicable ; Inapplicable ; Pass         ; Inapplicable ; Inapplicable ; Inapplicable ; Inapplicable ; Pass         ; Inapplicable ; Inapplicable ; Inapplicable ; Inapplicable ; Inapplicable ; Pass      ; Inapplicable ; Inapplicable ;
; SPI_MOSI            ; Pass         ; Inapplicable ; Pass         ; Inapplicable ; Inapplicable ; Pass      ; Pass         ; Inapplicable ; Pass      ; Pass      ; Inapplicable ; Pass         ; Inapplicable ; Inapplicable ; Inapplicable ; Inapplicable ; Pass         ; Inapplicable ; Inapplicable ; Inapplicable ; Inapplicable ; Pass         ; Inapplicable ; Inapplicable ; Inapplicable ; Inapplicable ; Inapplicable ; Pass      ; Inapplicable ; Inapplicable ;
; SPI_CLOCK           ; Pass         ; Inapplicable ; Pass         ; Inapplicable ; Inapplicable ; Pass      ; Pass         ; Inapplicable ; Pass      ; Pass      ; Inapplicable ; Pass         ; Inapplicable ; Inapplicable ; Inapplicable ; Inapplicable ; Pass         ; Inapplicable ; Inapplicable ; Inapplicable ; Inapplicable ; Pass         ; Inapplicable ; Inapplicable ; Inapplicable ; Inapplicable ; Inapplicable ; Pass      ; Inapplicable ; Inapplicable ;
; SPI_SS              ; Pass         ; Inapplicable ; Pass         ; Inapplicable ; Inapplicable ; Pass      ; Pass         ; Inapplicable ; Pass      ; Pass      ; Inapplicable ; Pass         ; Inapplicable ; Inapplicable ; Inapplicable ; Inapplicable ; Pass         ; Inapplicable ; Inapplicable ; Inapplicable ; Inapplicable ; Pass         ; Inapplicable ; Inapplicable ; Inapplicable ; Inapplicable ; Inapplicable ; Pass      ; Inapplicable ; Inapplicable ;
; CLOCK_50            ; Pass         ; Inapplicable ; Pass         ; Inapplicable ; Inapplicable ; Pass      ; Pass         ; Inapplicable ; Pass      ; Pass      ; Inapplicable ; Inapplicable ; Inapplicable ; Inapplicable ; Pass         ; Inapplicable ; Inapplicable ; Pass         ; Inapplicable ; Inapplicable ; Inapplicable ; Inapplicable ; Inapplicable ; Inapplicable ; Inapplicable ; Inapplicable ; Inapplicable ; Pass      ; Inapplicable ; Inapplicable ;
; SPI_MISO            ; Pass         ; Inapplicable ; Pass         ; Inapplicable ; Inapplicable ; Pass      ; Pass         ; Inapplicable ; Pass      ; Pass      ; Inapplicable ; Inapplicable ; Inapplicable ; Inapplicable ; Pass         ; Inapplicable ; Inapplicable ; Pass         ; Inapplicable ; Inapplicable ; Inapplicable ; Inapplicable ; Inapplicable ; Inapplicable ; Inapplicable ; Inapplicable ; Inapplicable ; Pass      ; Inapplicable ; Inapplicable ;
; altera_reserved_tms ; Inapplicable ; Inapplicable ; Inapplicable ; Inapplicable ; Inapplicable ; Pass      ; Inapplicable ; Inapplicable ; Pass      ; Pass      ; Inapplicable ; Inapplicable ; Inapplicable ; Inapplicable ; Inapplicable ; Inapplicable ; Inapplicable ; Inapplicable ; Inapplicable ; Inapplicable ; Inapplicable ; Inapplicable ; Inapplicable ; Inapplicable ; Inapplicable ; Inapplicable ; Inapplicable ; Pass      ; Inapplicable ; Inapplicable ;
; altera_reserved_tck ; Inapplicable ; Inapplicable ; Inapplicable ; Inapplicable ; Inapplicable ; Pass      ; Inapplicable ; Inapplicable ; Pass      ; Pass      ; Inapplicable ; Inapplicable ; Inapplicable ; Inapplicable ; Inapplicable ; Inapplicable ; Inapplicable ; Inapplicable ; Inapplicable ; Inapplicable ; Inapplicable ; Inapplicable ; Inapplicable ; Inapplicable ; Inapplicable ; Inapplicable ; Inapplicable ; Pass      ; Inapplicable ; Inapplicable ;
; altera_reserved_tdi ; Inapplicable ; Inapplicable ; Inapplicable ; Inapplicable ; Inapplicable ; Pass      ; Inapplicable ; Inapplicable ; Pass      ; Pass      ; Inapplicable ; Inapplicable ; Inapplicable ; Inapplicable ; Inapplicable ; Inapplicable ; Inapplicable ; Inapplicable ; Inapplicable ; Inapplicable ; Inapplicable ; Inapplicable ; Inapplicable ; Inapplicable ; Inapplicable ; Inapplicable ; Inapplicable ; Pass      ; Inapplicable ; Inapplicable ;
; altera_reserved_tdo ; Inapplicable ; Inapplicable ; Inapplicable ; Inapplicable ; Inapplicable ; Pass      ; Inapplicable ; Inapplicable ; Pass      ; Pass      ; Inapplicable ; Inapplicable ; Inapplicable ; Inapplicable ; Inapplicable ; Inapplicable ; Inapplicable ; Inapplicable ; Inapplicable ; Inapplicable ; Inapplicable ; Inapplicable ; Inapplicable ; Inapplicable ; Inapplicable ; Inapplicable ; Inapplicable ; Pass      ; Inapplicable ; Inapplicable ;
+---------------------+--------------+--------------+--------------+--------------+--------------+-----------+--------------+--------------+-----------+-----------+--------------+--------------+--------------+--------------+--------------+--------------+--------------+--------------+--------------+--------------+--------------+--------------+--------------+--------------+--------------+--------------+--------------+-----------+--------------+--------------+


+---------------------------------------------------------------------------------------------+
; Fitter Device Options                                                                       ;
+------------------------------------------------------------------+--------------------------+
; Option                                                           ; Setting                  ;
+------------------------------------------------------------------+--------------------------+
; Enable user-supplied start-up clock (CLKUSR)                     ; Off                      ;
; Enable device-wide reset (DEV_CLRn)                              ; Off                      ;
; Enable device-wide output enable (DEV_OE)                        ; Off                      ;
; Enable INIT_DONE output                                          ; Off                      ;
; Configuration scheme                                             ; Active Serial            ;
; Error detection CRC                                              ; Off                      ;
; Enable open drain on CRC_ERROR pin                               ; Off                      ;
; Enable input tri-state on active configuration pins in user mode ; Off                      ;
; Configuration Voltage Level                                      ; Auto                     ;
; Force Configuration Voltage Level                                ; Off                      ;
; nCEO                                                             ; As output driving ground ;
; Data[0]                                                          ; As input tri-stated      ;
; Data[1]/ASDO                                                     ; As input tri-stated      ;
; Data[7..2]                                                       ; Unreserved               ;
; FLASH_nCE/nCSO                                                   ; As input tri-stated      ;
; Other Active Parallel pins                                       ; Unreserved               ;
; DCLK                                                             ; As output driving ground ;
+------------------------------------------------------------------+--------------------------+


+------------------------------------+
; Operating Settings and Conditions  ;
+---------------------------+--------+
; Setting                   ; Value  ;
+---------------------------+--------+
; Nominal Core Voltage      ; 1.20 V ;
; Low Junction Temperature  ; -40 °C ;
; High Junction Temperature ; 100 °C ;
+---------------------------+--------+


+-----------------+
; Fitter Messages ;
+-----------------+
Warning (18236): Number of processors has not been specified which may cause overloading on shared machines.  Set the global assignment NUM_PARALLEL_PROCESSORS in your QSF to an appropriate value for best performance.
Info (20030): Parallel compilation is enabled and will use 4 of the 4 processors detected
Info (119006): Selected device 10CL025YU256I7G for design "My_First_NIOS_II"
Info (21077): Low junction temperature is -40 degrees C
Info (21077): High junction temperature is 100 degrees C
Info (171003): Fitter is performing an Auto Fit compilation, which may decrease Fitter effort to reduce compilation time
Warning (292013): Feature LogicLock is only available with a valid subscription license. You can purchase a software subscription to gain full access to this feature.
Info (176444): Device migration not selected. If you intend to use device migration later, you may need to change the pin assignments as they may be incompatible with other devices
    Info (176445): Device 10CL006YU256A7G is compatible
    Info (176445): Device 10CL006YU256I7G is compatible
    Info (176445): Device 10CL010YU256A7G is compatible
    Info (176445): Device 10CL010YU256I7G is compatible
    Info (176445): Device 10CL016YU256A7G is compatible
    Info (176445): Device 10CL016YU256I7G is compatible
    Info (176445): Device 10CL025YU256A7G is compatible
Info (169124): Fitter converted 5 user pins into dedicated programming pins
    Info (169125): Pin ~ALTERA_ASDO_DATA1~ is reserved at location C1
    Info (169125): Pin ~ALTERA_FLASH_nCE_nCSO~ is reserved at location D2
    Info (169125): Pin ~ALTERA_DCLK~ is reserved at location H1
    Info (169125): Pin ~ALTERA_DATA0~ is reserved at location H2
    Info (169125): Pin ~ALTERA_nCEO~ is reserved at location F16
Warning (15714): Some pins have incomplete I/O assignments. Refer to the I/O Assignment Warnings report for details
Info (176045): Design uses memory blocks. Violating setup or hold times of memory block address registers for either read or write operations could cause memory contents to be corrupted. Make sure that all memory block address registers meet the setup and hold time requirements.
Critical Warning (169085): No exact pin location assignment(s) for 11 pins of 21 total pins. For the list of pins please refer to the I/O Assignment Warnings table in the fitter report.
Info (332164): Evaluating HDL-embedded SDC commands
    Info (332165): Entity alt_jtag_atlantic
        Info (332166): set_false_path -from [get_registers {*|alt_jtag_atlantic:*|jupdate}] -to [get_registers {*|alt_jtag_atlantic:*|jupdate1*}] 
        Info (332166): set_false_path -from [get_registers {*|alt_jtag_atlantic:*|rdata[*]}] -to [get_registers {*|alt_jtag_atlantic*|td_shift[*]}]
        Info (332166): set_false_path -from [get_registers {*|alt_jtag_atlantic:*|rdata[*]}] -to [get_registers {*|alt_jtag_atlantic*|td_shift[*]}]
        Info (332166): set_false_path -from [get_registers {*|alt_jtag_atlantic:*|rdata[*]}] -to [get_registers {*|alt_jtag_atlantic*|td_shift[*]}]
        Info (332166): set_false_path -from [get_registers {*|alt_jtag_atlantic:*|rdata[*]}] -to [get_registers {*|alt_jtag_atlantic*|td_shift[*]}]
        Info (332166): set_false_path -from [get_registers {*|alt_jtag_atlantic:*|rdata[*]}] -to [get_registers {*|alt_jtag_atlantic*|td_shift[*]}]
        Info (332166): set_false_path -from [get_registers {*|alt_jtag_atlantic:*|rdata[*]}] -to [get_registers {*|alt_jtag_atlantic*|td_shift[*]}]
        Info (332166): set_false_path -from [get_registers {*|alt_jtag_atlantic:*|rdata[*]}] -to [get_registers {*|alt_jtag_atlantic*|td_shift[*]}]
        Info (332166): set_false_path -from [get_registers {*|alt_jtag_atlantic:*|rdata[*]}] -to [get_registers {*|alt_jtag_atlantic*|td_shift[*]}]
        Info (332166): set_false_path -from [get_registers {*|alt_jtag_atlantic:*|read}] -to [get_registers {*|alt_jtag_atlantic:*|read1*}] 
        Info (332166): set_false_path -from [get_registers {*|alt_jtag_atlantic:*|read_req}]
        Info (332166): set_false_path -from [get_registers {*|alt_jtag_atlantic:*|rvalid}] -to [get_registers {*|alt_jtag_atlantic*|td_shift[*]}]
        Info (332166): set_false_path -from [get_registers {*|t_dav}] -to [get_registers {*|alt_jtag_atlantic:*|tck_t_dav}]
        Info (332166): set_false_path -from [get_registers {*|alt_jtag_atlantic:*|user_saw_rvalid}] -to [get_registers {*|alt_jtag_atlantic:*|rvalid0*}]
        Info (332166): set_false_path -from [get_registers {*|alt_jtag_atlantic:*|wdata[*]}] -to [get_registers {*}]
        Info (332166): set_false_path -from [get_registers {*|alt_jtag_atlantic:*|wdata[*]}] -to [get_registers {*}]
        Info (332166): set_false_path -from [get_registers {*|alt_jtag_atlantic:*|wdata[*]}] -to [get_registers {*}]
        Info (332166): set_false_path -from [get_registers {*|alt_jtag_atlantic:*|wdata[*]}] -to [get_registers {*}]
        Info (332166): set_false_path -from [get_registers {*|alt_jtag_atlantic:*|wdata[*]}] -to [get_registers {*}]
        Info (332166): set_false_path -from [get_registers {*|alt_jtag_atlantic:*|wdata[*]}] -to [get_registers {*}]
        Info (332166): set_false_path -from [get_registers {*|alt_jtag_atlantic:*|wdata[*]}] -to [get_registers {*}]
        Info (332166): set_false_path -from [get_registers {*|alt_jtag_atlantic:*|wdata[*]}] -to [get_registers {*}]
        Info (332166): set_false_path -from [get_registers {*|alt_jtag_atlantic:*|write}] -to [get_registers {*|alt_jtag_atlantic:*|write1*}] 
        Info (332166): set_false_path -from [get_registers {*|alt_jtag_atlantic:*|write_stalled}] -to [get_registers {*|alt_jtag_atlantic:*|t_ena*}]
        Info (332166): set_false_path -from [get_registers {*|alt_jtag_atlantic:*|write_stalled}] -to [get_registers {*|alt_jtag_atlantic:*|t_pause*}]
        Info (332166): set_false_path -from [get_registers {*|alt_jtag_atlantic:*|write_valid}]
    Info (332165): Entity altera_std_synchronizer
        Info (332166): set_false_path -to [get_keepers {*altera_std_synchronizer:*|din_s1}]
    Info (332165): Entity sld_hub
        Info (332166): create_clock -name altera_reserved_tck [get_ports {altera_reserved_tck}] -period 10MHz   
        Info (332166): set_clock_groups -asynchronous -group {altera_reserved_tck}
Info (332104): Reading SDC File: 'My_First_NIOS_II_Platform_Designer/synthesis/submodules/altera_reset_controller.sdc'
Info (332104): Reading SDC File: 'My_First_NIOS_II_Platform_Designer/synthesis/submodules/My_First_NIOS_II_Platform_Designer_HelloNios_cpu.sdc'
Warning (332060): Node: CLOCK_50 was determined to be a clock but was found without an associated clock assignment.
    Info (13166): Register My_First_NIOS_II_Platform_Designer:u0|My_First_NIOS_II_Platform_Designer_HelloNios:hellonios|My_First_NIOS_II_Platform_Designer_HelloNios_cpu:cpu|My_First_NIOS_II_Platform_Designer_HelloNios_cpu_nios2_oci:the_My_First_NIOS_II_Platform_Designer_HelloNios_cpu_nios2_oci|My_First_NIOS_II_Platform_Designer_HelloNios_cpu_nios2_oci_debug:the_My_First_NIOS_II_Platform_Designer_HelloNios_cpu_nios2_oci_debug|monitor_ready is being clocked by CLOCK_50
Critical Warning (332168): The following clock transfers have no clock uncertainty assignment. For more accurate results, apply clock uncertainty assignments or use the derive_clock_uncertainty command.
    Critical Warning (332169): From altera_reserved_tck (Rise) to altera_reserved_tck (Rise) (setup and hold)
    Critical Warning (332169): From altera_reserved_tck (Rise) to altera_reserved_tck (Fall) (setup and hold)
    Critical Warning (332169): From altera_reserved_tck (Fall) to altera_reserved_tck (Fall) (setup and hold)
Info (332129): Detected timing requirements -- optimizing circuit to achieve only the specified requirements
Info (332111): Found 1 clocks
    Info (332111):   Period   Clock Name
    Info (332111): ======== ============
    Info (332111):  100.000 altera_reserved_tck
Info (176353): Automatically promoted node CLOCK_50~input (placed in PIN E1 (CLK1, DIFFCLK_0n)) File: C:/Users/guan-ming.dennis-won/Documents/Code/Workspace/Workspace/Cyclone_10_LP/NIOS_II/My_First_NIOS_II.v Line: 4
    Info (176355): Automatically promoted destinations to use location or clock signal Global Clock CLKCTRL_G2
Info (176353): Automatically promoted node altera_internal_jtag~TCKUTAP 
    Info (176355): Automatically promoted destinations to use location or clock signal Global Clock
Info (176353): Automatically promoted node My_First_NIOS_II_Platform_Designer:u0|altera_reset_controller:rst_controller|r_sync_rst  File: C:/Users/guan-ming.dennis-won/Documents/Code/Workspace/Workspace/Cyclone_10_LP/NIOS_II/My_First_NIOS_II_Platform_Designer/synthesis/submodules/altera_reset_controller.v Line: 288
    Info (176355): Automatically promoted destinations to use location or clock signal Global Clock
    Info (176356): Following destination nodes may be non-global or may not use global or regional clocks
        Info (176357): Destination node My_First_NIOS_II_Platform_Designer:u0|altera_reset_controller:rst_controller|WideOr0~0 File: C:/Users/guan-ming.dennis-won/Documents/Code/Workspace/Workspace/Cyclone_10_LP/NIOS_II/My_First_NIOS_II_Platform_Designer/synthesis/submodules/altera_reset_controller.v Line: 290
        Info (176357): Destination node My_First_NIOS_II_Platform_Designer:u0|My_First_NIOS_II_Platform_Designer_HelloNios:hellonios|My_First_NIOS_II_Platform_Designer_HelloNios_cpu:cpu|W_rf_wren File: C:/Users/guan-ming.dennis-won/Documents/Code/Workspace/Workspace/Cyclone_10_LP/NIOS_II/My_First_NIOS_II_Platform_Designer/synthesis/submodules/My_First_NIOS_II_Platform_Designer_HelloNios_cpu.v Line: 3451
        Info (176357): Destination node My_First_NIOS_II_Platform_Designer:u0|My_First_NIOS_II_Platform_Designer_HelloNios:hellonios|My_First_NIOS_II_Platform_Designer_HelloNios_cpu:cpu|My_First_NIOS_II_Platform_Designer_HelloNios_cpu_nios2_oci:the_My_First_NIOS_II_Platform_Designer_HelloNios_cpu_nios2_oci|My_First_NIOS_II_Platform_Designer_HelloNios_cpu_nios2_oci_debug:the_My_First_NIOS_II_Platform_Designer_HelloNios_cpu_nios2_oci_debug|altera_std_synchronizer:the_altera_std_synchronizer|din_s1 File: c:/intelfpga_lite/18.1/quartus/libraries/megafunctions/altera_std_synchronizer.v Line: 45
Info (176353): Automatically promoted node sld_signaltap:auto_signaltap_0|sld_signaltap_impl:sld_signaltap_body|sld_signaltap_implb:sld_signaltap_body|reset_all  File: c:/intelfpga_lite/18.1/quartus/libraries/megafunctions/sld_signaltap_impl.vhd Line: 882
    Info (176355): Automatically promoted destinations to use location or clock signal Global Clock
    Info (176356): Following destination nodes may be non-global or may not use global or regional clocks
        Info (176357): Destination node sld_signaltap:auto_signaltap_0|sld_signaltap_impl:sld_signaltap_body|sld_signaltap_implb:sld_signaltap_body|sld_buffer_manager:sld_buffer_manager_inst|last_buffer_write_address_sig[0]~0 File: c:/intelfpga_lite/18.1/quartus/libraries/megafunctions/sld_buffer_manager.vhd Line: 356
        Info (176357): Destination node sld_signaltap:auto_signaltap_0|sld_signaltap_impl:sld_signaltap_body|sld_signaltap_implb:sld_signaltap_body|sld_offload_buffer_mgr:\stp_non_zero_depth_offload_gen:stp_offload_buff_mgr_inst|acq_buf_read_reset~0 File: c:/intelfpga_lite/18.1/quartus/libraries/megafunctions/sld_buffer_manager.vhd Line: 638
        Info (176357): Destination node sld_signaltap:auto_signaltap_0|sld_signaltap_impl:sld_signaltap_body|sld_signaltap_implb:sld_signaltap_body|sld_offload_buffer_mgr:\stp_non_zero_depth_offload_gen:stp_offload_buff_mgr_inst|acq_buf_read_reset File: c:/intelfpga_lite/18.1/quartus/libraries/megafunctions/sld_buffer_manager.vhd Line: 638
Info (176353): Automatically promoted node My_First_NIOS_II_Platform_Designer:u0|My_First_NIOS_II_Platform_Designer_HelloNios:hellonios|My_First_NIOS_II_Platform_Designer_HelloNios_cpu:cpu|My_First_NIOS_II_Platform_Designer_HelloNios_cpu_nios2_oci:the_My_First_NIOS_II_Platform_Designer_HelloNios_cpu_nios2_oci|My_First_NIOS_II_Platform_Designer_HelloNios_cpu_nios2_oci_debug:the_My_First_NIOS_II_Platform_Designer_HelloNios_cpu_nios2_oci_debug|resetrequest  File: C:/Users/guan-ming.dennis-won/Documents/Code/Workspace/Workspace/Cyclone_10_LP/NIOS_II/My_First_NIOS_II_Platform_Designer/synthesis/submodules/My_First_NIOS_II_Platform_Designer_HelloNios_cpu.v Line: 186
    Info (176355): Automatically promoted destinations to use location or clock signal Global Clock
Info (176233): Starting register packing
Info (176235): Finished register packing
    Extra Info (176218): Packed 8 registers into blocks of type Block RAM
Info (176214): Statistics of I/O pins that need to be placed that use the same VCCIO and VREF, before I/O pin placement
    Info (176211): Number of I/O pins in group: 11 (unused VREF, 2.5V VCCIO, 0 input, 11 output, 0 bidirectional)
        Info (176212): I/O standards used: 2.5 V.
Info (176215): I/O bank details before I/O pin placement
    Info (176214): Statistics of I/O banks
        Info (176213): I/O bank number 1 does not use VREF pins and has undetermined VCCIO pins. 9 total pin(s) used --  7 pins available
        Info (176213): I/O bank number 2 does not use VREF pins and has undetermined VCCIO pins. 0 total pin(s) used --  16 pins available
        Info (176213): I/O bank number 3 does not use VREF pins and has undetermined VCCIO pins. 0 total pin(s) used --  25 pins available
        Info (176213): I/O bank number 4 does not use VREF pins and has undetermined VCCIO pins. 0 total pin(s) used --  20 pins available
        Info (176213): I/O bank number 5 does not use VREF pins and has 2.5V VCCIO pins. 9 total pin(s) used --  9 pins available
        Info (176213): I/O bank number 6 does not use VREF pins and has undetermined VCCIO pins. 1 total pin(s) used --  12 pins available
        Info (176213): I/O bank number 7 does not use VREF pins and has undetermined VCCIO pins. 0 total pin(s) used --  24 pins available
        Info (176213): I/O bank number 8 does not use VREF pins and has undetermined VCCIO pins. 0 total pin(s) used --  23 pins available
Warning (15705): Ignored locations or region assignments to the following nodes
    Warning (15706): Node "RESET" is assigned to location or region, but does not exist in design
Info (171121): Fitter preparation operations ending: elapsed time is 00:00:03
Info (14896): Fitter has disabled Advanced Physical Optimization because it is not supported for the current family.
Info (170189): Fitter placement preparation operations beginning
Info (170190): Fitter placement preparation operations ending: elapsed time is 00:00:01
Info (170191): Fitter placement operations beginning
Info (170137): Fitter placement was successful
Info (170192): Fitter placement operations ending: elapsed time is 00:00:02
Info (170193): Fitter routing operations beginning
Info (170195): Router estimated average interconnect usage is 3% of the available device resources
    Info (170196): Router estimated peak interconnect usage is 16% of the available device resources in the region that extends from location X21_Y11 to location X31_Y22
Info (170199): The Fitter performed an Auto Fit compilation.  Optimizations were skipped to reduce compilation time.
    Info (170201): Optimizations that may affect the design's routability were skipped
    Info (170200): Optimizations that may affect the design's timing were skipped
Info (170194): Fitter routing operations ending: elapsed time is 00:00:02
Info (11888): Total time spent on timing analysis during the Fitter is 1.00 seconds.
Info (334003): Started post-fitting delay annotation
Info (334004): Delay annotation completed successfully
Info (334003): Started post-fitting delay annotation
Info (334004): Delay annotation completed successfully
Info (11218): Fitter post-fit operations ending: elapsed time is 00:00:02
Warning (171167): Found invalid Fitter assignments. See the Ignored Assignments panel in the Fitter Compilation Report for more information.
Warning (169177): 1 pins must meet Intel FPGA requirements for 3.3-, 3.0-, and 2.5-V interfaces. For more information, refer to AN 447: Interfacing Cyclone 10 LP Devices with 3.3/3.0/2.5-V LVTTL/LVCMOS I/O Systems.
    Info (169178): Pin CLOCK_50 uses I/O standard 3.3-V LVTTL at E1 File: C:/Users/guan-ming.dennis-won/Documents/Code/Workspace/Workspace/Cyclone_10_LP/NIOS_II/My_First_NIOS_II.v Line: 4
Info (144001): Generated suppressed messages file C:/Users/guan-ming.dennis-won/Documents/Code/Workspace/Workspace/Cyclone_10_LP/NIOS_II/output_files/My_First_NIOS_II.fit.smsg
Info: Quartus Prime Fitter was successful. 0 errors, 13 warnings
    Info: Peak virtual memory: 5480 megabytes
    Info: Processing ended: Fri Mar 07 15:35:09 2025
    Info: Elapsed time: 00:00:19
    Info: Total CPU time (on all processors): 00:00:10


+----------------------------+
; Fitter Suppressed Messages ;
+----------------------------+
The suppressed messages can be found in C:/Users/guan-ming.dennis-won/Documents/Code/Workspace/Workspace/Cyclone_10_LP/NIOS_II/output_files/My_First_NIOS_II.fit.smsg.


